customer_id,company_name,industry,company_size,employees,state,city,customer_since,acquisition_channel,service_type,contract_type,payment_method
C00001,Empresa 0001,Indústria,Média,511,Rj,Rio De Janeiro,2022-02-21,Site,Consultoria,Mensal,Transferência
C00002,Empresa 0002,Tecnologia,Pequena,486,Sp,Santos,2022-03-03,Parceiro,Consultoria,Mensal,Transferência
C00003,Empresa 0003,Financeiro,Média,23,Pr,Curitiba,2024-07-08,Linkedin,Tecnologia,Anual,Boleto
C00004,Empresa 0004,Tecnologia,Pequena,788,Pr,Curitiba,2023-11-21,Evento,Tecnologia,Anual,Pix
C00005,Empresa 0005,Tecnologia,Média,171,Pe,Jaboatão Dos Guararapes,2025-01-03,Parceiro,Tecnologia,Mensal,Pix
C00006,Empresa 0006,Varejo,Média,173,Sp,São Paulo,2025-09-16,Indicação,Gestão,Anual,Transferência
C00007,Empresa 0007,Saúde,Média,439,Rs,Caxias Do Sul,2022-11-30,Indicação,Dados,Mensal,Boleto
C00008,Empresa 0008,Saúde,Grande,1150,Pe,Recife,2024-02-17,Evento,Consultoria,Mensal,Pix
C00009,Empresa 0009,Saúde,Pequena,442,Rs,Caxias Do Sul,2024-04-01,Site,Gestão,Anual,Transferência
C00010,Empresa 0010,Varejo,Pequena,1159,Mg,Uberlândia,2023-06-27,Parceiro,Gestão,Anual,Cartão
C00011,Empresa 0011,Financeiro,Média,196,Pr,Curitiba,2022-10-11,Indicação,Dados,Mensal,Transferência
C00012,Empresa 0012,Educação,Média,968,Es,Vila Velha,2022-05-11,Parceiro,Consultoria,Mensal,Cartão
C00013,Empresa 0013,Saúde,Média,333,Rs,Caxias Do Sul,2022-08-17,Indicação,Tecnologia,Mensal,Pix
C00014,Empresa 0014,Financeiro,Grande,417,Sc,Florianópolis,2025-08-01,Evento,Dados,Mensal,Cartão
C00015,Empresa 0015,Tecnologia,Média,639,Pe,Não Informado,2022-02-09,Indicação,Dados,Mensal,Pix
C00016,Empresa 0016,Serviços,Grande,267,Pe,Recife,2022-05-22,Linkedin,Dados,Anual,Transferência
C00017,Empresa 0017,Serviços,Grande,421,Pr,Londrina,2025-01-09,Linkedin,Tecnologia,Anual,Transferência
C00018,Empresa 0018,Varejo,Pequena,702,Rj,Rio De Janeiro,2023-05-23,Parceiro,Dados,Mensal,Pix
C00019,Empresa 0019,Indústria,Pequena,478,Rj,Rio De Janeiro,2025-12-20,Indicação,Tecnologia,Mensal,Boleto
C00020,Empresa 0020,Educação,Pequena,1114,Sc,Florianópolis,2025-10-02,Parceiro,Gestão,Mensal,Transferência
C00021,Empresa 0021,Tecnologia,Pequena,892,Ba,Feira De Santana,2023-01-25,Linkedin,Gestão,Anual,Pix
C00022,Empresa 0022,Educação,Grande,704,Rj,Rio De Janeiro,2022-05-05,Site,Dados,Mensal,Transferência
C00023,Empresa 0023,Varejo,Média,957,Mg,Belo Horizonte,2024-05-14,Indicação,Gestão,Mensal,Pix
C00024,Empresa 0024,Tecnologia,Pequena,350,Go,Anápolis,2022-01-31,Linkedin,Não Informado,Mensal,Transferência
C00025,Empresa 0025,Educação,Pequena,809,Sp,Campinas,2022-12-04,Linkedin,Tecnologia,Anual,Transferência
C00026,Empresa 0026,Saúde,Pequena,129,Mg,Belo Horizonte,2023-01-24,Evento,Consultoria,Mensal,Transferência
C00027,Empresa 0027,Varejo,Pequena,1050,Go,Goiânia,2024-12-23,Site,Consultoria,Mensal,Boleto
C00028,Empresa 0028,Financeiro,Pequena,1195,Ba,Salvador,2022-09-03,Parceiro,Consultoria,Anual,Cartão
C00029,Empresa 0029,Indústria,Grande,653,Sc,Florianópolis,2023-02-23,Evento,Gestão,Mensal,Cartão
C00030,Empresa 0030,Serviços,Pequena,29,Pe,Jaboatão Dos Guararapes,2023-10-10,Parceiro,Consultoria,Mensal,Boleto
C00031,Empresa 0031,Varejo,Média,150,Go,Goiânia,2023-06-28,Evento,Tecnologia,Mensal,Transferência
C00032,Empresa 0032,Saúde,Grande,1093,Go,Goiânia,2025-12-11,Parceiro,Tecnologia,Mensal,Boleto
C00033,Empresa 0033,Tecnologia,Grande,1143,Sc,Florianópolis,2022-08-25,Evento,Tecnologia,Mensal,Cartão
C00034,Empresa 0034,Indústria,Média,1045,Pr,Londrina,2025-11-08,Evento,Consultoria,Mensal,Transferência
C00035,Empresa 0035,Tecnologia,Média,277,Sc,Joinville,2022-04-01,Site,Gestão,Anual,Pix
C00036,Empresa 0036,Indústria,Pequena,1127,Rj,Rio De Janeiro,2022-06-04,Evento,Dados,Anual,Boleto
C00037,Empresa 0037,Saúde,Pequena,742,Sp,São Paulo,2023-09-24,Site,Consultoria,Anual,Transferência
C00038,Empresa 0038,Varejo,Pequena,372,Es,Vila Velha,2022-11-13,Indicação,Dados,Anual,Transferência
C00039,Empresa 0039,Varejo,Grande,231,Pr,Londrina,2023-07-01,Indicação,Gestão,Mensal,Boleto
C00040,Empresa 0040,Saúde,Pequena,466,Pe,Recife,2023-12-18,Site,Gestão,Anual,Cartão
C00041,Empresa 0041,Saúde,Grande,1053,Rj,Niterói,2023-07-26,Parceiro,Tecnologia,Mensal,Pix
C00042,Empresa 0042,Financeiro,Média,88,Sc,Florianópolis,2023-01-01,Parceiro,Gestão,Anual,Cartão
C00043,Empresa 0043,Financeiro,Pequena,798,Ba,Salvador,2025-05-26,Evento,Consultoria,Não Informado,Pix
C00044,Empresa 0044,Indústria,Grande,413,Go,Anápolis,2025-01-07,Linkedin,Consultoria,Anual,Cartão
C00045,Empresa 0045,Financeiro,Média,846,Rj,Não Informado,2023-09-08,Linkedin,Tecnologia,Mensal,Boleto
C00046,Empresa 0046,Educação,Grande,366,Ba,Feira De Santana,2025-09-23,Linkedin,Consultoria,Anual,Cartão
C00047,Empresa 0047,Serviços,Grande,669,Pr,Londrina,2024-05-30,Linkedin,Gestão,Mensal,Transferência
C00048,Empresa 0048,Tecnologia,Média,1065,Mg,Uberlândia,2025-09-11,Indicação,Dados,Anual,Boleto
C00049,Empresa 0049,Tecnologia,Pequena,511,Pr,Londrina,2022-10-29,Parceiro,Consultoria,Anual,Transferência
C00050,Empresa 0050,Indústria,Grande,796,Es,Vila Velha,2023-02-03,Linkedin,Dados,Mensal,Pix
C00051,Empresa 0051,Varejo,Pequena,1070,Rj,Niterói,2024-05-20,Indicação,Dados,Mensal,Transferência
C00052,Empresa 0052,Indústria,Grande,1154,Mg,Uberlândia,2024-08-09,Linkedin,Gestão,Anual,Boleto
C00053,Empresa 0053,Saúde,Pequena,577,Pe,Não Informado,2024-07-10,Site,Tecnologia,Anual,Pix
C00054,Empresa 0054,Tecnologia,Média,664,Sc,Florianópolis,2023-04-26,Site,Dados,Mensal,Transferência
C00055,Empresa 0055,Varejo,Pequena,859,Mg,Uberlândia,2025-12-17,Evento,Gestão,Anual,Pix
C00056,Empresa 0056,Educação,Grande,50,Pr,Londrina,2024-05-10,Linkedin,Consultoria,Anual,Cartão
C00057,Empresa 0057,Financeiro,Grande,1128,Ba,Salvador,2024-05-08,Linkedin,Dados,Anual,Transferência
C00058,Empresa 0058,Educação,Média,838,Pe,Recife,2022-03-01,Linkedin,Dados,Mensal,Não Informado
C00059,Empresa 0059,Indústria,Pequena,181,Es,Vila Velha,2025-03-01,Site,Gestão,Mensal,Pix
C00060,Empresa 0060,Saúde,Pequena,941,Sc,Joinville,2024-02-16,Evento,Gestão,Anual,Transferência
C00061,Empresa 0061,Educação,Pequena,1114,Sc,Florianópolis,2022-06-17,Evento,Dados,Mensal,Pix
C00062,Empresa 0062,Varejo,Pequena,322,Sp,São Paulo,2023-05-22,Site,Gestão,Mensal,Boleto
C00063,Empresa 0063,Saúde,Média,353,Pe,Recife,2025-12-03,Site,Tecnologia,Mensal,Pix
C00064,Empresa 0064,Indústria,Média,822,Sc,Não Informado,2025-03-25,Indicação,Dados,Mensal,Cartão
C00065,Empresa 0065,Serviços,Grande,94,Es,Vila Velha,2022-09-05,Parceiro,Gestão,Anual,Pix
C00066,Empresa 0066,Saúde,Pequena,870,Go,Anápolis,2025-08-19,Indicação,Gestão,Anual,Transferência
C00067,Empresa 0067,Varejo,Grande,1078,Mg,Uberlândia,2024-06-10,Parceiro,Gestão,Anual,Transferência
C00068,Empresa 0068,Saúde,Pequena,187,Es,Vila Velha,2023-07-04,Linkedin,Dados,Anual,Transferência
C00069,Empresa 0069,Educação,Média,382,Rs,Caxias Do Sul,2022-02-28,Site,Tecnologia,Anual,Cartão
C00070,Empresa 0070,Indústria,Média,1148,Sc,Florianópolis,2025-05-05,Parceiro,Dados,Mensal,Boleto
C00071,Empresa 0071,Financeiro,Pequena,985,Ba,Feira De Santana,2024-09-27,Linkedin,Consultoria,Mensal,Cartão
C00072,Empresa 0072,Indústria,Pequena,637,Pr,Londrina,2024-04-08,Linkedin,Tecnologia,Não Informado,Cartão
C00073,Empresa 0073,Educação,Média,637,Rs,Caxias Do Sul,2025-12-10,Site,Consultoria,Mensal,Cartão
C00074,Empresa 0074,Serviços,Grande,389,Rj,Rio De Janeiro,2025-01-02,Site,Gestão,Anual,Cartão
C00075,Empresa 0075,Saúde,Pequena,749,Rj,Rio De Janeiro,2023-02-02,Evento,Consultoria,Mensal,Cartão
C00076,Empresa 0076,Financeiro,Média,268,Sp,Santos,2022-04-22,Linkedin,Consultoria,Mensal,Cartão
C00077,Empresa 0077,Educação,Média,387,Pe,Recife,2024-09-07,Evento,Gestão,Mensal,Pix
C00078,Empresa 0078,Tecnologia,Grande,119,Ba,Salvador,2024-10-04,Site,Tecnologia,Mensal,Boleto
C00079,Empresa 0079,Serviços,Média,472,Rj,Niterói,2025-02-16,Linkedin,Gestão,Anual,Transferência
C00080,Empresa 0080,Financeiro,Pequena,213,Sc,Florianópolis,2025-03-10,Site,Consultoria,Mensal,Boleto
C00081,Empresa 0081,Financeiro,Pequena,330,Pr,Curitiba,2022-12-22,Linkedin,Gestão,Anual,Cartão
C00082,Empresa 0082,Saúde,Grande,589,Sp,Santos,2023-04-20,Linkedin,Consultoria,Mensal,Cartão
C00083,Empresa 0083,Serviços,Pequena,880,Es,Vitória,2025-09-16,Parceiro,Dados,Mensal,Cartão
C00084,Empresa 0084,Tecnologia,Pequena,639,Mg,Uberlândia,2022-05-27,Linkedin,Consultoria,Anual,Cartão
C00085,Empresa 0085,Financeiro,Grande,1021,Ba,Feira De Santana,2023-07-12,Indicação,Consultoria,Anual,Cartão
C00086,Empresa 0086,Tecnologia,Pequena,478,Es,Vitória,2023-05-28,Evento,Consultoria,Mensal,Transferência
C00087,Empresa 0087,Educação,Média,381,Go,Anápolis,2025-08-27,Linkedin,Consultoria,Anual,Cartão
C00088,Empresa 0088,Saúde,Grande,224,Ba,Salvador,2023-11-14,Evento,Gestão,Anual,Cartão
C00089,Empresa 0089,Tecnologia,Média,190,Ba,Feira De Santana,2025-01-31,Evento,Tecnologia,Não Informado,Transferência
C00090,Empresa 0090,Indústria,Grande,956,Go,Anápolis,2022-01-03,Indicação,Dados,Anual,Transferência
C00091,Empresa 0091,Varejo,Média,1134,Pe,Recife,2022-04-16,Evento,Gestão,Anual,Pix
C00092,Empresa 0092,Financeiro,Pequena,334,Sp,Campinas,2025-07-14,Parceiro,Consultoria,Anual,Pix
C00093,Empresa 0093,Educação,Pequena,325,Pr,Londrina,2022-08-21,Evento,Tecnologia,Anual,Transferência
C00094,Empresa 0094,Educação,Grande,306,Pe,Jaboatão Dos Guararapes,2023-05-15,Site,Dados,Mensal,Pix
C00095,Empresa 0095,Serviços,Grande,557,Ba,Salvador,2023-11-28,Evento,Tecnologia,Anual,Boleto
C00096,Empresa 0096,Educação,Média,690,Pe,Jaboatão Dos Guararapes,2025-01-08,Linkedin,Tecnologia,Mensal,Boleto
C00097,Empresa 0097,Varejo,Média,99,Es,Vila Velha,2024-02-24,Linkedin,Gestão,Anual,Boleto
C00098,Empresa 0098,Varejo,Grande,689,Pe,Recife,2022-03-17,Linkedin,Consultoria,Anual,Pix
C00099,Empresa 0099,Serviços,Grande,326,Mg,Belo Horizonte,2024-04-19,Linkedin,Tecnologia,Anual,Transferência
C00100,Empresa 0100,Serviços,Grande,1102,Rj,Niterói,2023-11-04,Evento,Gestão,Mensal,Pix
C00101,Empresa 0101,Indústria,Média,475,Pr,Curitiba,2025-07-16,Linkedin,Consultoria,Mensal,Transferência
C00102,Empresa 0102,Saúde,Pequena,104,Mg,Uberlândia,2025-11-22,Indicação,Tecnologia,Anual,Cartão
C00103,Empresa 0103,Varejo,Grande,853,Ba,Salvador,2022-10-26,Site,Dados,Mensal,Transferência
C00104,Empresa 0104,Varejo,Média,303,Es,Vitória,2025-10-31,Linkedin,Tecnologia,Anual,Cartão
C00105,Empresa 0105,Saúde,Grande,1129,Sp,São Paulo,2024-08-10,Indicação,Gestão,Anual,Cartão
C00106,Empresa 0106,Saúde,Média,628,Ba,Salvador,2025-11-14,Linkedin,Gestão,Mensal,Boleto
C00107,Empresa 0107,Saúde,Grande,615,Ba,Feira De Santana,2025-03-17,Indicação,Gestão,Anual,Pix
C00108,Empresa 0108,Serviços,Grande,110,Es,Vila Velha,2025-11-05,Evento,Dados,Anual,Boleto
C00109,Empresa 0109,Saúde,Grande,290,Pr,Curitiba,2025-06-25,Indicação,Tecnologia,Anual,Pix
C00110,Empresa 0110,Indústria,Pequena,194,Es,Vila Velha,2024-01-18,Evento,Gestão,Mensal,Boleto
C00111,Empresa 0111,Saúde,Grande,1037,Mg,Uberlândia,2025-01-09,Site,Tecnologia,Anual,Cartão
C00112,Empresa 0112,Educação,Pequena,298,Rs,Porto Alegre,2022-08-24,Linkedin,Tecnologia,Mensal,Transferência
C00113,Empresa 0113,Financeiro,Pequena,941,Sp,Campinas,2023-06-26,Evento,Gestão,Anual,Pix
C00114,Empresa 0114,Tecnologia,Grande,1159,Pr,Londrina,2024-08-23,Parceiro,Dados,Mensal,Transferência
C00115,Empresa 0115,Educação,Pequena,296,Sc,Florianópolis,2025-08-22,Indicação,Tecnologia,Anual,Pix
C00116,Empresa 0116,Financeiro,Pequena,805,Rj,Niterói,2023-04-26,Evento,Gestão,Mensal,Transferência
C00117,Empresa 0117,Financeiro,Média,582,Rj,Rio De Janeiro,2024-09-29,Evento,Dados,Anual,Transferência
C00118,Empresa 0118,Tecnologia,Grande,762,Pr,Londrina,2024-01-13,Indicação,Gestão,Anual,Boleto
C00119,Empresa 0119,Tecnologia,Grande,444,Rj,Rio De Janeiro,2024-07-20,Indicação,Tecnologia,Mensal,Boleto
C00120,Empresa 0120,Tecnologia,Grande,434,Es,Vitória,2023-02-25,Site,Tecnologia,Mensal,Pix
C00121,Empresa 0121,Varejo,Grande,523,Sc,Florianópolis,2022-10-24,Indicação,Consultoria,Mensal,Pix
C00122,Empresa 0122,Financeiro,Média,42,Rs,Porto Alegre,2023-05-03,Evento,Consultoria,Mensal,Transferência
C00123,Empresa 0123,Indústria,Pequena,985,Go,Anápolis,2022-08-21,Evento,Consultoria,Anual,Boleto
C00124,Empresa 0124,Tecnologia,Grande,1077,Es,Vila Velha,2022-03-30,Linkedin,Consultoria,Mensal,Transferência
C00125,Empresa 0125,Indústria,Pequena,1014,Ba,Feira De Santana,2024-05-23,Indicação,Consultoria,Anual,Boleto
C00126,Empresa 0126,Saúde,Grande,1133,Rj,Niterói,2022-09-16,Linkedin,Tecnologia,Anual,Transferência
C00127,Empresa 0127,Tecnologia,Grande,1139,Rj,Rio De Janeiro,2025-12-08,Linkedin,Gestão,Mensal,Transferência
C00128,Empresa 0128,Educação,Média,204,Rs,Caxias Do Sul,2024-07-17,Linkedin,Tecnologia,Anual,Cartão
C00129,Empresa 0129,Educação,Pequena,196,Mg,Belo Horizonte,2025-11-07,Indicação,Gestão,Mensal,Cartão
C00130,Empresa 0130,Tecnologia,Grande,1160,Mg,Uberlândia,2025-02-13,Indicação,Gestão,Anual,Transferência
C00131,Empresa 0131,Financeiro,Média,730,Sp,São Paulo,2023-08-13,Parceiro,Dados,Mensal,Transferência
C00132,Empresa 0132,Saúde,Grande,762,Pr,Curitiba,2022-08-10,Evento,Dados,Anual,Pix
C00133,Empresa 0133,Serviços,Grande,557,Es,Vitória,2025-09-09,Site,Tecnologia,Anual,Cartão
C00134,Empresa 0134,Varejo,Pequena,1169,Rs,Caxias Do Sul,2022-01-13,Indicação,Dados,Mensal,Pix
C00135,Empresa 0135,Educação,Média,939,Go,Anápolis,2023-03-17,Site,Tecnologia,Anual,Cartão
C00136,Empresa 0136,Tecnologia,Pequena,328,Es,Vitória,2025-05-06,Parceiro,Consultoria,Mensal,Cartão
C00137,Empresa 0137,Educação,Média,915,Pe,Jaboatão Dos Guararapes,2025-09-17,Evento,Dados,Mensal,Cartão
C00138,Empresa 0138,Saúde,Grande,1006,Ba,Feira De Santana,2022-08-16,Indicação,Dados,Anual,Pix
C00139,Empresa 0139,Saúde,Pequena,291,Sp,Campinas,2023-02-23,Evento,Tecnologia,Mensal,Pix
C00140,Empresa 0140,Varejo,Pequena,788,Pe,Recife,2024-05-31,Parceiro,Tecnologia,Mensal,Transferência
C00141,Empresa 0141,Tecnologia,Média,169,Sp,Campinas,2024-06-12,Parceiro,Consultoria,Anual,Transferência
C00142,Empresa 0142,Educação,Pequena,675,Sc,Florianópolis,2022-08-24,Parceiro,Gestão,Anual,Pix
C00143,Empresa 0143,Varejo,Média,830,Ba,Salvador,2022-08-05,Linkedin,Tecnologia,Anual,Boleto
C00144,Empresa 0144,Tecnologia,Grande,243,Rs,Porto Alegre,2022-12-11,Evento,Tecnologia,Mensal,Boleto
C00145,Empresa 0145,Saúde,Pequena,365,Rj,Rio De Janeiro,2022-10-27,Indicação,Dados,Anual,Transferência
C00146,Empresa 0146,Educação,Grande,1166,Es,Vila Velha,2025-04-01,Evento,Dados,Anual,Pix
C00147,Empresa 0147,Indústria,Média,572,Pe,Recife,2024-06-24,Evento,Consultoria,Anual,Transferência
C00148,Empresa 0148,Tecnologia,Média,597,Pe,Recife,2022-03-19,Indicação,Gestão,Anual,Pix
C00149,Empresa 0149,Indústria,Pequena,668,Pe,Jaboatão Dos Guararapes,2025-03-16,Parceiro,Dados,Mensal,Transferência
C00150,Empresa 0150,Indústria,Pequena,1043,Rj,Rio De Janeiro,2023-12-05,Indicação,Dados,Anual,Transferência
C00151,Empresa 0151,Financeiro,Pequena,755,Go,Anápolis,2024-12-06,Evento,Gestão,Anual,Cartão
C00152,Empresa 0152,Serviços,Grande,695,Es,Vitória,2022-04-18,Evento,Consultoria,Anual,Cartão
C00153,Empresa 0153,Financeiro,Pequena,692,Sc,Florianópolis,2025-09-06,Parceiro,Dados,Anual,Cartão
C00154,Empresa 0154,Financeiro,Grande,183,Ba,Feira De Santana,2022-09-22,Parceiro,Gestão,Anual,Boleto
C00155,Empresa 0155,Indústria,Grande,877,Go,Anápolis,2022-07-11,Indicação,Tecnologia,Anual,Boleto
C00156,Empresa 0156,Serviços,Média,403,Pr,Curitiba,2023-12-01,Site,Dados,Mensal,Cartão
C00157,Empresa 0157,Serviços,Grande,1088,Rj,Rio De Janeiro,2024-11-05,Evento,Dados,Anual,Boleto
C00158,Empresa 0158,Serviços,Grande,349,Mg,Uberlândia,2023-01-06,Indicação,Gestão,Anual,Boleto
C00159,Empresa 0159,Saúde,Grande,929,Pe,Recife,2025-06-04,Parceiro,Dados,Anual,Transferência
C00160,Empresa 0160,Indústria,Grande,912,Pr,Londrina,2024-01-24,Evento,Gestão,Anual,Boleto
C00161,Empresa 0161,Varejo,Média,116,Pr,Londrina,2025-05-23,Evento,Consultoria,Mensal,Cartão
C00162,Empresa 0162,Saúde,Média,1061,Rj,Rio De Janeiro,2022-11-25,Linkedin,Consultoria,Mensal,Transferência
C00163,Empresa 0163,Educação,Pequena,821,Rs,Caxias Do Sul,2022-02-24,Site,Gestão,Mensal,Cartão
C00164,Empresa 0164,Saúde,Pequena,696,Pr,Curitiba,2022-02-27,Site,Consultoria,Anual,Transferência
C00165,Empresa 0165,Educação,Média,20,Mg,Belo Horizonte,2025-12-15,Indicação,Tecnologia,Mensal,Boleto
C00166,Empresa 0166,Financeiro,Média,237,Go,Anápolis,2025-05-31,Site,Tecnologia,Mensal,Pix
C00167,Empresa 0167,Indústria,Grande,946,Pr,Curitiba,2024-05-09,Indicação,Gestão,Mensal,Boleto
C00168,Empresa 0168,Educação,Pequena,732,Mg,Belo Horizonte,2023-08-20,Parceiro,Gestão,Mensal,Pix
C00169,Empresa 0169,Tecnologia,Grande,1124,Go,Goiânia,2024-01-09,Linkedin,Gestão,Mensal,Transferência
C00170,Empresa 0170,Tecnologia,Pequena,741,Rs,Porto Alegre,2023-06-04,Evento,Dados,Mensal,Cartão
C00171,Empresa 0171,Saúde,Grande,703,Mg,Belo Horizonte,2022-04-01,Linkedin,Gestão,Mensal,Boleto
C00172,Empresa 0172,Tecnologia,Média,422,Rj,Rio De Janeiro,2024-07-26,Site,Consultoria,Anual,Cartão
C00173,Empresa 0173,Serviços,Grande,979,Go,Anápolis,2024-03-26,Indicação,Dados,Anual,Cartão
C00174,Empresa 0174,Saúde,Média,264,Sp,Campinas,2025-09-04,Linkedin,Gestão,Anual,Transferência
C00175,Empresa 0175,Educação,Grande,1028,Rs,Caxias Do Sul,2023-01-18,Parceiro,Tecnologia,Mensal,Transferência
C00176,Empresa 0176,Financeiro,Pequena,1127,Rj,Niterói,2024-05-31,Evento,Consultoria,Mensal,Cartão
C00177,Empresa 0177,Educação,Grande,882,Sc,Florianópolis,2023-09-20,Linkedin,Tecnologia,Anual,Pix
C00178,Empresa 0178,Educação,Média,127,Rs,Porto Alegre,2025-06-13,Linkedin,Tecnologia,Mensal,Pix
C00179,Empresa 0179,Indústria,Média,81,Mg,Belo Horizonte,2025-05-29,Indicação,Dados,Anual,Cartão
C00180,Empresa 0180,Tecnologia,Grande,324,Ba,Feira De Santana,2025-03-07,Evento,Tecnologia,Anual,Pix
C00181,Empresa 0181,Financeiro,Média,825,Es,Vila Velha,2022-10-09,Evento,Dados,Mensal,Pix
C00182,Empresa 0182,Financeiro,Média,1160,Mg,Belo Horizonte,2024-10-19,Evento,Tecnologia,Anual,Boleto
C00183,Empresa 0183,Indústria,Média,419,Es,Vitória,2023-08-08,Site,Consultoria,Anual,Não Informado
C00184,Empresa 0184,Serviços,Grande,664,Pe,Jaboatão Dos Guararapes,2022-06-29,Indicação,Tecnologia,Anual,Boleto
C00185,Empresa 0185,Financeiro,Pequena,258,Mg,Belo Horizonte,2024-01-11,Site,Dados,Anual,Pix
C00186,Empresa 0186,Financeiro,Média,967,Rs,Porto Alegre,2025-02-08,Parceiro,Consultoria,Mensal,Cartão
C00187,Empresa 0187,Financeiro,Média,848,Ba,Salvador,2024-09-07,Site,Tecnologia,Mensal,Transferência
C00188,Empresa 0188,Financeiro,Média,272,Pe,Recife,2025-10-24,Site,Gestão,Mensal,Pix
C00189,Empresa 0189,Saúde,Pequena,341,Go,Anápolis,2022-11-10,Site,Tecnologia,Anual,Pix
C00190,Empresa 0190,Indústria,Grande,572,Sc,Florianópolis,2023-02-07,Evento,Consultoria,Mensal,Boleto
C00191,Empresa 0191,Financeiro,Grande,701,Mg,Belo Horizonte,2025-09-11,Indicação,Consultoria,Mensal,Cartão
C00192,Empresa 0192,Educação,Grande,72,Pr,Londrina,2025-03-17,Parceiro,Tecnologia,Anual,Transferência
C00193,Empresa 0193,Educação,Média,938,Pr,Curitiba,2025-11-03,Indicação,Dados,Anual,Transferência
C00194,Empresa 0194,Varejo,Média,304,Pe,Jaboatão Dos Guararapes,2024-08-09,Evento,Tecnologia,Anual,Boleto
C00195,Empresa 0195,Financeiro,Pequena,663,Rs,Não Informado,2024-11-20,Linkedin,Consultoria,Anual,Transferência
C00196,Empresa 0196,Tecnologia,Pequena,604,Pr,Londrina,2022-10-16,Parceiro,Gestão,Mensal,Boleto
C00197,Empresa 0197,Indústria,Média,398,Rs,Porto Alegre,2025-03-29,Linkedin,Gestão,Anual,Cartão
C00198,Empresa 0198,Tecnologia,Média,1045,Pe,Jaboatão Dos Guararapes,2022-02-17,Site,Dados,Anual,Pix
C00199,Empresa 0199,Educação,Grande,973,Sp,Campinas,2023-07-31,Parceiro,Consultoria,Mensal,Transferência
C00200,Empresa 0200,Indústria,Média,835,Mg,Uberlândia,2023-06-26,Indicação,Gestão,Mensal,Boleto
C00201,Empresa 0201,Saúde,Pequena,801,Rs,Caxias Do Sul,2025-02-07,Parceiro,Tecnologia,Mensal,Boleto
C00202,Empresa 0202,Saúde,Média,1152,Rj,Niterói,2024-03-17,Site,Dados,Anual,Pix
C00203,Empresa 0203,Varejo,Grande,692,Sp,Campinas,2022-03-21,Parceiro,Gestão,Mensal,Boleto
C00204,Empresa 0204,Saúde,Pequena,814,Rs,Caxias Do Sul,2025-06-09,Parceiro,Tecnologia,Anual,Cartão
C00205,Empresa 0205,Saúde,Média,234,Pe,Jaboatão Dos Guararapes,2022-02-04,Parceiro,Tecnologia,Mensal,Transferência
C00206,Empresa 0206,Serviços,Grande,1192,Sc,Florianópolis,2025-09-04,Indicação,Gestão,Mensal,Transferência
C00207,Empresa 0207,Varejo,Pequena,1182,Mg,Belo Horizonte,2025-10-26,Site,Consultoria,Anual,Cartão
C00208,Empresa 0208,Educação,Grande,427,Ba,Feira De Santana,2022-11-07,Parceiro,Gestão,Mensal,Boleto
C00209,Empresa 0209,Financeiro,Média,989,Go,Anápolis,2023-03-01,Evento,Dados,Anual,Cartão
C00210,Empresa 0210,Indústria,Grande,551,Go,Anápolis,2023-12-27,Site,Dados,Anual,Cartão
C00211,Empresa 0211,Serviços,Média,434,Pr,Londrina,2023-09-02,Evento,Gestão,Anual,Cartão
C00212,Empresa 0212,Financeiro,Grande,1122,Sc,Joinville,2022-09-07,Linkedin,Tecnologia,Mensal,Cartão
C00213,Empresa 0213,Indústria,Pequena,719,Sp,Campinas,2023-08-13,Evento,Gestão,Mensal,Boleto
C00214,Empresa 0214,Financeiro,Grande,566,Go,Goiânia,2023-07-10,Indicação,Dados,Mensal,Pix
C00215,Empresa 0215,Indústria,Pequena,117,Go,Goiânia,2023-04-08,Linkedin,Tecnologia,Anual,Pix
C00216,Empresa 0216,Financeiro,Pequena,843,Mg,Uberlândia,2022-01-11,Linkedin,Dados,Anual,Cartão
C00217,Empresa 0217,Tecnologia,Pequena,1185,Sc,Florianópolis,2025-08-15,Parceiro,Consultoria,Mensal,Transferência
C00218,Empresa 0218,Serviços,Média,1024,Mg,Belo Horizonte,2022-03-16,Evento,Consultoria,Mensal,Cartão
C00219,Empresa 0219,Tecnologia,Média,592,Es,Vila Velha,2025-05-19,Parceiro,Gestão,Mensal,Transferência
C00220,Empresa 0220,Serviços,Pequena,687,Sc,Florianópolis,2023-01-30,Linkedin,Tecnologia,Mensal,Pix
C00221,Empresa 0221,Financeiro,Grande,405,Rs,Porto Alegre,2023-08-28,Parceiro,Gestão,Anual,Cartão
C00222,Empresa 0222,Indústria,Pequena,388,Rj,Rio De Janeiro,2024-03-31,Linkedin,Tecnologia,Mensal,Pix
C00223,Empresa 0223,Varejo,Média,556,Sc,Joinville,2024-02-25,Evento,Consultoria,Anual,Cartão
C00224,Empresa 0224,Indústria,Pequena,963,Pr,Londrina,2022-05-08,Site,Gestão,Anual,Pix
C00225,Empresa 0225,Financeiro,Pequena,458,Sc,Florianópolis,2024-01-23,Linkedin,Dados,Anual,Cartão
C00226,Empresa 0226,Financeiro,Média,1110,Ba,Salvador,2025-12-08,Site,Consultoria,Anual,Cartão
C00227,Empresa 0227,Tecnologia,Pequena,1131,Rj,Rio De Janeiro,2025-03-01,Parceiro,Dados,Mensal,Cartão
C00228,Empresa 0228,Tecnologia,Grande,430,Go,Anápolis,2024-06-23,Indicação,Gestão,Mensal,Transferência
C00229,Empresa 0229,Educação,Média,1164,Mg,Belo Horizonte,2024-11-17,Parceiro,Não Informado,Anual,Pix
C00230,Empresa 0230,Serviços,Pequena,456,Ba,Salvador,2023-06-06,Indicação,Gestão,Anual,Pix
C00231,Empresa 0231,Tecnologia,Média,74,Go,Anápolis,2022-05-04,Linkedin,Dados,Mensal,Transferência
C00232,Empresa 0232,Educação,Média,779,Rs,Porto Alegre,2024-02-23,Parceiro,Dados,Anual,Pix
C00233,Empresa 0233,Educação,Grande,270,Mg,Belo Horizonte,2025-01-05,Indicação,Consultoria,Anual,Transferência
C00234,Empresa 0234,Financeiro,Média,480,Go,Goiânia,2024-05-18,Linkedin,Tecnologia,Mensal,Cartão
C00235,Empresa 0235,Tecnologia,Grande,868,Pr,Curitiba,2022-08-20,Site,Dados,Mensal,Pix
C00236,Empresa 0236,Educação,Grande,109,Es,Vitória,2022-03-10,Indicação,Gestão,Anual,Boleto
C00237,Empresa 0237,Serviços,Pequena,296,Go,Anápolis,2023-03-21,Site,Tecnologia,Anual,Boleto
C00238,Empresa 0238,Indústria,Grande,462,Sc,Joinville,2022-10-21,Evento,Tecnologia,Mensal,Boleto
C00239,Empresa 0239,Educação,Pequena,715,Ba,Feira De Santana,2025-02-12,Parceiro,Tecnologia,Anual,Transferência
C00240,Empresa 0240,Educação,Pequena,1111,Mg,Uberlândia,2023-09-07,Site,Dados,Anual,Boleto
C00241,Empresa 0241,Financeiro,Média,863,Pe,Recife,2022-04-29,Linkedin,Dados,Anual,Boleto
C00242,Empresa 0242,Tecnologia,Média,769,Rs,Porto Alegre,2025-08-17,Parceiro,Dados,Mensal,Cartão
C00243,Empresa 0243,Financeiro,Grande,90,Ba,Salvador,2025-10-11,Site,Dados,Anual,Boleto
C00244,Empresa 0244,Tecnologia,Pequena,399,Rs,Porto Alegre,2023-09-13,Linkedin,Dados,Mensal,Transferência
C00245,Empresa 0245,Saúde,Média,789,Pr,Londrina,2025-02-04,Parceiro,Tecnologia,Anual,Cartão
C00246,Empresa 0246,Educação,Média,211,Rs,Caxias Do Sul,2024-11-16,Evento,Dados,Anual,Cartão
C00247,Empresa 0247,Financeiro,Pequena,308,Ba,Salvador,2022-04-04,Evento,Gestão,Anual,Boleto
C00248,Empresa 0248,Varejo,Média,1176,Pr,Curitiba,2023-11-07,Linkedin,Consultoria,Anual,Transferência
C00249,Empresa 0249,Varejo,Grande,731,Pe,Recife,2024-08-01,Site,Gestão,Mensal,Pix
C00250,Empresa 0250,Serviços,Pequena,109,Go,Goiânia,2022-03-11,Linkedin,Dados,Mensal,Pix
C00251,Empresa 0251,Varejo,Grande,943,Mg,Uberlândia,2022-01-19,Indicação,Gestão,Anual,Pix
C00252,Empresa 0252,Financeiro,Média,34,Sp,Não Informado,2024-12-25,Parceiro,Tecnologia,Anual,Pix
C00253,Empresa 0253,Indústria,Média,377,Go,Goiânia,2025-11-30,Indicação,Dados,Mensal,Boleto
C00254,Empresa 0254,Saúde,Média,557,Es,Vila Velha,2024-12-14,Indicação,Tecnologia,Anual,Transferência
C00255,Empresa 0255,Indústria,Pequena,624,Es,Vitória,2023-05-14,Indicação,Consultoria,Anual,Transferência
C00256,Empresa 0256,Educação,Pequena,29,Ba,Salvador,2025-02-05,Indicação,Gestão,Anual,Cartão
C00257,Empresa 0257,Financeiro,Pequena,480,Es,Vitória,2022-07-15,Parceiro,Gestão,Anual,Pix
C00258,Empresa 0258,Saúde,Grande,1164,Rj,Rio De Janeiro,2025-11-02,Site,Tecnologia,Mensal,Boleto
C00259,Empresa 0259,Serviços,Grande,825,Es,Vitória,2022-10-23,Evento,Dados,Mensal,Transferência
C00260,Empresa 0260,Educação,Grande,296,Go,Goiânia,2023-11-11,Parceiro,Tecnologia,Mensal,Pix
C00261,Empresa 0261,Serviços,Pequena,707,Ba,Feira De Santana,2023-04-21,Evento,Consultoria,Anual,Não Informado
C00262,Empresa 0262,Saúde,Grande,778,Pe,Jaboatão Dos Guararapes,2023-04-13,Site,Gestão,Mensal,Cartão
C00263,Empresa 0263,Tecnologia,Média,325,Pr,Londrina,2022-05-31,Site,Gestão,Anual,Cartão
C00264,Empresa 0264,Tecnologia,Média,920,Rj,Niterói,2022-07-07,Evento,Consultoria,Mensal,Pix
C00265,Empresa 0265,Educação,Grande,1146,Mg,Uberlândia,2024-06-01,Indicação,Consultoria,Mensal,Cartão
C00266,Empresa 0266,Financeiro,Grande,674,Go,Anápolis,2022-07-10,Indicação,Tecnologia,Anual,Transferência
C00267,Empresa 0267,Varejo,Grande,1077,Rj,Rio De Janeiro,2025-02-19,Linkedin,Dados,Mensal,Cartão
C00268,Empresa 0268,Educação,Pequena,139,Sc,Florianópolis,2023-07-04,Linkedin,Tecnologia,Anual,Cartão
C00269,Empresa 0269,Saúde,Média,515,Pe,Jaboatão Dos Guararapes,2022-06-07,Parceiro,Dados,Anual,Pix
C00270,Empresa 0270,Tecnologia,Média,690,Mg,Uberlândia,2023-09-16,Evento,Gestão,Anual,Transferência
C00271,Empresa 0271,Saúde,Média,421,Es,Vila Velha,2022-10-06,Evento,Dados,Anual,Cartão
C00272,Empresa 0272,Indústria,Média,1189,Sc,Florianópolis,2025-11-24,Evento,Gestão,Anual,Transferência
C00273,Empresa 0273,Financeiro,Pequena,1127,Rs,Porto Alegre,2022-08-22,Parceiro,Consultoria,Anual,Boleto
C00274,Empresa 0274,Serviços,Grande,151,Pe,Jaboatão Dos Guararapes,2023-08-20,Linkedin,Dados,Anual,Boleto
C00275,Empresa 0275,Varejo,Grande,876,Sc,Joinville,2025-09-10,Indicação,Gestão,Anual,Transferência
C00276,Empresa 0276,Serviços,Grande,866,Go,Goiânia,2024-11-03,Evento,Consultoria,Mensal,Boleto
C00277,Empresa 0277,Indústria,Grande,100,Rs,Caxias Do Sul,2022-12-07,Evento,Gestão,Mensal,Pix
C00278,Empresa 0278,Varejo,Grande,1072,Rj,Rio De Janeiro,2023-06-14,Linkedin,Tecnologia,Anual,Transferência
C00279,Empresa 0279,Financeiro,Pequena,716,Es,Vitória,2025-11-15,Linkedin,Consultoria,Anual,Transferência
C00280,Empresa 0280,Serviços,Grande,300,Rj,Niterói,2022-08-26,Evento,Tecnologia,Anual,Boleto
C00281,Empresa 0281,Saúde,Média,209,Go,Anápolis,2024-09-16,Linkedin,Tecnologia,Mensal,Cartão
C00282,Empresa 0282,Tecnologia,Pequena,712,Sp,Santos,2025-12-26,Indicação,Dados,Mensal,Boleto
C00283,Empresa 0283,Saúde,Grande,883,Go,Anápolis,2022-11-24,Site,Gestão,Mensal,Boleto
C00284,Empresa 0284,Tecnologia,Grande,414,Ba,Feira De Santana,2024-03-21,Parceiro,Gestão,Anual,Pix
C00285,Empresa 0285,Saúde,Grande,138,Pr,Curitiba,2023-02-26,Parceiro,Dados,Anual,Cartão
C00286,Empresa 0286,Tecnologia,Média,1012,Pr,Londrina,2024-07-26,Parceiro,Gestão,Anual,Pix
C00287,Empresa 0287,Serviços,Média,363,Rs,Caxias Do Sul,2023-12-22,Parceiro,Consultoria,Mensal,Cartão
C00288,Empresa 0288,Saúde,Pequena,384,Rj,Niterói,2023-05-04,Site,Gestão,Anual,Boleto
C00289,Empresa 0289,Educação,Pequena,1006,Es,Vitória,2024-02-25,Parceiro,Dados,Anual,Cartão
C00290,Empresa 0290,Saúde,Média,119,Mg,Não Informado,2023-01-19,Indicação,Gestão,Mensal,Boleto
C00291,Empresa 0291,Financeiro,Grande,1023,Ba,Feira De Santana,2025-02-24,Linkedin,Gestão,Anual,Transferência
C00292,Empresa 0292,Financeiro,Pequena,461,Mg,Não Informado,2022-06-19,Indicação,Tecnologia,Mensal,Cartão
C00293,Empresa 0293,Financeiro,Grande,1024,Mg,Belo Horizonte,2024-07-25,Parceiro,Consultoria,Anual,Cartão
C00294,Empresa 0294,Serviços,Grande,913,Go,Goiânia,2022-03-27,Linkedin,Consultoria,Mensal,Cartão
C00295,Empresa 0295,Saúde,Média,188,Sp,Campinas,2024-07-10,Indicação,Dados,Mensal,Cartão
C00296,Empresa 0296,Educação,Pequena,295,Es,Vitória,2025-07-19,Site,Consultoria,Anual,Cartão
C00297,Empresa 0297,Varejo,Média,609,Es,Não Informado,2025-01-08,Parceiro,Tecnologia,Mensal,Boleto
C00298,Empresa 0298,Saúde,Grande,269,Ba,Salvador,2022-05-02,Site,Dados,Anual,Boleto
C00299,Empresa 0299,Varejo,Grande,560,Ba,Não Informado,2024-09-29,Linkedin,Gestão,Mensal,Pix
C00300,Empresa 0300,Indústria,Média,765,Ba,Feira De Santana,2024-11-21,Linkedin,Tecnologia,Mensal,Pix
C00301,Empresa 0301,Indústria,Grande,743,Pe,Recife,2025-07-24,Parceiro,Gestão,Mensal,Transferência
C00302,Empresa 0302,Saúde,Média,590,Pr,Londrina,2024-10-10,Parceiro,Dados,Anual,Cartão
C00303,Empresa 0303,Tecnologia,Grande,951,Sp,São Paulo,2022-04-05,Indicação,Dados,Anual,Transferência
C00304,Empresa 0304,Varejo,Grande,280,Sp,Santos,2024-05-26,Evento,Dados,Anual,Pix
C00305,Empresa 0305,Tecnologia,Média,348,Rs,Porto Alegre,2023-05-28,Linkedin,Tecnologia,Mensal,Transferência
C00306,Empresa 0306,Tecnologia,Pequena,447,Rj,Niterói,2025-12-12,Indicação,Dados,Não Informado,Transferência
C00307,Empresa 0307,Indústria,Média,256,Sp,Campinas,2022-01-17,Site,Gestão,Mensal,Boleto
C00308,Empresa 0308,Indústria,Pequena,221,Ba,Feira De Santana,2022-07-02,Evento,Tecnologia,Mensal,Transferência
C00309,Empresa 0309,Indústria,Pequena,150,Mg,Belo Horizonte,2025-08-06,Parceiro,Dados,Anual,Cartão
C00310,Empresa 0310,Indústria,Pequena,853,Pr,Londrina,2025-07-10,Site,Consultoria,Mensal,Boleto
C00311,Empresa 0311,Indústria,Média,729,Rj,Niterói,2025-04-22,Evento,Dados,Mensal,Cartão
C00312,Empresa 0312,Financeiro,Grande,593,Rj,Rio De Janeiro,2023-05-24,Evento,Dados,Mensal,Transferência
C00313,Empresa 0313,Tecnologia,Pequena,1023,Sc,Joinville,2025-08-16,Indicação,Dados,Anual,Pix
C00314,Empresa 0314,Saúde,Média,280,Go,Anápolis,2022-01-25,Parceiro,Gestão,Anual,Boleto
C00315,Empresa 0315,Tecnologia,Grande,148,Pe,Recife,2022-05-30,Evento,Dados,Mensal,Pix
C00316,Empresa 0316,Saúde,Grande,1036,Ba,Feira De Santana,2024-11-03,Linkedin,Gestão,Mensal,Boleto
C00317,Empresa 0317,Saúde,Pequena,1057,Sc,Florianópolis,2022-06-21,Site,Tecnologia,Anual,Pix
C00318,Empresa 0318,Educação,Grande,498,Sc,Florianópolis,2025-12-01,Site,Consultoria,Anual,Pix
C00319,Empresa 0319,Financeiro,Pequena,643,Pe,Recife,2025-06-07,Indicação,Consultoria,Mensal,Pix
C00320,Empresa 0320,Saúde,Grande,1069,Mg,Uberlândia,2024-10-13,Site,Tecnologia,Mensal,Cartão
C00321,Empresa 0321,Saúde,Média,567,Rj,Rio De Janeiro,2022-03-02,Evento,Consultoria,Anual,Transferência
C00322,Empresa 0322,Tecnologia,Média,1170,Go,Goiânia,2024-01-08,Evento,Dados,Anual,Pix
C00323,Empresa 0323,Indústria,Pequena,477,Es,Não Informado,2025-10-12,Indicação,Consultoria,Mensal,Pix
C00324,Empresa 0324,Educação,Pequena,376,Pe,Recife,2024-01-16,Parceiro,Gestão,Mensal,Cartão
C00325,Empresa 0325,Indústria,Média,565,Pr,Curitiba,2024-05-02,Parceiro,Tecnologia,Mensal,Pix
C00326,Empresa 0326,Serviços,Grande,104,Mg,Uberlândia,2023-04-03,Indicação,Gestão,Anual,Cartão
C00327,Empresa 0327,Financeiro,Média,26,Rs,Caxias Do Sul,2022-06-26,Site,Tecnologia,Anual,Boleto
C00328,Empresa 0328,Financeiro,Média,410,Pe,Recife,2024-01-25,Site,Consultoria,Anual,Pix
C00329,Empresa 0329,Saúde,Grande,29,Pr,Londrina,2025-01-14,Indicação,Gestão,Anual,Pix
C00330,Empresa 0330,Varejo,Média,1017,Pr,Curitiba,2024-12-21,Site,Tecnologia,Mensal,Pix
C00331,Empresa 0331,Educação,Grande,772,Pr,Londrina,2024-11-30,Indicação,Consultoria,Mensal,Transferência
C00332,Empresa 0332,Financeiro,Pequena,900,Rj,Rio De Janeiro,2025-04-27,Site,Tecnologia,Anual,Cartão
C00333,Empresa 0333,Serviços,Grande,678,Ba,Feira De Santana,2025-12-06,Linkedin,Tecnologia,Mensal,Pix
C00334,Empresa 0334,Serviços,Grande,233,Pr,Curitiba,2022-10-06,Indicação,Dados,Anual,Transferência
C00335,Empresa 0335,Tecnologia,Grande,743,Rs,Porto Alegre,2024-04-12,Linkedin,Tecnologia,Anual,Cartão
C00336,Empresa 0336,Varejo,Grande,633,Rj,Rio De Janeiro,2022-07-05,Site,Tecnologia,Mensal,Pix
C00337,Empresa 0337,Educação,Grande,110,Pr,Londrina,2023-12-30,Evento,Dados,Mensal,Transferência
C00338,Empresa 0338,Indústria,Grande,521,Pe,Recife,2025-02-12,Linkedin,Consultoria,Mensal,Pix
C00339,Empresa 0339,Serviços,Pequena,277,Sp,São Paulo,2022-05-07,Linkedin,Tecnologia,Mensal,Cartão
C00340,Empresa 0340,Tecnologia,Pequena,918,Rj,Rio De Janeiro,2022-02-14,Indicação,Tecnologia,Mensal,Pix
C00341,Empresa 0341,Varejo,Grande,897,Pe,Jaboatão Dos Guararapes,2022-04-14,Linkedin,Consultoria,Anual,Transferência
C00342,Empresa 0342,Varejo,Pequena,573,Mg,Uberlândia,2023-12-26,Linkedin,Dados,Mensal,Boleto
C00343,Empresa 0343,Educação,Grande,991,Sc,Florianópolis,2024-10-18,Indicação,Tecnologia,Anual,Boleto
C00344,Empresa 0344,Indústria,Grande,520,Ba,Salvador,2023-02-13,Linkedin,Tecnologia,Anual,Transferência
C00345,Empresa 0345,Financeiro,Média,805,Rs,Caxias Do Sul,2025-03-04,Site,Consultoria,Anual,Boleto
C00346,Empresa 0346,Tecnologia,Média,1094,Sp,Campinas,2023-07-30,Parceiro,Dados,Mensal,Pix
C00347,Empresa 0347,Varejo,Média,1102,Pr,Curitiba,2025-09-07,Site,Gestão,Anual,Boleto
C00348,Empresa 0348,Financeiro,Média,744,Mg,Belo Horizonte,2023-04-30,Evento,Dados,Mensal,Transferência
C00349,Empresa 0349,Varejo,Média,87,Go,Goiânia,2023-09-25,Indicação,Dados,Mensal,Pix
C00350,Empresa 0350,Tecnologia,Média,422,Go,Goiânia,2024-09-05,Evento,Dados,Anual,Pix
C00351,Empresa 0351,Financeiro,Grande,300,Sp,São Paulo,2022-10-30,Parceiro,Tecnologia,Mensal,Cartão
C00352,Empresa 0352,Tecnologia,Média,628,Ba,Feira De Santana,2025-04-15,Site,Dados,Anual,Transferência
C00353,Empresa 0353,Indústria,Grande,740,Rs,Porto Alegre,2022-12-23,Parceiro,Dados,Anual,Cartão
C00354,Empresa 0354,Varejo,Grande,13,Sc,Joinville,2022-09-18,Parceiro,Consultoria,Mensal,Cartão
C00355,Empresa 0355,Indústria,Grande,223,Es,Vila Velha,2023-03-29,Site,Tecnologia,Mensal,Boleto
C00356,Empresa 0356,Varejo,Grande,191,Rs,Caxias Do Sul,2023-10-17,Linkedin,Consultoria,Anual,Boleto
C00357,Empresa 0357,Tecnologia,Média,535,Pr,Curitiba,2025-11-20,Indicação,Consultoria,Anual,Transferência
C00358,Empresa 0358,Educação,Média,785,Ba,Feira De Santana,2022-12-07,Parceiro,Gestão,Mensal,Transferência
C00359,Empresa 0359,Serviços,Grande,471,Es,Vitória,2025-08-26,Linkedin,Consultoria,Mensal,Cartão
C00360,Empresa 0360,Saúde,Pequena,161,Sp,Campinas,2023-10-15,Site,Gestão,Mensal,Pix
C00361,Empresa 0361,Saúde,Grande,998,Go,Goiânia,2022-07-10,Linkedin,Dados,Anual,Boleto
C00362,Empresa 0362,Saúde,Pequena,399,Sp,Campinas,2022-07-27,Parceiro,Tecnologia,Anual,Cartão
C00363,Empresa 0363,Tecnologia,Média,1180,Pr,Londrina,2022-07-16,Site,Consultoria,Anual,Pix
C00364,Empresa 0364,Saúde,Grande,993,Ba,Salvador,2022-06-29,Indicação,Consultoria,Mensal,Boleto
C00365,Empresa 0365,Educação,Pequena,641,Sc,Joinville,2022-06-17,Linkedin,Gestão,Anual,Pix
C00366,Empresa 0366,Varejo,Média,791,Go,Anápolis,2024-03-04,Site,Gestão,Mensal,Cartão
C00367,Empresa 0367,Saúde,Pequena,560,Pe,Recife,2024-08-10,Site,Consultoria,Mensal,Cartão
C00368,Empresa 0368,Serviços,Grande,475,Go,Goiânia,2024-04-27,Linkedin,Gestão,Anual,Boleto
C00369,Empresa 0369,Tecnologia,Média,81,Pe,Recife,2023-09-05,Indicação,Gestão,Mensal,Boleto
C00370,Empresa 0370,Varejo,Pequena,877,Pr,Curitiba,2023-01-30,Linkedin,Dados,Mensal,Cartão
C00371,Empresa 0371,Tecnologia,Média,1149,Rs,Caxias Do Sul,2022-05-18,Parceiro,Tecnologia,Anual,Transferência
C00372,Empresa 0372,Financeiro,Grande,1080,Sp,Campinas,2025-12-05,Indicação,Gestão,Mensal,Boleto
C00373,Empresa 0373,Financeiro,Pequena,226,Es,Vitória,2025-04-19,Evento,Tecnologia,Anual,Cartão
C00374,Empresa 0374,Educação,Grande,978,Ba,Salvador,2025-09-03,Site,Tecnologia,Anual,Boleto
C00375,Empresa 0375,Indústria,Grande,832,Es,Vitória,2025-05-31,Linkedin,Tecnologia,Mensal,Pix
C00376,Empresa 0376,Saúde,Pequena,701,Pe,Jaboatão Dos Guararapes,2023-07-05,Evento,Tecnologia,Anual,Pix
C00377,Empresa 0377,Saúde,Grande,917,Pr,Londrina,2022-10-03,Evento,Gestão,Mensal,Boleto
C00378,Empresa 0378,Serviços,Média,1002,Pe,Jaboatão Dos Guararapes,2023-03-09,Indicação,Dados,Mensal,Cartão
C00379,Empresa 0379,Varejo,Grande,1174,Go,Goiânia,2024-06-04,Site,Dados,Mensal,Pix
C00380,Empresa 0380,Educação,Pequena,748,Pr,Curitiba,2022-03-09,Evento,Tecnologia,Anual,Não Informado
C00381,Empresa 0381,Tecnologia,Pequena,772,Rj,Niterói,2025-10-27,Parceiro,Gestão,Mensal,Transferência
C00382,Empresa 0382,Saúde,Média,344,Es,Vila Velha,2025-02-03,Indicação,Tecnologia,Mensal,Transferência
C00383,Empresa 0383,Serviços,Grande,448,Sp,São Paulo,2022-11-30,Site,Dados,Anual,Transferência
C00384,Empresa 0384,Serviços,Grande,28,Go,Anápolis,2022-02-11,Site,Dados,Mensal,Boleto
C00385,Empresa 0385,Serviços,Média,573,Sc,Joinville,2025-05-30,Linkedin,Tecnologia,Anual,Cartão
C00386,Empresa 0386,Saúde,Grande,1076,Pr,Londrina,2024-08-13,Parceiro,Consultoria,Mensal,Não Informado
C00387,Empresa 0387,Financeiro,Grande,588,Go,Anápolis,2025-08-18,Indicação,Gestão,Mensal,Cartão
C00388,Empresa 0388,Saúde,Média,544,Sc,Joinville,2025-08-04,Site,Dados,Mensal,Pix
C00389,Empresa 0389,Indústria,Média,296,Es,Vitória,2024-04-07,Linkedin,Não Informado,Anual,Transferência
C00390,Empresa 0390,Indústria,Pequena,1181,Ba,Salvador,2024-03-06,Evento,Dados,Anual,Cartão
C00391,Empresa 0391,Serviços,Pequena,1153,Go,Goiânia,2023-09-07,Evento,Consultoria,Anual,Boleto
C00392,Empresa 0392,Serviços,Pequena,697,Sc,Florianópolis,2025-02-18,Site,Tecnologia,Mensal,Cartão
C00393,Empresa 0393,Saúde,Média,612,Ba,Feira De Santana,2023-11-10,Indicação,Gestão,Mensal,Pix
C00394,Empresa 0394,Financeiro,Pequena,791,Pe,Não Informado,2023-02-03,Linkedin,Consultoria,Mensal,Boleto
C00395,Empresa 0395,Educação,Grande,947,Pr,Curitiba,2023-12-03,Evento,Dados,Mensal,Transferência
C00396,Empresa 0396,Varejo,Média,128,Rs,Porto Alegre,2025-07-16,Linkedin,Tecnologia,Mensal,Boleto
C00397,Empresa 0397,Educação,Pequena,275,Es,Vila Velha,2022-11-21,Linkedin,Gestão,Anual,Transferência
C00398,Empresa 0398,Tecnologia,Grande,418,Ba,Feira De Santana,2022-01-10,Indicação,Tecnologia,Mensal,Pix
C00399,Empresa 0399,Indústria,Pequena,473,Sp,Santos,2025-07-07,Evento,Tecnologia,Mensal,Pix
C00400,Empresa 0400,Financeiro,Média,352,Ba,Salvador,2024-10-27,Indicação,Tecnologia,Anual,Transferência
C00401,Empresa 0401,Financeiro,Média,898,Go,Goiânia,2025-05-06,Evento,Gestão,Anual,Boleto
C00402,Empresa 0402,Tecnologia,Pequena,469,Mg,Belo Horizonte,2024-04-06,Site,Não Informado,Mensal,Pix
C00403,Empresa 0403,Indústria,Pequena,778,Rs,Caxias Do Sul,2025-12-27,Parceiro,Consultoria,Mensal,Pix
C00404,Empresa 0404,Indústria,Pequena,863,Sp,Campinas,2022-04-09,Linkedin,Consultoria,Anual,Transferência
C00405,Empresa 0405,Indústria,Grande,29,Mg,Uberlândia,2023-02-25,Linkedin,Consultoria,Anual,Boleto
C00406,Empresa 0406,Financeiro,Grande,251,Ba,Feira De Santana,2022-08-03,Indicação,Consultoria,Anual,Boleto
C00407,Empresa 0407,Serviços,Média,1081,Es,Vitória,2023-02-14,Evento,Gestão,Anual,Boleto
C00408,Empresa 0408,Educação,Pequena,994,Sp,Campinas,2025-01-27,Site,Consultoria,Mensal,Pix
C00409,Empresa 0409,Indústria,Média,315,Rj,Não Informado,2025-03-21,Parceiro,Consultoria,Mensal,Cartão
C00410,Empresa 0410,Saúde,Média,960,Pr,Curitiba,2024-07-24,Indicação,Dados,Mensal,Cartão
C00411,Empresa 0411,Saúde,Média,247,Rs,Porto Alegre,2025-10-18,Indicação,Consultoria,Não Informado,Boleto
C00412,Empresa 0412,Educação,Grande,559,Rs,Porto Alegre,2024-01-03,Evento,Tecnologia,Mensal,Pix
C00413,Empresa 0413,Educação,Média,799,Ba,Feira De Santana,2024-03-30,Linkedin,Dados,Mensal,Boleto
C00414,Empresa 0414,Tecnologia,Média,998,Sp,Santos,2022-11-23,Linkedin,Dados,Anual,Cartão
C00415,Empresa 0415,Serviços,Grande,277,Es,Vila Velha,2022-03-01,Linkedin,Consultoria,Anual,Transferência
C00416,Empresa 0416,Saúde,Grande,653,Sp,São Paulo,2022-05-10,Parceiro,Dados,Anual,Pix
C00417,Empresa 0417,Indústria,Pequena,996,Ba,Feira De Santana,2025-09-17,Linkedin,Dados,Mensal,Pix
C00418,Empresa 0418,Serviços,Média,1025,Mg,Belo Horizonte,2024-11-01,Indicação,Gestão,Anual,Boleto
C00419,Empresa 0419,Tecnologia,Grande,466,Rs,Caxias Do Sul,2023-07-24,Linkedin,Dados,Mensal,Transferência
C00420,Empresa 0420,Educação,Pequena,1030,Pe,Jaboatão Dos Guararapes,2025-03-19,Evento,Consultoria,Anual,Pix
C00421,Empresa 0421,Educação,Pequena,1151,Rj,Rio De Janeiro,2024-04-06,Indicação,Tecnologia,Mensal,Transferência
C00422,Empresa 0422,Serviços,Pequena,466,Rs,Caxias Do Sul,2024-01-15,Evento,Gestão,Anual,Transferência
C00423,Empresa 0423,Serviços,Grande,464,Rj,Rio De Janeiro,2022-07-19,Evento,Tecnologia,Anual,Cartão
C00424,Empresa 0424,Varejo,Média,297,Rj,Niterói,2022-04-04,Indicação,Tecnologia,Mensal,Boleto
C00425,Empresa 0425,Varejo,Média,400,Rj,Niterói,2024-03-15,Indicação,Gestão,Mensal,Pix
C00426,Empresa 0426,Indústria,Grande,1042,Pe,Recife,2024-07-25,Linkedin,Consultoria,Mensal,Transferência
C00427,Empresa 0427,Financeiro,Pequena,1194,Es,Vitória,2024-09-16,Site,Consultoria,Anual,Cartão
C00428,Empresa 0428,Educação,Grande,518,Go,Anápolis,2024-02-27,Linkedin,Tecnologia,Anual,Transferência
C00429,Empresa 0429,Educação,Grande,1059,Mg,Uberlândia,2022-10-10,Parceiro,Tecnologia,Mensal,Boleto
C00430,Empresa 0430,Indústria,Média,717,Pr,Curitiba,2025-07-02,Site,Tecnologia,Mensal,Cartão
C00431,Empresa 0431,Financeiro,Grande,864,Go,Anápolis,2024-09-10,Linkedin,Consultoria,Mensal,Pix
C00432,Empresa 0432,Tecnologia,Grande,125,Ba,Salvador,2022-10-25,Evento,Dados,Anual,Cartão
C00433,Empresa 0433,Indústria,Média,427,Mg,Belo Horizonte,2022-05-08,Evento,Gestão,Mensal,Boleto
C00434,Empresa 0434,Varejo,Grande,599,Go,Goiânia,2024-03-07,Linkedin,Gestão,Anual,Cartão
C00435,Empresa 0435,Tecnologia,Grande,524,Go,Goiânia,2022-04-21,Parceiro,Gestão,Mensal,Cartão
C00436,Empresa 0436,Indústria,Grande,412,Es,Vitória,2025-01-24,Evento,Gestão,Mensal,Pix
C00437,Empresa 0437,Indústria,Grande,254,Mg,Uberlândia,2022-12-22,Indicação,Gestão,Anual,Cartão
C00438,Empresa 0438,Financeiro,Média,21,Mg,Uberlândia,2022-11-26,Linkedin,Dados,Mensal,Boleto
C00439,Empresa 0439,Tecnologia,Grande,626,Rs,Caxias Do Sul,2025-05-07,Parceiro,Tecnologia,Mensal,Cartão
C00440,Empresa 0440,Varejo,Grande,149,Go,Goiânia,2023-03-27,Linkedin,Gestão,Mensal,Cartão
C00441,Empresa 0441,Indústria,Média,688,Pr,Londrina,2023-03-13,Evento,Dados,Anual,Pix
C00442,Empresa 0442,Saúde,Média,502,Rj,Rio De Janeiro,2025-10-01,Indicação,Tecnologia,Anual,Pix
C00443,Empresa 0443,Financeiro,Grande,589,Ba,Salvador,2023-06-10,Parceiro,Tecnologia,Anual,Transferência
C00444,Empresa 0444,Indústria,Pequena,666,Sp,Santos,2023-08-31,Indicação,Consultoria,Mensal,Pix
C00445,Empresa 0445,Indústria,Grande,446,Rj,Niterói,2023-03-08,Indicação,Dados,Anual,Pix
C00446,Empresa 0446,Educação,Grande,689,Mg,Belo Horizonte,2022-02-18,Indicação,Consultoria,Mensal,Boleto
C00447,Empresa 0447,Tecnologia,Grande,476,Sc,Joinville,2025-02-16,Linkedin,Gestão,Anual,Transferência
C00448,Empresa 0448,Tecnologia,Média,252,Ba,Salvador,2023-10-10,Parceiro,Consultoria,Mensal,Pix
C00449,Empresa 0449,Tecnologia,Média,627,Rs,Porto Alegre,2024-10-26,Evento,Gestão,Anual,Transferência
C00450,Empresa 0450,Varejo,Grande,460,Sp,São Paulo,2024-08-28,Linkedin,Tecnologia,Mensal,Cartão
C00451,Empresa 0451,Financeiro,Grande,299,Rs,Porto Alegre,2022-01-23,Indicação,Consultoria,Anual,Pix
C00452,Empresa 0452,Indústria,Grande,714,Sc,Florianópolis,2023-03-07,Linkedin,Dados,Mensal,Boleto
C00453,Empresa 0453,Serviços,Média,407,Pr,Curitiba,2025-06-17,Site,Consultoria,Anual,Pix
C00454,Empresa 0454,Tecnologia,Média,211,Sc,Florianópolis,2025-10-07,Parceiro,Gestão,Anual,Cartão
C00455,Empresa 0455,Indústria,Pequena,214,Mg,Uberlândia,2025-10-06,Parceiro,Consultoria,Mensal,Cartão
C00456,Empresa 0456,Saúde,Grande,636,Pe,Recife,2024-07-11,Parceiro,Tecnologia,Anual,Transferência
C00457,Empresa 0457,Saúde,Pequena,463,Mg,Uberlândia,2022-01-10,Evento,Tecnologia,Mensal,Cartão
C00458,Empresa 0458,Educação,Média,635,Pe,Jaboatão Dos Guararapes,2024-08-05,Parceiro,Consultoria,Mensal,Pix
C00459,Empresa 0459,Financeiro,Pequena,549,Sc,Florianópolis,2022-10-14,Indicação,Consultoria,Mensal,Transferência
C00460,Empresa 0460,Tecnologia,Grande,543,Es,Vila Velha,2023-03-12,Site,Tecnologia,Anual,Boleto
C00461,Empresa 0461,Varejo,Média,1036,Es,Vitória,2023-08-19,Linkedin,Tecnologia,Mensal,Boleto
C00462,Empresa 0462,Varejo,Grande,297,Es,Vila Velha,2025-11-02,Site,Dados,Mensal,Transferência
C00463,Empresa 0463,Varejo,Média,484,Rs,Porto Alegre,2022-03-24,Evento,Tecnologia,Mensal,Pix
C00464,Empresa 0464,Serviços,Média,804,Pr,Londrina,2024-11-26,Linkedin,Consultoria,Mensal,Cartão
C00465,Empresa 0465,Financeiro,Grande,570,Rj,Niterói,2025-12-12,Parceiro,Dados,Anual,Transferência
C00466,Empresa 0466,Indústria,Pequena,1068,Rs,Caxias Do Sul,2025-04-18,Linkedin,Dados,Anual,Cartão
C00467,Empresa 0467,Serviços,Média,23,Rs,Porto Alegre,2024-09-24,Linkedin,Não Informado,Mensal,Pix
C00468,Empresa 0468,Saúde,Pequena,317,Go,Goiânia,2025-08-10,Site,Tecnologia,Mensal,Boleto
C00469,Empresa 0469,Indústria,Pequena,996,Ba,Feira De Santana,2023-11-08,Linkedin,Dados,Mensal,Transferência
C00470,Empresa 0470,Tecnologia,Pequena,1184,Sp,Santos,2023-05-15,Site,Dados,Mensal,Boleto
C00471,Empresa 0471,Saúde,Pequena,1068,Sp,Campinas,2022-12-07,Parceiro,Consultoria,Anual,Pix
C00472,Empresa 0472,Financeiro,Média,996,Pr,Curitiba,2024-07-08,Site,Consultoria,Mensal,Boleto
C00473,Empresa 0473,Financeiro,Média,353,Es,Não Informado,2025-09-12,Linkedin,Consultoria,Mensal,Transferência
C00474,Empresa 0474,Tecnologia,Pequena,424,Ba,Feira De Santana,2022-09-28,Site,Consultoria,Mensal,Transferência
C00475,Empresa 0475,Tecnologia,Grande,1040,Es,Vitória,2025-05-13,Indicação,Gestão,Mensal,Pix
C00476,Empresa 0476,Educação,Média,98,Ba,Feira De Santana,2024-12-05,Site,Gestão,Anual,Cartão
C00477,Empresa 0477,Financeiro,Pequena,881,Es,Vitória,2025-11-27,Evento,Gestão,Mensal,Pix
C00478,Empresa 0478,Financeiro,Média,537,Sc,Florianópolis,2025-10-05,Indicação,Consultoria,Mensal,Pix
C00479,Empresa 0479,Varejo,Grande,656,Ba,Feira De Santana,2025-09-02,Evento,Consultoria,Mensal,Transferência
C00480,Empresa 0480,Saúde,Grande,877,Es,Vila Velha,2023-06-04,Parceiro,Tecnologia,Anual,Boleto
C00481,Empresa 0481,Serviços,Grande,998,Ba,Salvador,2025-02-04,Evento,Gestão,Anual,Cartão
C00482,Empresa 0482,Serviços,Grande,825,Es,Vitória,2023-12-07,Indicação,Dados,Anual,Boleto
C00483,Empresa 0483,Financeiro,Média,703,Rj,Rio De Janeiro,2023-03-16,Site,Gestão,Mensal,Pix
C00484,Empresa 0484,Financeiro,Média,190,Mg,Belo Horizonte,2024-08-23,Evento,Dados,Anual,Pix
C00485,Empresa 0485,Indústria,Média,830,Es,Vila Velha,2022-03-19,Parceiro,Consultoria,Mensal,Transferência
C00486,Empresa 0486,Varejo,Grande,1071,Pe,Jaboatão Dos Guararapes,2022-01-22,Site,Consultoria,Mensal,Boleto
C00487,Empresa 0487,Varejo,Grande,10,Sp,São Paulo,2024-01-07,Indicação,Tecnologia,Anual,Cartão
C00488,Empresa 0488,Financeiro,Pequena,1070,Ba,Salvador,2024-04-10,Indicação,Consultoria,Anual,Cartão
C00489,Empresa 0489,Varejo,Grande,408,Rs,Caxias Do Sul,2023-07-21,Linkedin,Consultoria,Anual,Boleto
C00490,Empresa 0490,Tecnologia,Grande,158,Ba,Feira De Santana,2024-11-02,Evento,Consultoria,Anual,Cartão
C00491,Empresa 0491,Financeiro,Média,508,Pe,Jaboatão Dos Guararapes,2024-02-12,Linkedin,Gestão,Mensal,Transferência
C00492,Empresa 0492,Tecnologia,Média,461,Rj,Rio De Janeiro,2023-06-13,Evento,Gestão,Anual,Pix
C00493,Empresa 0493,Saúde,Pequena,827,Sc,Joinville,2023-05-24,Indicação,Dados,Anual,Cartão
C00494,Empresa 0494,Financeiro,Média,384,Rs,Porto Alegre,2023-03-24,Linkedin,Dados,Mensal,Boleto
C00495,Empresa 0495,Varejo,Pequena,521,Sc,Joinville,2023-02-28,Site,Consultoria,Mensal,Pix
C00496,Empresa 0496,Tecnologia,Grande,96,Pe,Jaboatão Dos Guararapes,2025-06-11,Evento,Tecnologia,Anual,Cartão
C00497,Empresa 0497,Serviços,Grande,583,Pe,Jaboatão Dos Guararapes,2023-01-10,Site,Dados,Mensal,Transferência
C00498,Empresa 0498,Tecnologia,Grande,721,Pe,Jaboatão Dos Guararapes,2025-01-12,Site,Gestão,Mensal,Transferência
C00499,Empresa 0499,Tecnologia,Pequena,441,Rs,Caxias Do Sul,2025-11-12,Parceiro,Consultoria,Anual,Cartão
C00500,Empresa 0500,Varejo,Grande,548,Es,Vitória,2023-06-16,Evento,Gestão,Não Informado,Cartão
C00501,Empresa 0501,Educação,Pequena,868,Mg,Uberlândia,2024-10-18,Evento,Gestão,Anual,Transferência
C00502,Empresa 0502,Varejo,Grande,478,Mg,Belo Horizonte,2025-03-16,Evento,Dados,Anual,Transferência
C00503,Empresa 0503,Serviços,Grande,316,Pr,Londrina,2022-10-26,Indicação,Dados,Anual,Transferência
C00504,Empresa 0504,Financeiro,Grande,656,Mg,Uberlândia,2025-07-15,Evento,Tecnologia,Mensal,Transferência
C00505,Empresa 0505,Varejo,Pequena,451,Rj,Niterói,2025-11-15,Linkedin,Consultoria,Anual,Cartão
C00506,Empresa 0506,Saúde,Grande,1151,Sc,Joinville,2024-01-10,Evento,Consultoria,Anual,Pix
C00507,Empresa 0507,Financeiro,Pequena,1191,Rs,Porto Alegre,2025-10-23,Evento,Tecnologia,Anual,Transferência
C00508,Empresa 0508,Educação,Grande,596,Pe,Jaboatão Dos Guararapes,2022-06-10,Site,Dados,Anual,Transferência
C00509,Empresa 0509,Educação,Pequena,172,Es,Vitória,2025-03-16,Evento,Dados,Anual,Cartão
C00510,Empresa 0510,Saúde,Grande,819,Sc,Joinville,2025-12-25,Linkedin,Tecnologia,Anual,Transferência
C00511,Empresa 0511,Serviços,Pequena,266,Mg,Belo Horizonte,2023-01-12,Evento,Consultoria,Mensal,Boleto
C00512,Empresa 0512,Tecnologia,Pequena,979,Ba,Salvador,2022-07-30,Indicação,Gestão,Mensal,Pix
C00513,Empresa 0513,Varejo,Pequena,808,Sc,Joinville,2025-06-19,Site,Dados,Anual,Transferência
C00514,Empresa 0514,Financeiro,Pequena,68,Mg,Belo Horizonte,2022-09-26,Evento,Tecnologia,Anual,Transferência
C00515,Empresa 0515,Financeiro,Média,286,Go,Goiânia,2023-07-12,Parceiro,Gestão,Anual,Cartão
C00516,Empresa 0516,Financeiro,Pequena,193,Rs,Caxias Do Sul,2024-09-13,Evento,Tecnologia,Anual,Cartão
C00517,Empresa 0517,Tecnologia,Pequena,1081,Mg,Belo Horizonte,2023-09-14,Evento,Tecnologia,Anual,Pix
C00518,Empresa 0518,Saúde,Pequena,891,Pe,Jaboatão Dos Guararapes,2024-09-04,Parceiro,Dados,Mensal,Cartão
C00519,Empresa 0519,Financeiro,Média,818,Pr,Curitiba,2024-04-23,Site,Gestão,Anual,Boleto
C00520,Empresa 0520,Educação,Grande,500,Sc,Joinville,2022-06-12,Evento,Tecnologia,Anual,Boleto
C00521,Empresa 0521,Varejo,Média,236,Rj,Niterói,2023-01-09,Parceiro,Gestão,Anual,Transferência
C00522,Empresa 0522,Tecnologia,Pequena,111,Pr,Curitiba,2023-10-19,Site,Consultoria,Anual,Cartão
C00523,Empresa 0523,Tecnologia,Pequena,486,Mg,Belo Horizonte,2024-06-16,Site,Consultoria,Anual,Não Informado
C00524,Empresa 0524,Saúde,Média,770,Rs,Caxias Do Sul,2024-05-10,Indicação,Tecnologia,Mensal,Boleto
C00525,Empresa 0525,Serviços,Média,156,Sp,Santos,2023-06-30,Linkedin,Dados,Mensal,Cartão
C00526,Empresa 0526,Tecnologia,Grande,519,Ba,Feira De Santana,2022-01-26,Linkedin,Dados,Mensal,Boleto
C00527,Empresa 0527,Financeiro,Grande,436,Pe,Jaboatão Dos Guararapes,2022-07-12,Linkedin,Tecnologia,Anual,Boleto
C00528,Empresa 0528,Financeiro,Pequena,528,Sp,Campinas,2025-01-30,Evento,Dados,Anual,Pix
C00529,Empresa 0529,Varejo,Grande,899,Pr,Londrina,2022-08-20,Indicação,Dados,Anual,Pix
C00530,Empresa 0530,Tecnologia,Pequena,1200,Ba,Feira De Santana,2023-05-13,Parceiro,Dados,Anual,Pix
C00531,Empresa 0531,Educação,Pequena,703,Pr,Curitiba,2022-11-19,Indicação,Tecnologia,Mensal,Pix
C00532,Empresa 0532,Varejo,Média,1153,Mg,Uberlândia,2024-09-26,Linkedin,Dados,Mensal,Transferência
C00533,Empresa 0533,Saúde,Pequena,1003,Rs,Caxias Do Sul,2022-10-03,Parceiro,Tecnologia,Anual,Boleto
C00534,Empresa 0534,Financeiro,Média,672,Es,Vila Velha,2023-01-18,Evento,Dados,Mensal,Boleto
C00535,Empresa 0535,Serviços,Média,1119,Pe,Jaboatão Dos Guararapes,2023-08-29,Linkedin,Consultoria,Anual,Boleto
C00536,Empresa 0536,Serviços,Média,499,Sp,Campinas,2025-06-23,Indicação,Gestão,Mensal,Transferência
C00537,Empresa 0537,Financeiro,Média,670,Go,Anápolis,2022-11-12,Evento,Consultoria,Mensal,Pix
C00538,Empresa 0538,Varejo,Pequena,423,Sp,São Paulo,2022-09-23,Linkedin,Dados,Mensal,Pix
C00539,Empresa 0539,Serviços,Média,1013,Es,Vila Velha,2025-08-07,Indicação,Tecnologia,Mensal,Pix
C00540,Empresa 0540,Indústria,Média,173,Sp,Campinas,2023-03-04,Indicação,Tecnologia,Anual,Cartão
C00541,Empresa 0541,Saúde,Grande,93,Sp,Santos,2025-06-17,Indicação,Tecnologia,Mensal,Boleto
C00542,Empresa 0542,Tecnologia,Grande,483,Go,Anápolis,2022-07-18,Site,Dados,Mensal,Boleto
C00543,Empresa 0543,Educação,Grande,226,Go,Anápolis,2025-02-17,Linkedin,Gestão,Mensal,Boleto
C00544,Empresa 0544,Educação,Grande,701,Mg,Belo Horizonte,2025-01-31,Parceiro,Gestão,Anual,Cartão
C00545,Empresa 0545,Serviços,Média,854,Go,Anápolis,2023-10-27,Evento,Dados,Mensal,Transferência
C00546,Empresa 0546,Saúde,Média,926,Go,Anápolis,2023-06-05,Indicação,Consultoria,Anual,Pix
C00547,Empresa 0547,Saúde,Pequena,625,Go,Goiânia,2022-10-04,Site,Tecnologia,Mensal,Cartão
C00548,Empresa 0548,Financeiro,Grande,1180,Go,Goiânia,2024-11-13,Indicação,Consultoria,Anual,Cartão
C00549,Empresa 0549,Saúde,Média,521,Mg,Belo Horizonte,2022-10-11,Evento,Tecnologia,Mensal,Transferência
C00550,Empresa 0550,Indústria,Pequena,674,Es,Vila Velha,2023-03-22,Site,Gestão,Mensal,Cartão
C00551,Empresa 0551,Educação,Pequena,124,Sp,Campinas,2025-03-26,Evento,Gestão,Anual,Pix
C00552,Empresa 0552,Serviços,Grande,33,Pr,Londrina,2025-08-29,Indicação,Tecnologia,Mensal,Cartão
C00553,Empresa 0553,Varejo,Média,1038,Go,Goiânia,2025-03-02,Site,Consultoria,Anual,Transferência
C00554,Empresa 0554,Financeiro,Pequena,464,Es,Vila Velha,2025-03-24,Evento,Gestão,Mensal,Boleto
C00555,Empresa 0555,Educação,Grande,110,Rs,Caxias Do Sul,2022-06-19,Evento,Consultoria,Anual,Transferência
C00556,Empresa 0556,Educação,Grande,415,Mg,Uberlândia,2022-10-04,Linkedin,Dados,Mensal,Boleto
C00557,Empresa 0557,Serviços,Média,672,Rj,Rio De Janeiro,2023-06-30,Indicação,Gestão,Anual,Cartão
C00558,Empresa 0558,Saúde,Média,59,Rs,Caxias Do Sul,2023-01-26,Site,Tecnologia,Anual,Boleto
C00559,Empresa 0559,Serviços,Pequena,418,Pe,Jaboatão Dos Guararapes,2022-04-02,Site,Consultoria,Mensal,Pix
C00560,Empresa 0560,Varejo,Média,38,Pr,Londrina,2025-06-25,Indicação,Tecnologia,Anual,Transferência
C00561,Empresa 0561,Varejo,Grande,1111,Sp,São Paulo,2023-11-11,Site,Tecnologia,Anual,Boleto
C00562,Empresa 0562,Financeiro,Grande,1088,Sp,São Paulo,2024-02-11,Evento,Dados,Mensal,Cartão
C00563,Empresa 0563,Financeiro,Média,118,Pr,Londrina,2025-11-27,Indicação,Consultoria,Anual,Cartão
C00564,Empresa 0564,Tecnologia,Média,801,Rs,Porto Alegre,2022-08-09,Linkedin,Consultoria,Anual,Transferência
C00565,Empresa 0565,Tecnologia,Pequena,417,Es,Vila Velha,2024-12-24,Parceiro,Consultoria,Mensal,Boleto
C00566,Empresa 0566,Saúde,Média,815,Go,Goiânia,2023-09-17,Indicação,Tecnologia,Anual,Cartão
C00567,Empresa 0567,Financeiro,Média,136,Sc,Joinville,2023-04-29,Linkedin,Consultoria,Anual,Boleto
C00568,Empresa 0568,Educação,Grande,291,Mg,Belo Horizonte,2023-12-01,Linkedin,Dados,Anual,Boleto
C00569,Empresa 0569,Educação,Média,684,Es,Vila Velha,2022-11-09,Parceiro,Dados,Mensal,Boleto
C00570,Empresa 0570,Indústria,Pequena,292,Es,Vila Velha,2025-01-13,Parceiro,Dados,Anual,Boleto
C00571,Empresa 0571,Saúde,Pequena,1151,Es,Vitória,2022-11-20,Site,Tecnologia,Mensal,Pix
C00572,Empresa 0572,Educação,Média,917,Rs,Caxias Do Sul,2024-04-27,Site,Dados,Mensal,Boleto
C00573,Empresa 0573,Serviços,Grande,556,Mg,Belo Horizonte,2022-02-23,Parceiro,Dados,Mensal,Pix
C00574,Empresa 0574,Indústria,Média,284,Rs,Caxias Do Sul,2022-06-12,Evento,Dados,Anual,Transferência
C00575,Empresa 0575,Varejo,Pequena,473,Pe,Recife,2022-10-09,Linkedin,Consultoria,Anual,Transferência
C00576,Empresa 0576,Varejo,Pequena,145,Pr,Curitiba,2025-10-06,Linkedin,Gestão,Anual,Transferência
C00577,Empresa 0577,Educação,Pequena,789,Pr,Londrina,2024-05-25,Linkedin,Consultoria,Mensal,Transferência
C00578,Empresa 0578,Varejo,Grande,1111,Pe,Jaboatão Dos Guararapes,2022-03-28,Indicação,Gestão,Mensal,Boleto
C00579,Empresa 0579,Educação,Média,595,Sc,Joinville,2024-06-19,Site,Gestão,Anual,Pix
C00580,Empresa 0580,Educação,Grande,935,Go,Goiânia,2022-10-19,Parceiro,Consultoria,Mensal,Boleto
C00581,Empresa 0581,Saúde,Média,61,Ba,Salvador,2024-04-26,Linkedin,Dados,Anual,Pix
C00582,Empresa 0582,Indústria,Grande,345,Sc,Florianópolis,2023-10-26,Indicação,Consultoria,Anual,Cartão
C00583,Empresa 0583,Indústria,Média,1057,Rj,Rio De Janeiro,2024-12-08,Linkedin,Gestão,Mensal,Boleto
C00584,Empresa 0584,Serviços,Grande,317,Rs,Porto Alegre,2025-03-04,Site,Dados,Mensal,Transferência
C00585,Empresa 0585,Indústria,Média,601,Sc,Florianópolis,2023-09-26,Indicação,Dados,Mensal,Pix
C00586,Empresa 0586,Tecnologia,Média,1029,Es,Vila Velha,2023-06-03,Parceiro,Consultoria,Anual,Boleto
C00587,Empresa 0587,Indústria,Média,939,Pr,Londrina,2025-04-20,Linkedin,Consultoria,Não Informado,Boleto
C00588,Empresa 0588,Financeiro,Grande,1151,Go,Goiânia,2023-07-24,Indicação,Dados,Mensal,Pix
C00589,Empresa 0589,Varejo,Pequena,1193,Rs,Caxias Do Sul,2022-03-17,Evento,Consultoria,Mensal,Pix
C00590,Empresa 0590,Varejo,Grande,592,Ba,Salvador,2023-01-01,Linkedin,Tecnologia,Mensal,Pix
C00591,Empresa 0591,Saúde,Média,148,Sc,Joinville,2023-10-24,Parceiro,Consultoria,Anual,Transferência
C00592,Empresa 0592,Indústria,Média,684,Mg,Uberlândia,2022-09-07,Parceiro,Não Informado,Mensal,Pix
C00593,Empresa 0593,Indústria,Grande,1093,Rj,Rio De Janeiro,2025-03-16,Linkedin,Tecnologia,Não Informado,Cartão
C00594,Empresa 0594,Financeiro,Grande,734,Sc,Florianópolis,2024-12-12,Parceiro,Gestão,Anual,Pix
C00595,Empresa 0595,Varejo,Grande,604,Mg,Belo Horizonte,2025-06-02,Indicação,Consultoria,Mensal,Transferência
C00596,Empresa 0596,Serviços,Grande,859,Rj,Niterói,2023-03-01,Indicação,Tecnologia,Anual,Boleto
C00597,Empresa 0597,Varejo,Grande,586,Sp,Campinas,2025-08-04,Indicação,Tecnologia,Anual,Cartão
C00598,Empresa 0598,Indústria,Média,709,Sp,Campinas,2022-08-22,Parceiro,Consultoria,Mensal,Boleto
C00599,Empresa 0599,Indústria,Média,981,Rs,Porto Alegre,2023-11-24,Site,Gestão,Mensal,Transferência
C00600,Empresa 0600,Educação,Média,124,Go,Anápolis,2023-11-18,Parceiro,Tecnologia,Mensal,Boleto
C00601,Empresa 0601,Saúde,Média,145,Es,Vitória,2025-11-04,Evento,Consultoria,Anual,Transferência
C00602,Empresa 0602,Financeiro,Grande,807,Go,Goiânia,2022-12-06,Parceiro,Consultoria,Anual,Cartão
C00603,Empresa 0603,Educação,Pequena,1027,Sp,São Paulo,2023-07-11,Evento,Gestão,Anual,Boleto
C00604,Empresa 0604,Tecnologia,Pequena,776,Go,Goiânia,2023-09-12,Site,Consultoria,Anual,Pix
C00605,Empresa 0605,Varejo,Pequena,706,Pe,Jaboatão Dos Guararapes,2024-10-21,Parceiro,Consultoria,Anual,Boleto
C00606,Empresa 0606,Indústria,Pequena,430,Rj,Rio De Janeiro,2024-11-23,Linkedin,Gestão,Mensal,Pix
C00607,Empresa 0607,Indústria,Grande,188,Sc,Joinville,2022-04-01,Linkedin,Consultoria,Mensal,Cartão
C00608,Empresa 0608,Serviços,Média,439,Sp,Campinas,2025-03-28,Site,Dados,Anual,Cartão
C00609,Empresa 0609,Serviços,Média,250,Go,Anápolis,2023-10-16,Site,Dados,Anual,Pix
C00610,Empresa 0610,Financeiro,Grande,219,Sp,São Paulo,2025-06-29,Parceiro,Tecnologia,Anual,Cartão
C00611,Empresa 0611,Serviços,Média,1185,Mg,Belo Horizonte,2025-12-13,Site,Consultoria,Anual,Cartão
C00612,Empresa 0612,Tecnologia,Pequena,69,Go,Anápolis,2024-06-27,Indicação,Consultoria,Anual,Pix
C00613,Empresa 0613,Educação,Pequena,923,Rj,Niterói,2024-05-23,Evento,Tecnologia,Mensal,Pix
C00614,Empresa 0614,Varejo,Pequena,969,Pe,Recife,2025-03-08,Linkedin,Tecnologia,Anual,Não Informado
C00615,Empresa 0615,Varejo,Grande,538,Pr,Londrina,2023-04-04,Linkedin,Dados,Anual,Cartão
C00616,Empresa 0616,Tecnologia,Pequena,983,Pe,Recife,2024-09-25,Evento,Gestão,Anual,Boleto
C00617,Empresa 0617,Financeiro,Grande,270,Sc,Florianópolis,2023-12-15,Linkedin,Consultoria,Anual,Pix
C00618,Empresa 0618,Educação,Média,856,Sc,Florianópolis,2024-12-27,Parceiro,Dados,Mensal,Transferência
C00619,Empresa 0619,Saúde,Pequena,892,Ba,Feira De Santana,2022-05-16,Parceiro,Tecnologia,Mensal,Boleto
C00620,Empresa 0620,Financeiro,Média,244,Rj,Niterói,2025-12-28,Evento,Consultoria,Anual,Boleto
C00621,Empresa 0621,Tecnologia,Grande,232,Sc,Joinville,2024-04-11,Evento,Gestão,Não Informado,Pix
C00622,Empresa 0622,Financeiro,Grande,10,Pr,Curitiba,2022-10-12,Site,Gestão,Anual,Transferência
C00623,Empresa 0623,Educação,Pequena,431,Es,Vila Velha,2025-03-29,Evento,Tecnologia,Anual,Cartão
C00624,Empresa 0624,Tecnologia,Grande,1055,Rj,Niterói,2025-04-08,Site,Tecnologia,Mensal,Cartão
C00625,Empresa 0625,Tecnologia,Grande,1156,Go,Anápolis,2022-04-19,Indicação,Tecnologia,Mensal,Não Informado
C00626,Empresa 0626,Financeiro,Média,661,Ba,Feira De Santana,2025-12-09,Linkedin,Gestão,Anual,Boleto
C00627,Empresa 0627,Varejo,Pequena,1147,Mg,Uberlândia,2024-08-30,Evento,Gestão,Mensal,Cartão
C00628,Empresa 0628,Tecnologia,Pequena,42,Mg,Belo Horizonte,2022-10-03,Linkedin,Gestão,Mensal,Pix
C00629,Empresa 0629,Serviços,Média,943,Mg,Uberlândia,2025-08-08,Parceiro,Dados,Anual,Transferência
C00630,Empresa 0630,Educação,Média,472,Go,Goiânia,2024-07-10,Linkedin,Consultoria,Anual,Boleto
C00631,Empresa 0631,Educação,Grande,1190,Go,Anápolis,2023-07-06,Indicação,Consultoria,Anual,Cartão
C00632,Empresa 0632,Educação,Grande,173,Rj,Rio De Janeiro,2025-04-03,Parceiro,Tecnologia,Anual,Pix
C00633,Empresa 0633,Tecnologia,Pequena,977,Go,Goiânia,2025-06-03,Parceiro,Tecnologia,Mensal,Cartão
C00634,Empresa 0634,Educação,Média,1059,Go,Anápolis,2022-01-23,Parceiro,Tecnologia,Anual,Cartão
C00635,Empresa 0635,Varejo,Pequena,632,Sc,Joinville,2023-08-16,Indicação,Gestão,Mensal,Pix
C00636,Empresa 0636,Tecnologia,Média,1002,Sc,Florianópolis,2025-07-02,Site,Consultoria,Anual,Cartão
C00637,Empresa 0637,Saúde,Média,536,Mg,Belo Horizonte,2025-06-15,Indicação,Dados,Mensal,Transferência
C00638,Empresa 0638,Saúde,Grande,493,Rs,Caxias Do Sul,2022-12-26,Site,Consultoria,Anual,Pix
C00639,Empresa 0639,Serviços,Pequena,1025,Mg,Uberlândia,2025-05-04,Linkedin,Dados,Anual,Boleto
C00640,Empresa 0640,Indústria,Média,121,Pr,Londrina,2025-03-29,Indicação,Consultoria,Mensal,Transferência
C00641,Empresa 0641,Saúde,Média,1100,Ba,Salvador,2024-09-02,Linkedin,Gestão,Anual,Cartão
C00642,Empresa 0642,Serviços,Média,34,Mg,Uberlândia,2024-12-22,Linkedin,Gestão,Anual,Pix
C00643,Empresa 0643,Indústria,Média,894,Rj,Niterói,2024-12-24,Evento,Tecnologia,Anual,Pix
C00644,Empresa 0644,Financeiro,Média,954,Sc,Florianópolis,2025-09-02,Parceiro,Dados,Anual,Boleto
C00645,Empresa 0645,Tecnologia,Grande,27,Rs,Não Informado,2025-01-26,Indicação,Gestão,Mensal,Pix
C00646,Empresa 0646,Varejo,Grande,590,Pe,Jaboatão Dos Guararapes,2023-12-21,Site,Consultoria,Mensal,Pix
C00647,Empresa 0647,Indústria,Pequena,259,Sp,Santos,2025-05-01,Indicação,Consultoria,Mensal,Transferência
C00648,Empresa 0648,Tecnologia,Grande,387,Es,Vila Velha,2023-01-14,Evento,Gestão,Mensal,Transferência
C00649,Empresa 0649,Indústria,Grande,672,Sc,Joinville,2024-05-24,Site,Consultoria,Anual,Pix
C00650,Empresa 0650,Saúde,Pequena,538,Ba,Feira De Santana,2024-03-06,Site,Gestão,Mensal,Transferência
C00651,Empresa 0651,Educação,Pequena,1017,Pr,Curitiba,2025-06-03,Site,Gestão,Mensal,Pix
C00652,Empresa 0652,Tecnologia,Pequena,159,Pe,Recife,2023-06-15,Parceiro,Tecnologia,Anual,Pix
C00653,Empresa 0653,Indústria,Grande,11,Pe,Recife,2022-11-01,Linkedin,Tecnologia,Mensal,Cartão
C00654,Empresa 0654,Tecnologia,Grande,1014,Ba,Feira De Santana,2025-03-22,Linkedin,Gestão,Mensal,Boleto
C00655,Empresa 0655,Indústria,Média,258,Sp,Santos,2024-02-27,Parceiro,Tecnologia,Anual,Cartão
C00656,Empresa 0656,Indústria,Grande,195,Ba,Feira De Santana,2022-04-24,Parceiro,Tecnologia,Mensal,Transferência
C00657,Empresa 0657,Varejo,Pequena,1145,Sc,Florianópolis,2025-08-19,Linkedin,Dados,Anual,Transferência
C00658,Empresa 0658,Indústria,Média,1006,Rj,Rio De Janeiro,2025-07-15,Linkedin,Dados,Mensal,Pix
C00659,Empresa 0659,Indústria,Grande,498,Pr,Londrina,2022-02-21,Linkedin,Consultoria,Anual,Transferência
C00660,Empresa 0660,Tecnologia,Pequena,704,Go,Goiânia,2024-07-09,Evento,Consultoria,Anual,Pix
C00661,Empresa 0661,Indústria,Grande,948,Pr,Curitiba,2025-09-01,Parceiro,Dados,Mensal,Pix
C00662,Empresa 0662,Indústria,Pequena,975,Mg,Belo Horizonte,2024-09-28,Site,Dados,Mensal,Boleto
C00663,Empresa 0663,Serviços,Pequena,944,Sp,Santos,2023-09-22,Site,Consultoria,Mensal,Pix
C00664,Empresa 0664,Serviços,Grande,461,Pe,Recife,2025-05-03,Site,Gestão,Anual,Transferência
C00665,Empresa 0665,Indústria,Grande,1127,Rs,Porto Alegre,2022-09-05,Evento,Dados,Mensal,Boleto
C00666,Empresa 0666,Tecnologia,Média,299,Rs,Caxias Do Sul,2022-05-10,Site,Tecnologia,Mensal,Transferência
C00667,Empresa 0667,Tecnologia,Pequena,214,Pr,Londrina,2025-04-06,Site,Consultoria,Anual,Pix
C00668,Empresa 0668,Varejo,Pequena,591,Sp,Campinas,2022-01-15,Linkedin,Dados,Mensal,Boleto
C00669,Empresa 0669,Educação,Média,499,Sc,Florianópolis,2024-12-07,Parceiro,Consultoria,Mensal,Transferência
C00670,Empresa 0670,Indústria,Média,722,Es,Vila Velha,2022-06-30,Indicação,Dados,Mensal,Pix
C00671,Empresa 0671,Financeiro,Média,1115,Go,Goiânia,2022-07-15,Linkedin,Dados,Anual,Pix
C00672,Empresa 0672,Serviços,Pequena,981,Pr,Londrina,2022-08-19,Site,Dados,Mensal,Pix
C00673,Empresa 0673,Varejo,Média,524,Rs,Caxias Do Sul,2023-08-07,Parceiro,Gestão,Mensal,Pix
C00674,Empresa 0674,Varejo,Pequena,69,Sp,Campinas,2025-01-05,Parceiro,Consultoria,Mensal,Boleto
C00675,Empresa 0675,Financeiro,Média,868,Pe,Recife,2025-04-28,Evento,Dados,Mensal,Cartão
C00676,Empresa 0676,Varejo,Grande,854,Pr,Curitiba,2022-07-20,Linkedin,Dados,Mensal,Transferência
C00677,Empresa 0677,Tecnologia,Média,306,Es,Vitória,2024-09-19,Parceiro,Consultoria,Mensal,Transferência
C00678,Empresa 0678,Educação,Grande,407,Rs,Caxias Do Sul,2022-10-07,Evento,Dados,Anual,Boleto
C00679,Empresa 0679,Financeiro,Pequena,584,Sp,São Paulo,2025-11-18,Indicação,Gestão,Anual,Transferência
C00680,Empresa 0680,Varejo,Média,331,Mg,Belo Horizonte,2023-12-05,Parceiro,Dados,Mensal,Transferência
C00681,Empresa 0681,Serviços,Pequena,979,Go,Anápolis,2024-09-28,Evento,Consultoria,Anual,Boleto
C00682,Empresa 0682,Educação,Grande,465,Pr,Curitiba,2023-11-02,Parceiro,Consultoria,Anual,Pix
C00683,Empresa 0683,Indústria,Grande,78,Sp,Campinas,2024-08-21,Parceiro,Gestão,Anual,Pix
C00684,Empresa 0684,Varejo,Pequena,1153,Pe,Recife,2024-10-11,Linkedin,Dados,Mensal,Cartão
C00685,Empresa 0685,Indústria,Pequena,42,Sc,Joinville,2023-05-05,Evento,Dados,Anual,Pix
C00686,Empresa 0686,Serviços,Pequena,840,Pe,Recife,2024-08-07,Evento,Gestão,Mensal,Pix
C00687,Empresa 0687,Saúde,Grande,76,Ba,Feira De Santana,2025-11-15,Linkedin,Tecnologia,Mensal,Pix
C00688,Empresa 0688,Indústria,Pequena,1064,Es,Vila Velha,2023-11-19,Indicação,Consultoria,Anual,Cartão
C00689,Empresa 0689,Tecnologia,Média,760,Pe,Recife,2025-06-21,Parceiro,Consultoria,Mensal,Boleto
C00690,Empresa 0690,Financeiro,Pequena,989,Rs,Porto Alegre,2023-05-04,Site,Tecnologia,Anual,Cartão
C00691,Empresa 0691,Educação,Média,121,Go,Goiânia,2025-10-25,Evento,Tecnologia,Anual,Transferência
C00692,Empresa 0692,Serviços,Pequena,972,Go,Anápolis,2024-12-14,Linkedin,Tecnologia,Mensal,Boleto
C00693,Empresa 0693,Tecnologia,Média,376,Pe,Jaboatão Dos Guararapes,2022-06-28,Indicação,Consultoria,Mensal,Cartão
C00694,Empresa 0694,Varejo,Média,318,Rj,Rio De Janeiro,2025-11-28,Parceiro,Consultoria,Anual,Transferência
C00695,Empresa 0695,Educação,Média,870,Go,Anápolis,2022-09-28,Indicação,Tecnologia,Mensal,Pix
C00696,Empresa 0696,Serviços,Grande,697,Sp,Campinas,2023-04-21,Parceiro,Tecnologia,Anual,Transferência
C00697,Empresa 0697,Indústria,Grande,1133,Es,Vila Velha,2025-09-25,Linkedin,Tecnologia,Mensal,Cartão
C00698,Empresa 0698,Varejo,Média,771,Mg,Uberlândia,2023-06-17,Indicação,Dados,Anual,Cartão
C00699,Empresa 0699,Financeiro,Pequena,1106,Pe,Jaboatão Dos Guararapes,2022-12-07,Site,Dados,Mensal,Boleto
C00700,Empresa 0700,Tecnologia,Média,1186,Pr,Curitiba,2022-08-28,Linkedin,Tecnologia,Anual,Boleto
C00701,Empresa 0701,Indústria,Pequena,659,Pr,Londrina,2025-02-25,Site,Tecnologia,Anual,Não Informado
C00702,Empresa 0702,Tecnologia,Pequena,838,Go,Anápolis,2023-09-10,Site,Gestão,Anual,Boleto
C00703,Empresa 0703,Financeiro,Média,615,Sp,Campinas,2025-01-23,Evento,Dados,Anual,Cartão
C00704,Empresa 0704,Tecnologia,Pequena,1138,Rj,Rio De Janeiro,2024-09-07,Evento,Consultoria,Anual,Boleto
C00705,Empresa 0705,Tecnologia,Média,122,Pe,Recife,2024-01-02,Parceiro,Dados,Anual,Boleto
C00706,Empresa 0706,Financeiro,Média,188,Sp,Santos,2022-06-21,Linkedin,Dados,Anual,Cartão
C00707,Empresa 0707,Financeiro,Pequena,749,Es,Vila Velha,2025-05-24,Site,Gestão,Anual,Transferência
C00708,Empresa 0708,Saúde,Média,729,Rs,Caxias Do Sul,2022-01-25,Linkedin,Consultoria,Mensal,Transferência
C00709,Empresa 0709,Saúde,Pequena,878,Ba,Feira De Santana,2024-06-25,Site,Consultoria,Mensal,Boleto
C00710,Empresa 0710,Serviços,Grande,696,Sc,Florianópolis,2024-08-30,Parceiro,Gestão,Mensal,Pix
C00711,Empresa 0711,Saúde,Média,368,Ba,Feira De Santana,2025-08-01,Parceiro,Dados,Mensal,Boleto
C00712,Empresa 0712,Financeiro,Média,96,Ba,Feira De Santana,2023-08-16,Parceiro,Tecnologia,Anual,Transferência
C00713,Empresa 0713,Serviços,Pequena,325,Pr,Londrina,2022-02-24,Evento,Gestão,Mensal,Cartão
C00714,Empresa 0714,Educação,Grande,511,Ba,Salvador,2023-01-03,Indicação,Tecnologia,Anual,Pix
C00715,Empresa 0715,Financeiro,Média,1168,Es,Vila Velha,2024-01-11,Evento,Gestão,Mensal,Cartão
C00716,Empresa 0716,Tecnologia,Média,343,Go,Goiânia,2025-03-24,Site,Tecnologia,Anual,Boleto
C00717,Empresa 0717,Tecnologia,Média,749,Rs,Caxias Do Sul,2022-12-01,Evento,Consultoria,Anual,Cartão
C00718,Empresa 0718,Tecnologia,Grande,406,Go,Goiânia,2025-08-01,Indicação,Dados,Anual,Cartão
C00719,Empresa 0719,Indústria,Grande,752,Sc,Florianópolis,2023-07-10,Parceiro,Tecnologia,Mensal,Pix
C00720,Empresa 0720,Saúde,Média,1003,Mg,Uberlândia,2024-11-27,Evento,Dados,Mensal,Boleto
C00721,Empresa 0721,Varejo,Pequena,1154,Mg,Belo Horizonte,2024-10-27,Linkedin,Gestão,Mensal,Pix
C00722,Empresa 0722,Educação,Média,648,Mg,Uberlândia,2022-02-05,Site,Gestão,Anual,Boleto
C00723,Empresa 0723,Indústria,Pequena,465,Sc,Florianópolis,2022-02-28,Site,Dados,Anual,Boleto
C00724,Empresa 0724,Tecnologia,Média,238,Pr,Curitiba,2022-09-24,Indicação,Não Informado,Anual,Pix
C00725,Empresa 0725,Tecnologia,Grande,1061,Pr,Curitiba,2022-08-09,Linkedin,Consultoria,Anual,Pix
C00726,Empresa 0726,Indústria,Pequena,207,Rj,Rio De Janeiro,2023-09-10,Parceiro,Dados,Mensal,Boleto
C00727,Empresa 0727,Tecnologia,Pequena,578,Rs,Caxias Do Sul,2022-03-01,Evento,Dados,Mensal,Pix
C00728,Empresa 0728,Serviços,Pequena,1093,Rj,Não Informado,2025-03-30,Site,Tecnologia,Mensal,Pix
C00729,Empresa 0729,Financeiro,Grande,982,Rj,Niterói,2023-03-15,Parceiro,Dados,Anual,Pix
C00730,Empresa 0730,Educação,Média,448,Mg,Belo Horizonte,2023-12-28,Linkedin,Consultoria,Anual,Pix
C00731,Empresa 0731,Financeiro,Pequena,1025,Pe,Jaboatão Dos Guararapes,2022-08-14,Evento,Consultoria,Mensal,Cartão
C00732,Empresa 0732,Educação,Média,945,Pe,Jaboatão Dos Guararapes,2022-08-25,Linkedin,Dados,Anual,Cartão
C00733,Empresa 0733,Serviços,Pequena,984,Ba,Feira De Santana,2023-01-22,Site,Consultoria,Anual,Pix
C00734,Empresa 0734,Financeiro,Grande,184,Ba,Salvador,2024-06-16,Site,Gestão,Anual,Pix
C00735,Empresa 0735,Saúde,Pequena,703,Mg,Belo Horizonte,2022-05-13,Parceiro,Gestão,Mensal,Boleto
C00736,Empresa 0736,Tecnologia,Grande,569,Ba,Feira De Santana,2024-10-19,Evento,Gestão,Anual,Transferência
C00737,Empresa 0737,Varejo,Média,231,Go,Goiânia,2023-07-26,Evento,Gestão,Anual,Boleto
C00738,Empresa 0738,Tecnologia,Grande,118,Mg,Belo Horizonte,2022-03-02,Linkedin,Consultoria,Mensal,Transferência
C00739,Empresa 0739,Saúde,Pequena,630,Es,Vitória,2025-10-23,Indicação,Gestão,Anual,Boleto
C00740,Empresa 0740,Educação,Média,1043,Sc,Joinville,2025-09-17,Parceiro,Tecnologia,Mensal,Pix
C00741,Empresa 0741,Educação,Média,654,Ba,Feira De Santana,2022-09-01,Linkedin,Gestão,Mensal,Pix
C00742,Empresa 0742,Indústria,Média,346,Mg,Uberlândia,2025-02-14,Linkedin,Dados,Anual,Transferência
C00743,Empresa 0743,Financeiro,Grande,1014,Pe,Jaboatão Dos Guararapes,2022-08-13,Linkedin,Dados,Mensal,Transferência
C00744,Empresa 0744,Financeiro,Média,732,Sc,Joinville,2024-10-10,Evento,Consultoria,Mensal,Pix
C00745,Empresa 0745,Saúde,Grande,65,Mg,Uberlândia,2024-01-21,Linkedin,Consultoria,Anual,Cartão
C00746,Empresa 0746,Saúde,Pequena,510,Rs,Porto Alegre,2024-04-23,Site,Tecnologia,Mensal,Pix
C00747,Empresa 0747,Saúde,Pequena,50,Sc,Não Informado,2022-08-23,Indicação,Gestão,Anual,Transferência
C00748,Empresa 0748,Indústria,Média,55,Sc,Joinville,2022-02-11,Linkedin,Gestão,Anual,Pix
C00749,Empresa 0749,Indústria,Grande,431,Pe,Jaboatão Dos Guararapes,2022-07-24,Linkedin,Tecnologia,Mensal,Cartão
C00750,Empresa 0750,Varejo,Média,164,Rs,Porto Alegre,2024-06-11,Evento,Tecnologia,Mensal,Cartão
C00751,Empresa 0751,Serviços,Pequena,198,Es,Vitória,2024-04-03,Parceiro,Tecnologia,Anual,Pix
C00752,Empresa 0752,Educação,Média,439,Es,Vila Velha,2024-12-23,Indicação,Tecnologia,Anual,Transferência
C00753,Empresa 0753,Varejo,Média,833,Go,Anápolis,2023-10-04,Parceiro,Gestão,Mensal,Pix
C00754,Empresa 0754,Financeiro,Média,446,Go,Anápolis,2023-01-18,Evento,Gestão,Mensal,Boleto
C00755,Empresa 0755,Varejo,Pequena,318,Rs,Caxias Do Sul,2024-08-05,Linkedin,Gestão,Anual,Pix
C00756,Empresa 0756,Saúde,Média,338,Pr,Londrina,2024-04-24,Parceiro,Dados,Anual,Boleto
C00757,Empresa 0757,Tecnologia,Pequena,512,Rj,Niterói,2022-11-04,Linkedin,Gestão,Anual,Transferência
C00758,Empresa 0758,Varejo,Média,289,Sp,São Paulo,2023-02-18,Evento,Tecnologia,Mensal,Pix
C00759,Empresa 0759,Tecnologia,Pequena,652,Pe,Jaboatão Dos Guararapes,2022-02-10,Indicação,Gestão,Anual,Pix
C00760,Empresa 0760,Varejo,Pequena,1179,Ba,Salvador,2022-10-15,Parceiro,Tecnologia,Anual,Pix
C00761,Empresa 0761,Tecnologia,Média,684,Pr,Londrina,2025-05-13,Site,Gestão,Mensal,Boleto
C00762,Empresa 0762,Varejo,Média,910,Rj,Niterói,2022-12-25,Evento,Consultoria,Anual,Cartão
C00763,Empresa 0763,Financeiro,Média,982,Rj,Rio De Janeiro,2023-10-11,Evento,Dados,Anual,Transferência
C00764,Empresa 0764,Tecnologia,Grande,81,Rs,Porto Alegre,2023-09-24,Site,Não Informado,Anual,Cartão
C00765,Empresa 0765,Tecnologia,Grande,494,Rs,Caxias Do Sul,2025-11-04,Linkedin,Consultoria,Anual,Cartão
C00766,Empresa 0766,Serviços,Pequena,619,Sc,Florianópolis,2022-07-04,Site,Gestão,Anual,Transferência
C00767,Empresa 0767,Serviços,Pequena,1016,Sp,Campinas,2023-07-16,Linkedin,Não Informado,Anual,Pix
C00768,Empresa 0768,Saúde,Grande,145,Mg,Uberlândia,2025-12-01,Linkedin,Não Informado,Anual,Pix
C00769,Empresa 0769,Indústria,Pequena,918,Sp,Santos,2025-08-06,Site,Consultoria,Anual,Boleto
C00770,Empresa 0770,Financeiro,Pequena,236,Sc,Florianópolis,2023-10-05,Site,Dados,Anual,Cartão
C00771,Empresa 0771,Serviços,Grande,283,Pe,Jaboatão Dos Guararapes,2024-09-06,Site,Tecnologia,Anual,Boleto
C00772,Empresa 0772,Saúde,Pequena,815,Rj,Niterói,2024-04-28,Parceiro,Dados,Mensal,Pix
C00773,Empresa 0773,Financeiro,Grande,478,Go,Goiânia,2025-08-18,Linkedin,Dados,Anual,Boleto
C00774,Empresa 0774,Financeiro,Média,542,Sp,São Paulo,2024-04-01,Indicação,Tecnologia,Mensal,Pix
C00775,Empresa 0775,Educação,Média,1022,Sp,São Paulo,2024-12-12,Site,Dados,Mensal,Pix
C00776,Empresa 0776,Educação,Pequena,893,Sc,Florianópolis,2024-10-09,Parceiro,Dados,Anual,Boleto
C00777,Empresa 0777,Educação,Pequena,68,Ba,Feira De Santana,2023-01-05,Evento,Dados,Anual,Pix
C00778,Empresa 0778,Indústria,Grande,948,Rs,Porto Alegre,2025-04-08,Indicação,Gestão,Mensal,Cartão
C00779,Empresa 0779,Varejo,Grande,795,Ba,Feira De Santana,2025-11-07,Parceiro,Tecnologia,Mensal,Pix
C00780,Empresa 0780,Tecnologia,Média,490,Go,Anápolis,2022-05-01,Evento,Consultoria,Mensal,Cartão
C00781,Empresa 0781,Educação,Média,818,Go,Anápolis,2025-06-23,Site,Consultoria,Mensal,Cartão
C00782,Empresa 0782,Educação,Média,968,Mg,Não Informado,2024-10-28,Indicação,Tecnologia,Anual,Boleto
C00783,Empresa 0783,Saúde,Pequena,271,Sc,Joinville,2022-08-28,Evento,Tecnologia,Anual,Cartão
C00784,Empresa 0784,Serviços,Média,1068,Sc,Joinville,2025-06-09,Linkedin,Dados,Não Informado,Transferência
C00785,Empresa 0785,Serviços,Grande,911,Mg,Belo Horizonte,2025-02-12,Site,Dados,Mensal,Boleto
C00786,Empresa 0786,Educação,Média,344,Mg,Uberlândia,2022-03-15,Linkedin,Consultoria,Anual,Pix
C00787,Empresa 0787,Indústria,Grande,1003,Pe,Jaboatão Dos Guararapes,2024-01-01,Linkedin,Consultoria,Mensal,Pix
C00788,Empresa 0788,Varejo,Média,379,Rs,Porto Alegre,2022-07-11,Parceiro,Tecnologia,Mensal,Pix
C00789,Empresa 0789,Varejo,Média,167,Go,Goiânia,2025-03-14,Linkedin,Consultoria,Anual,Pix
C00790,Empresa 0790,Indústria,Pequena,817,Sc,Joinville,2025-10-27,Parceiro,Consultoria,Anual,Boleto
C00791,Empresa 0791,Educação,Grande,992,Sp,Campinas,2022-06-16,Evento,Consultoria,Anual,Pix
C00792,Empresa 0792,Saúde,Grande,1175,Es,Vitória,2024-07-16,Site,Consultoria,Anual,Cartão
C00793,Empresa 0793,Financeiro,Grande,791,Sp,São Paulo,2022-05-25,Linkedin,Tecnologia,Mensal,Boleto
C00794,Empresa 0794,Tecnologia,Pequena,343,Ba,Feira De Santana,2022-07-02,Linkedin,Tecnologia,Mensal,Pix
C00795,Empresa 0795,Serviços,Média,645,Sc,Florianópolis,2024-10-02,Evento,Consultoria,Anual,Boleto
C00796,Empresa 0796,Educação,Média,559,Pe,Jaboatão Dos Guararapes,2024-07-01,Indicação,Gestão,Anual,Boleto
C00797,Empresa 0797,Educação,Pequena,92,Ba,Feira De Santana,2025-07-15,Linkedin,Dados,Mensal,Transferência
C00798,Empresa 0798,Indústria,Grande,181,Go,Anápolis,2025-07-13,Linkedin,Gestão,Mensal,Transferência
C00799,Empresa 0799,Varejo,Grande,625,Sc,Florianópolis,2022-11-01,Parceiro,Gestão,Anual,Pix
C00800,Empresa 0800,Tecnologia,Grande,230,Go,Anápolis,2022-06-06,Linkedin,Consultoria,Anual,Cartão
C00801,Empresa 0801,Financeiro,Pequena,1041,Rs,Porto Alegre,2023-06-06,Indicação,Gestão,Mensal,Boleto
C00802,Empresa 0802,Tecnologia,Média,619,Ba,Feira De Santana,2022-04-03,Parceiro,Gestão,Anual,Cartão
C00803,Empresa 0803,Varejo,Pequena,170,Rs,Caxias Do Sul,2023-01-19,Indicação,Gestão,Mensal,Pix
C00804,Empresa 0804,Tecnologia,Pequena,987,Ba,Feira De Santana,2022-08-27,Linkedin,Gestão,Anual,Cartão
C00805,Empresa 0805,Tecnologia,Pequena,286,Ba,Salvador,2023-09-12,Site,Consultoria,Mensal,Boleto
C00806,Empresa 0806,Educação,Grande,307,Sp,Santos,2023-03-05,Site,Gestão,Mensal,Pix
C00807,Empresa 0807,Varejo,Média,874,Sc,Florianópolis,2024-08-07,Indicação,Dados,Mensal,Transferência
C00808,Empresa 0808,Tecnologia,Média,506,Pe,Recife,2024-08-23,Evento,Gestão,Mensal,Cartão
C00809,Empresa 0809,Indústria,Grande,894,Sp,Campinas,2022-07-30,Linkedin,Tecnologia,Mensal,Transferência
C00810,Empresa 0810,Financeiro,Grande,1009,Ba,Salvador,2024-09-22,Indicação,Consultoria,Anual,Cartão
C00811,Empresa 0811,Saúde,Grande,864,Go,Anápolis,2022-05-11,Indicação,Consultoria,Anual,Transferência
C00812,Empresa 0812,Varejo,Média,403,Ba,Feira De Santana,2022-02-12,Evento,Gestão,Mensal,Boleto
C00813,Empresa 0813,Saúde,Grande,969,Es,Vitória,2025-11-03,Evento,Gestão,Anual,Cartão
C00814,Empresa 0814,Financeiro,Pequena,588,Pe,Recife,2022-11-28,Linkedin,Dados,Mensal,Boleto
C00815,Empresa 0815,Educação,Pequena,861,Mg,Uberlândia,2025-05-25,Evento,Dados,Mensal,Pix
C00816,Empresa 0816,Saúde,Média,334,Sp,São Paulo,2024-01-05,Parceiro,Consultoria,Mensal,Cartão
C00817,Empresa 0817,Financeiro,Pequena,257,Ba,Salvador,2022-08-22,Linkedin,Tecnologia,Anual,Cartão
C00818,Empresa 0818,Saúde,Pequena,1065,Sp,Santos,2025-02-14,Indicação,Consultoria,Anual,Transferência
C00819,Empresa 0819,Serviços,Grande,218,Rj,Rio De Janeiro,2022-08-05,Parceiro,Consultoria,Mensal,Pix
C00820,Empresa 0820,Varejo,Grande,608,Pr,Londrina,2024-01-11,Parceiro,Gestão,Mensal,Boleto
C00821,Empresa 0821,Serviços,Pequena,261,Rs,Porto Alegre,2023-11-17,Linkedin,Gestão,Mensal,Boleto
C00822,Empresa 0822,Saúde,Grande,360,Pe,Recife,2023-12-01,Evento,Tecnologia,Anual,Cartão
C00823,Empresa 0823,Serviços,Grande,873,Pr,Curitiba,2022-11-07,Site,Gestão,Anual,Transferência
C00824,Empresa 0824,Serviços,Grande,750,Pe,Recife,2024-11-23,Linkedin,Não Informado,Mensal,Pix
C00825,Empresa 0825,Saúde,Média,346,Rj,Niterói,2023-11-24,Indicação,Gestão,Mensal,Boleto
C00826,Empresa 0826,Indústria,Grande,1074,Es,Vila Velha,2022-04-29,Linkedin,Gestão,Anual,Cartão
C00827,Empresa 0827,Serviços,Média,1090,Rs,Porto Alegre,2022-01-17,Linkedin,Gestão,Mensal,Transferência
C00828,Empresa 0828,Educação,Pequena,627,Rs,Porto Alegre,2025-08-21,Indicação,Tecnologia,Anual,Boleto
C00829,Empresa 0829,Saúde,Pequena,200,Go,Anápolis,2025-01-12,Parceiro,Tecnologia,Mensal,Pix
C00830,Empresa 0830,Financeiro,Média,504,Sp,Campinas,2025-10-01,Linkedin,Consultoria,Mensal,Cartão
C00831,Empresa 0831,Financeiro,Média,263,Sc,Florianópolis,2025-07-08,Indicação,Gestão,Anual,Pix
C00832,Empresa 0832,Varejo,Grande,1168,Pe,Recife,2023-11-26,Evento,Tecnologia,Anual,Boleto
C00833,Empresa 0833,Indústria,Pequena,225,Ba,Feira De Santana,2024-11-30,Parceiro,Dados,Anual,Transferência
C00834,Empresa 0834,Indústria,Média,853,Rj,Rio De Janeiro,2022-10-28,Indicação,Consultoria,Anual,Boleto
C00835,Empresa 0835,Educação,Pequena,766,Pe,Jaboatão Dos Guararapes,2023-03-16,Parceiro,Gestão,Anual,Transferência
C00836,Empresa 0836,Indústria,Média,863,Ba,Salvador,2024-06-20,Site,Dados,Anual,Transferência
C00837,Empresa 0837,Financeiro,Grande,251,Mg,Belo Horizonte,2025-12-13,Linkedin,Gestão,Mensal,Boleto
C00838,Empresa 0838,Tecnologia,Grande,846,Go,Goiânia,2024-01-27,Indicação,Tecnologia,Anual,Pix
C00839,Empresa 0839,Tecnologia,Média,634,Go,Anápolis,2022-11-10,Evento,Tecnologia,Anual,Pix
C00840,Empresa 0840,Serviços,Grande,873,Mg,Belo Horizonte,2022-10-19,Evento,Tecnologia,Mensal,Boleto
C00841,Empresa 0841,Tecnologia,Grande,724,Pe,Recife,2022-01-05,Indicação,Gestão,Anual,Cartão
C00842,Empresa 0842,Saúde,Média,983,Es,Vitória,2024-07-15,Site,Gestão,Anual,Transferência
C00843,Empresa 0843,Tecnologia,Grande,848,Mg,Uberlândia,2023-10-29,Site,Gestão,Anual,Pix
C00844,Empresa 0844,Indústria,Pequena,349,Pe,Recife,2023-07-23,Parceiro,Tecnologia,Mensal,Pix
C00845,Empresa 0845,Financeiro,Grande,118,Pr,Curitiba,2025-06-21,Linkedin,Consultoria,Mensal,Boleto
C00846,Empresa 0846,Serviços,Pequena,512,Sp,Santos,2023-07-18,Parceiro,Gestão,Mensal,Cartão
C00847,Empresa 0847,Tecnologia,Média,57,Ba,Feira De Santana,2025-04-21,Linkedin,Dados,Anual,Pix
C00848,Empresa 0848,Educação,Média,196,Go,Goiânia,2023-10-12,Indicação,Dados,Anual,Boleto
C00849,Empresa 0849,Serviços,Pequena,325,Mg,Uberlândia,2023-06-08,Linkedin,Dados,Mensal,Cartão
C00850,Empresa 0850,Indústria,Pequena,620,Mg,Uberlândia,2022-02-25,Indicação,Tecnologia,Mensal,Transferência
C00851,Empresa 0851,Educação,Pequena,116,Rs,Porto Alegre,2023-06-13,Site,Dados,Anual,Transferência
C00852,Empresa 0852,Tecnologia,Média,961,Rj,Niterói,2023-07-06,Indicação,Gestão,Mensal,Transferência
C00853,Empresa 0853,Saúde,Grande,217,Pr,Curitiba,2022-02-08,Parceiro,Dados,Anual,Transferência
C00854,Empresa 0854,Serviços,Grande,1034,Pe,Recife,2022-06-21,Site,Tecnologia,Mensal,Boleto
C00855,Empresa 0855,Financeiro,Média,95,Go,Goiânia,2024-05-17,Linkedin,Tecnologia,Mensal,Pix
C00856,Empresa 0856,Saúde,Grande,523,Sp,Santos,2024-09-14,Linkedin,Tecnologia,Mensal,Cartão
C00857,Empresa 0857,Indústria,Grande,1163,Sp,São Paulo,2022-11-27,Evento,Consultoria,Anual,Pix
C00858,Empresa 0858,Saúde,Média,441,Mg,Uberlândia,2025-02-13,Evento,Tecnologia,Anual,Cartão
C00859,Empresa 0859,Saúde,Média,441,Pr,Londrina,2025-09-18,Parceiro,Tecnologia,Mensal,Boleto
C00860,Empresa 0860,Educação,Pequena,29,Sp,Santos,2025-05-31,Site,Gestão,Anual,Transferência
C00861,Empresa 0861,Serviços,Grande,168,Go,Goiânia,2022-06-16,Linkedin,Consultoria,Anual,Transferência
C00862,Empresa 0862,Educação,Pequena,27,Es,Vitória,2024-01-04,Linkedin,Tecnologia,Mensal,Transferência
C00863,Empresa 0863,Indústria,Pequena,585,Sp,Santos,2023-03-30,Evento,Dados,Mensal,Cartão
C00864,Empresa 0864,Educação,Média,85,Pr,Londrina,2023-04-25,Linkedin,Dados,Mensal,Boleto
C00865,Empresa 0865,Serviços,Média,1175,Ba,Feira De Santana,2022-08-16,Site,Dados,Mensal,Pix
C00866,Empresa 0866,Indústria,Pequena,270,Es,Vila Velha,2022-09-20,Parceiro,Dados,Anual,Boleto
C00867,Empresa 0867,Indústria,Grande,527,Sp,Santos,2025-11-20,Parceiro,Gestão,Mensal,Transferência
C00868,Empresa 0868,Educação,Média,571,Sp,São Paulo,2023-10-24,Parceiro,Gestão,Anual,Cartão
C00869,Empresa 0869,Indústria,Pequena,106,Go,Anápolis,2022-03-31,Linkedin,Gestão,Anual,Pix
C00870,Empresa 0870,Saúde,Pequena,1181,Ba,Salvador,2023-02-03,Site,Gestão,Mensal,Boleto
C00871,Empresa 0871,Saúde,Média,138,Pr,Curitiba,2022-12-03,Indicação,Gestão,Anual,Pix
C00872,Empresa 0872,Saúde,Média,516,Es,Vitória,2025-06-07,Linkedin,Dados,Anual,Pix
C00873,Empresa 0873,Serviços,Pequena,159,Rs,Caxias Do Sul,2024-11-30,Indicação,Gestão,Mensal,Pix
C00874,Empresa 0874,Educação,Média,143,Sp,São Paulo,2022-03-10,Indicação,Gestão,Mensal,Cartão
C00875,Empresa 0875,Educação,Pequena,218,Es,Vitória,2025-07-06,Parceiro,Consultoria,Anual,Transferência
C00876,Empresa 0876,Financeiro,Média,487,Ba,Salvador,2022-07-16,Linkedin,Gestão,Anual,Transferência
C00877,Empresa 0877,Tecnologia,Média,63,Es,Vila Velha,2025-06-22,Parceiro,Tecnologia,Mensal,Pix
C00878,Empresa 0878,Financeiro,Grande,148,Rj,Rio De Janeiro,2022-01-26,Parceiro,Dados,Anual,Cartão
C00879,Empresa 0879,Indústria,Grande,920,Ba,Salvador,2024-09-12,Site,Dados,Mensal,Pix
C00880,Empresa 0880,Financeiro,Média,1060,Mg,Uberlândia,2023-10-01,Evento,Dados,Mensal,Transferência
C00881,Empresa 0881,Saúde,Média,765,Sc,Florianópolis,2025-05-20,Parceiro,Dados,Mensal,Boleto
C00882,Empresa 0882,Serviços,Pequena,874,Go,Anápolis,2025-02-19,Site,Dados,Mensal,Pix
C00883,Empresa 0883,Indústria,Média,967,Rs,Caxias Do Sul,2023-01-23,Parceiro,Tecnologia,Anual,Transferência
C00884,Empresa 0884,Tecnologia,Média,96,Rs,Caxias Do Sul,2022-11-29,Site,Consultoria,Não Informado,Boleto
C00885,Empresa 0885,Varejo,Pequena,994,Pe,Jaboatão Dos Guararapes,2025-07-01,Linkedin,Dados,Anual,Boleto
C00886,Empresa 0886,Tecnologia,Pequena,742,Sp,São Paulo,2024-01-14,Parceiro,Consultoria,Mensal,Cartão
C00887,Empresa 0887,Indústria,Grande,747,Pe,Recife,2023-02-03,Indicação,Dados,Mensal,Cartão
C00888,Empresa 0888,Saúde,Grande,366,Mg,Uberlândia,2023-03-25,Parceiro,Dados,Mensal,Boleto
C00889,Empresa 0889,Serviços,Média,217,Sp,São Paulo,2022-12-27,Site,Gestão,Mensal,Cartão
C00890,Empresa 0890,Educação,Pequena,767,Pr,Londrina,2023-09-17,Site,Gestão,Mensal,Pix
C00891,Empresa 0891,Serviços,Pequena,402,Mg,Uberlândia,2022-09-25,Evento,Tecnologia,Anual,Boleto
C00892,Empresa 0892,Financeiro,Pequena,1106,Sp,Campinas,2025-06-15,Site,Tecnologia,Mensal,Pix
C00893,Empresa 0893,Serviços,Grande,1011,Sc,Florianópolis,2022-09-16,Indicação,Gestão,Mensal,Boleto
C00894,Empresa 0894,Serviços,Grande,1052,Go,Anápolis,2024-03-05,Linkedin,Gestão,Mensal,Cartão
C00895,Empresa 0895,Indústria,Média,1023,Rs,Caxias Do Sul,2024-12-12,Evento,Gestão,Mensal,Boleto
C00896,Empresa 0896,Educação,Pequena,820,Pr,Curitiba,2023-02-20,Evento,Gestão,Anual,Boleto
C00897,Empresa 0897,Financeiro,Pequena,285,Rs,Porto Alegre,2023-06-06,Evento,Gestão,Anual,Boleto
C00898,Empresa 0898,Educação,Grande,698,Es,Vila Velha,2022-03-26,Linkedin,Gestão,Anual,Transferência
C00899,Empresa 0899,Saúde,Média,793,Rs,Porto Alegre,2024-10-15,Site,Gestão,Mensal,Cartão
C00900,Empresa 0900,Tecnologia,Média,1037,Rj,Rio De Janeiro,2024-01-06,Evento,Dados,Mensal,Pix
C00901,Empresa 0901,Tecnologia,Grande,420,Rj,Não Informado,2024-01-08,Site,Tecnologia,Anual,Cartão
C00902,Empresa 0902,Indústria,Grande,292,Sc,Joinville,2023-01-26,Indicação,Tecnologia,Anual,Cartão
C00903,Empresa 0903,Serviços,Grande,34,Ba,Feira De Santana,2024-04-10,Parceiro,Dados,Não Informado,Boleto
C00904,Empresa 0904,Educação,Pequena,1066,Pr,Londrina,2023-03-06,Linkedin,Tecnologia,Mensal,Cartão
C00905,Empresa 0905,Serviços,Grande,865,Pr,Curitiba,2024-05-28,Linkedin,Gestão,Mensal,Cartão
C00906,Empresa 0906,Serviços,Pequena,635,Mg,Belo Horizonte,2025-03-28,Linkedin,Tecnologia,Anual,Boleto
C00907,Empresa 0907,Indústria,Média,1111,Ba,Feira De Santana,2024-05-21,Evento,Consultoria,Mensal,Boleto
C00908,Empresa 0908,Financeiro,Grande,1185,Mg,Uberlândia,2023-11-08,Linkedin,Dados,Anual,Pix
C00909,Empresa 0909,Varejo,Média,232,Go,Anápolis,2024-03-02,Parceiro,Gestão,Anual,Pix
C00910,Empresa 0910,Indústria,Grande,373,Mg,Belo Horizonte,2022-08-02,Parceiro,Gestão,Mensal,Boleto
C00911,Empresa 0911,Educação,Média,431,Pr,Curitiba,2022-05-23,Evento,Consultoria,Anual,Pix
C00912,Empresa 0912,Tecnologia,Pequena,679,Rs,Caxias Do Sul,2024-11-27,Linkedin,Dados,Mensal,Boleto
C00913,Empresa 0913,Educação,Grande,150,Go,Não Informado,2024-05-06,Site,Dados,Mensal,Cartão
C00914,Empresa 0914,Indústria,Média,335,Ba,Feira De Santana,2025-12-24,Parceiro,Dados,Anual,Cartão
C00915,Empresa 0915,Varejo,Média,141,Pr,Londrina,2022-01-16,Parceiro,Dados,Anual,Transferência
C00916,Empresa 0916,Financeiro,Pequena,196,Pe,Jaboatão Dos Guararapes,2024-08-05,Linkedin,Tecnologia,Anual,Transferência
C00917,Empresa 0917,Educação,Pequena,377,Es,Vila Velha,2022-12-25,Linkedin,Gestão,Mensal,Pix
C00918,Empresa 0918,Tecnologia,Pequena,333,Ba,Feira De Santana,2025-12-01,Parceiro,Tecnologia,Mensal,Boleto
C00919,Empresa 0919,Serviços,Grande,258,Pe,Jaboatão Dos Guararapes,2024-04-22,Indicação,Consultoria,Anual,Transferência
C00920,Empresa 0920,Saúde,Pequena,1046,Pe,Recife,2022-12-04,Linkedin,Consultoria,Mensal,Transferência
C00921,Empresa 0921,Indústria,Média,408,Ba,Feira De Santana,2023-12-05,Indicação,Consultoria,Anual,Pix
C00922,Empresa 0922,Indústria,Grande,960,Mg,Uberlândia,2023-11-01,Linkedin,Consultoria,Mensal,Boleto
C00923,Empresa 0923,Educação,Média,340,Pe,Recife,2022-10-15,Indicação,Consultoria,Mensal,Cartão
C00924,Empresa 0924,Indústria,Média,354,Rj,Rio De Janeiro,2024-12-30,Indicação,Tecnologia,Mensal,Transferência
C00925,Empresa 0925,Varejo,Grande,80,Rs,Porto Alegre,2022-12-31,Linkedin,Consultoria,Mensal,Transferência
C00926,Empresa 0926,Tecnologia,Grande,19,Sc,Florianópolis,2024-06-28,Linkedin,Dados,Mensal,Cartão
C00927,Empresa 0927,Tecnologia,Pequena,873,Pr,Curitiba,2023-02-14,Indicação,Tecnologia,Mensal,Pix
C00928,Empresa 0928,Serviços,Grande,353,Pr,Curitiba,2022-07-17,Indicação,Gestão,Mensal,Cartão
C00929,Empresa 0929,Indústria,Pequena,434,Rs,Caxias Do Sul,2025-02-25,Linkedin,Consultoria,Mensal,Boleto
C00930,Empresa 0930,Saúde,Pequena,40,Rj,Niterói,2024-01-01,Evento,Consultoria,Anual,Boleto
C00931,Empresa 0931,Tecnologia,Grande,580,Pe,Jaboatão Dos Guararapes,2023-03-27,Indicação,Consultoria,Mensal,Transferência
C00932,Empresa 0932,Educação,Pequena,1108,Sc,Florianópolis,2025-05-11,Evento,Consultoria,Anual,Transferência
C00933,Empresa 0933,Varejo,Grande,661,Mg,Uberlândia,2023-11-12,Indicação,Tecnologia,Mensal,Transferência
C00934,Empresa 0934,Indústria,Grande,486,Ba,Salvador,2024-11-12,Site,Consultoria,Mensal,Cartão
C00935,Empresa 0935,Serviços,Pequena,172,Pr,Curitiba,2024-05-27,Site,Tecnologia,Anual,Pix
C00936,Empresa 0936,Educação,Pequena,87,Pr,Curitiba,2022-11-07,Parceiro,Gestão,Anual,Boleto
C00937,Empresa 0937,Indústria,Pequena,1076,Sc,Joinville,2023-10-13,Evento,Consultoria,Mensal,Cartão
C00938,Empresa 0938,Varejo,Grande,120,Rs,Porto Alegre,2023-05-12,Site,Gestão,Anual,Não Informado
C00939,Empresa 0939,Tecnologia,Pequena,1016,Pe,Recife,2025-07-13,Site,Consultoria,Mensal,Boleto
C00940,Empresa 0940,Varejo,Grande,1134,Mg,Belo Horizonte,2022-07-07,Site,Consultoria,Anual,Transferência
C00941,Empresa 0941,Indústria,Pequena,511,Sc,Joinville,2022-12-03,Site,Dados,Não Informado,Cartão
C00942,Empresa 0942,Indústria,Pequena,566,Es,Vila Velha,2024-07-07,Indicação,Tecnologia,Anual,Transferência
C00943,Empresa 0943,Educação,Média,1044,Mg,Uberlândia,2024-08-22,Site,Gestão,Mensal,Transferência
C00944,Empresa 0944,Serviços,Média,1110,Ba,Salvador,2022-06-20,Parceiro,Dados,Anual,Transferência
C00945,Empresa 0945,Educação,Média,778,Pe,Jaboatão Dos Guararapes,2023-09-19,Indicação,Tecnologia,Mensal,Não Informado
C00946,Empresa 0946,Varejo,Pequena,36,Pr,Londrina,2022-11-13,Linkedin,Gestão,Anual,Transferência
C00947,Empresa 0947,Educação,Média,155,Rs,Caxias Do Sul,2024-02-26,Indicação,Consultoria,Anual,Boleto
C00948,Empresa 0948,Saúde,Grande,723,Pr,Londrina,2024-06-12,Evento,Consultoria,Anual,Transferência
C00949,Empresa 0949,Educação,Pequena,750,Pr,Curitiba,2023-05-12,Site,Tecnologia,Anual,Boleto
C00950,Empresa 0950,Financeiro,Grande,340,Sc,Florianópolis,2023-05-22,Indicação,Consultoria,Anual,Transferência
C00951,Empresa 0951,Financeiro,Pequena,876,Es,Vitória,2022-06-14,Linkedin,Tecnologia,Anual,Transferência
C00952,Empresa 0952,Indústria,Média,192,Es,Vitória,2023-09-23,Parceiro,Tecnologia,Mensal,Cartão
C00953,Empresa 0953,Tecnologia,Média,23,Pr,Curitiba,2024-03-26,Linkedin,Consultoria,Mensal,Pix
C00954,Empresa 0954,Educação,Grande,600,Ba,Feira De Santana,2024-12-11,Site,Dados,Anual,Boleto
C00955,Empresa 0955,Educação,Pequena,1039,Mg,Belo Horizonte,2023-02-10,Linkedin,Dados,Mensal,Boleto
C00956,Empresa 0956,Serviços,Pequena,541,Sp,Campinas,2023-01-10,Linkedin,Consultoria,Mensal,Pix
C00957,Empresa 0957,Educação,Pequena,576,Sc,Florianópolis,2022-06-25,Evento,Consultoria,Mensal,Transferência
C00958,Empresa 0958,Serviços,Pequena,29,Pe,Recife,2025-10-09,Evento,Consultoria,Mensal,Pix
C00959,Empresa 0959,Serviços,Pequena,779,Pr,Londrina,2024-12-05,Linkedin,Gestão,Anual,Transferência
C00960,Empresa 0960,Indústria,Média,655,Rs,Porto Alegre,2024-01-30,Evento,Gestão,Anual,Pix
C00961,Empresa 0961,Serviços,Pequena,16,Rs,Caxias Do Sul,2023-11-08,Linkedin,Dados,Mensal,Pix
C00962,Empresa 0962,Indústria,Pequena,764,Go,Anápolis,2023-07-27,Parceiro,Gestão,Anual,Boleto
C00963,Empresa 0963,Serviços,Média,44,Sp,Santos,2025-07-30,Evento,Consultoria,Anual,Transferência
C00964,Empresa 0964,Educação,Média,176,Pr,Londrina,2025-05-27,Linkedin,Gestão,Mensal,Transferência
C00965,Empresa 0965,Varejo,Grande,303,Sc,Florianópolis,2025-05-28,Site,Gestão,Mensal,Cartão
C00966,Empresa 0966,Varejo,Média,246,Go,Anápolis,2024-08-14,Parceiro,Dados,Mensal,Boleto
C00967,Empresa 0967,Indústria,Pequena,226,Mg,Uberlândia,2025-09-13,Indicação,Não Informado,Anual,Transferência
C00968,Empresa 0968,Indústria,Média,985,Sc,Florianópolis,2023-03-28,Site,Gestão,Não Informado,Cartão
C00969,Empresa 0969,Serviços,Grande,142,Pr,Londrina,2025-03-25,Linkedin,Gestão,Anual,Boleto
C00970,Empresa 0970,Tecnologia,Média,189,Pr,Curitiba,2023-06-15,Indicação,Tecnologia,Mensal,Pix
C00971,Empresa 0971,Varejo,Média,788,Es,Vitória,2024-01-24,Evento,Consultoria,Mensal,Transferência
C00972,Empresa 0972,Serviços,Média,268,Ba,Salvador,2023-10-17,Indicação,Gestão,Mensal,Transferência
C00973,Empresa 0973,Serviços,Média,458,Rs,Caxias Do Sul,2022-10-24,Linkedin,Dados,Anual,Boleto
C00974,Empresa 0974,Saúde,Média,1038,Sp,Santos,2025-05-11,Indicação,Tecnologia,Anual,Boleto
C00975,Empresa 0975,Indústria,Média,130,Pe,Jaboatão Dos Guararapes,2023-08-20,Site,Dados,Mensal,Pix
C00976,Empresa 0976,Indústria,Média,622,Mg,Belo Horizonte,2024-09-25,Indicação,Gestão,Anual,Transferência
C00977,Empresa 0977,Serviços,Média,810,Pe,Recife,2023-12-15,Parceiro,Tecnologia,Anual,Boleto
C00978,Empresa 0978,Tecnologia,Pequena,672,Go,Goiânia,2024-03-17,Evento,Gestão,Mensal,Boleto
C00979,Empresa 0979,Educação,Média,306,Pe,Recife,2025-11-26,Site,Dados,Mensal,Cartão
C00980,Empresa 0980,Indústria,Pequena,781,Es,Vila Velha,2022-07-28,Site,Consultoria,Mensal,Cartão
C00981,Empresa 0981,Tecnologia,Pequena,1065,Pe,Jaboatão Dos Guararapes,2023-01-03,Parceiro,Gestão,Mensal,Transferência
C00982,Empresa 0982,Tecnologia,Pequena,822,Pr,Londrina,2022-03-11,Evento,Dados,Anual,Pix
C00983,Empresa 0983,Educação,Média,921,Pe,Jaboatão Dos Guararapes,2025-08-24,Indicação,Consultoria,Mensal,Pix
C00984,Empresa 0984,Indústria,Grande,1053,Rj,Rio De Janeiro,2024-09-28,Indicação,Gestão,Anual,Pix
C00985,Empresa 0985,Educação,Média,898,Es,Vila Velha,2023-01-06,Parceiro,Dados,Mensal,Cartão
C00986,Empresa 0986,Varejo,Média,50,Rj,Niterói,2025-01-05,Parceiro,Gestão,Mensal,Pix
C00987,Empresa 0987,Tecnologia,Pequena,378,Pr,Curitiba,2025-09-10,Parceiro,Gestão,Anual,Pix
C00988,Empresa 0988,Financeiro,Pequena,340,Sp,São Paulo,2022-09-21,Parceiro,Tecnologia,Mensal,Pix
C00989,Empresa 0989,Saúde,Média,1124,Rj,Rio De Janeiro,2024-11-02,Linkedin,Consultoria,Mensal,Cartão
C00990,Empresa 0990,Serviços,Média,1103,Sp,Campinas,2024-11-29,Site,Gestão,Anual,Cartão
C00991,Empresa 0991,Financeiro,Pequena,212,Es,Vitória,2025-01-07,Site,Consultoria,Mensal,Boleto
C00992,Empresa 0992,Varejo,Grande,1140,Sc,Florianópolis,2023-03-17,Parceiro,Tecnologia,Anual,Boleto
C00993,Empresa 0993,Tecnologia,Grande,532,Es,Vila Velha,2024-05-14,Linkedin,Dados,Anual,Transferência
C00994,Empresa 0994,Indústria,Média,303,Rj,Rio De Janeiro,2023-06-05,Indicação,Tecnologia,Mensal,Cartão
C00995,Empresa 0995,Indústria,Grande,345,Es,Vila Velha,2025-09-08,Site,Tecnologia,Anual,Transferência
C00996,Empresa 0996,Varejo,Pequena,563,Sp,São Paulo,2025-05-21,Parceiro,Consultoria,Anual,Pix
C00997,Empresa 0997,Tecnologia,Média,693,Rs,Caxias Do Sul,2025-08-04,Site,Dados,Anual,Pix
C00998,Empresa 0998,Varejo,Média,225,Rj,Rio De Janeiro,2024-02-12,Site,Tecnologia,Anual,Pix
C00999,Empresa 0999,Indústria,Grande,587,Go,Anápolis,2023-12-16,Parceiro,Consultoria,Mensal,Boleto
C01000,Empresa 1000,Varejo,Média,1098,Rs,Caxias Do Sul,2024-03-08,Linkedin,Dados,Anual,Pix
C01001,Empresa 1001,Indústria,Pequena,302,Go,Anápolis,2022-11-15,Parceiro,Tecnologia,Mensal,Cartão
C01002,Empresa 1002,Financeiro,Média,947,Pr,Curitiba,2025-10-20,Linkedin,Tecnologia,Anual,Cartão
C01003,Empresa 1003,Financeiro,Grande,478,Sc,Joinville,2024-05-26,Indicação,Tecnologia,Anual,Cartão
C01004,Empresa 1004,Tecnologia,Pequena,501,Rj,Rio De Janeiro,2025-07-23,Site,Consultoria,Mensal,Cartão
C01005,Empresa 1005,Serviços,Pequena,878,Go,Goiânia,2024-10-06,Linkedin,Gestão,Mensal,Transferência
C01006,Empresa 1006,Varejo,Grande,24,Sp,Não Informado,2025-06-16,Linkedin,Tecnologia,Mensal,Pix
C01007,Empresa 1007,Varejo,Grande,1082,Es,Vitória,2024-07-07,Site,Consultoria,Anual,Boleto
C01008,Empresa 1008,Tecnologia,Média,1024,Go,Anápolis,2023-12-25,Site,Tecnologia,Mensal,Cartão
C01009,Empresa 1009,Serviços,Pequena,604,Pr,Londrina,2025-01-09,Linkedin,Tecnologia,Anual,Boleto
C01010,Empresa 1010,Financeiro,Média,455,Sp,Campinas,2025-07-16,Parceiro,Consultoria,Anual,Transferência
C01011,Empresa 1011,Tecnologia,Grande,952,Sp,Campinas,2023-12-30,Evento,Tecnologia,Mensal,Pix
C01012,Empresa 1012,Educação,Média,28,Rs,Porto Alegre,2023-01-17,Linkedin,Gestão,Não Informado,Pix
C01013,Empresa 1013,Varejo,Média,263,Go,Anápolis,2024-11-19,Indicação,Dados,Anual,Boleto
C01014,Empresa 1014,Saúde,Média,756,Pe,Jaboatão Dos Guararapes,2024-03-20,Site,Tecnologia,Mensal,Transferência
C01015,Empresa 1015,Varejo,Média,898,Pe,Recife,2022-11-28,Evento,Dados,Mensal,Boleto
C01016,Empresa 1016,Varejo,Média,872,Sc,Joinville,2022-03-24,Indicação,Dados,Mensal,Transferência
C01017,Empresa 1017,Educação,Média,1136,Sc,Joinville,2022-09-01,Site,Tecnologia,Anual,Transferência
C01018,Empresa 1018,Tecnologia,Pequena,268,Mg,Belo Horizonte,2022-08-13,Evento,Consultoria,Mensal,Pix
C01019,Empresa 1019,Financeiro,Grande,26,Rs,Caxias Do Sul,2024-05-29,Linkedin,Tecnologia,Anual,Transferência
C01020,Empresa 1020,Varejo,Grande,322,Rj,Rio De Janeiro,2024-05-28,Site,Tecnologia,Mensal,Cartão
C01021,Empresa 1021,Serviços,Média,416,Pr,Londrina,2025-09-26,Indicação,Dados,Mensal,Boleto
C01022,Empresa 1022,Varejo,Média,88,Pr,Londrina,2022-09-04,Site,Dados,Anual,Pix
C01023,Empresa 1023,Tecnologia,Pequena,788,Es,Vila Velha,2023-02-13,Parceiro,Tecnologia,Mensal,Boleto
C01024,Empresa 1024,Educação,Pequena,1054,Rs,Caxias Do Sul,2024-05-22,Indicação,Tecnologia,Mensal,Cartão
C01025,Empresa 1025,Saúde,Grande,866,Rs,Porto Alegre,2023-07-29,Evento,Consultoria,Mensal,Pix
C01026,Empresa 1026,Indústria,Grande,668,Sp,São Paulo,2022-04-17,Evento,Gestão,Anual,Pix
C01027,Empresa 1027,Saúde,Média,754,Ba,Feira De Santana,2023-01-14,Evento,Consultoria,Mensal,Pix
C01028,Empresa 1028,Saúde,Média,750,Go,Anápolis,2022-09-24,Site,Tecnologia,Mensal,Transferência
C01029,Empresa 1029,Varejo,Grande,256,Rj,Rio De Janeiro,2022-08-06,Parceiro,Dados,Mensal,Transferência
C01030,Empresa 1030,Financeiro,Grande,712,Rj,Niterói,2022-06-03,Linkedin,Dados,Mensal,Pix
C01031,Empresa 1031,Educação,Grande,527,Mg,Uberlândia,2023-01-28,Evento,Gestão,Mensal,Transferência
C01032,Empresa 1032,Educação,Grande,1041,Rj,Rio De Janeiro,2024-09-15,Site,Tecnologia,Mensal,Cartão
C01033,Empresa 1033,Tecnologia,Grande,399,Sp,Santos,2025-03-05,Linkedin,Gestão,Mensal,Boleto
C01034,Empresa 1034,Educação,Grande,809,Pe,Jaboatão Dos Guararapes,2024-11-09,Parceiro,Tecnologia,Mensal,Boleto
C01035,Empresa 1035,Financeiro,Pequena,28,Sp,Santos,2022-11-24,Linkedin,Tecnologia,Anual,Boleto
C01036,Empresa 1036,Saúde,Grande,253,Sc,Florianópolis,2025-12-21,Site,Consultoria,Mensal,Cartão
C01037,Empresa 1037,Varejo,Média,282,Sp,Campinas,2025-08-02,Indicação,Dados,Mensal,Pix
C01038,Empresa 1038,Saúde,Grande,765,Sp,Campinas,2025-08-21,Indicação,Tecnologia,Mensal,Transferência
C01039,Empresa 1039,Saúde,Pequena,31,Es,Vila Velha,2023-08-27,Site,Tecnologia,Mensal,Cartão
C01040,Empresa 1040,Indústria,Grande,227,Sp,Santos,2025-01-05,Linkedin,Tecnologia,Mensal,Transferência
C01041,Empresa 1041,Saúde,Pequena,819,Pr,Curitiba,2023-10-27,Linkedin,Dados,Anual,Cartão
C01042,Empresa 1042,Tecnologia,Média,381,Mg,Uberlândia,2024-09-08,Site,Dados,Mensal,Transferência
C01043,Empresa 1043,Saúde,Pequena,645,Mg,Belo Horizonte,2025-08-19,Site,Gestão,Mensal,Pix
C01044,Empresa 1044,Educação,Pequena,941,Mg,Uberlândia,2022-05-28,Indicação,Dados,Mensal,Pix
C01045,Empresa 1045,Tecnologia,Pequena,37,Ba,Salvador,2024-02-26,Site,Dados,Mensal,Cartão
C01046,Empresa 1046,Financeiro,Pequena,29,Mg,Belo Horizonte,2025-07-08,Parceiro,Tecnologia,Mensal,Boleto
C01047,Empresa 1047,Serviços,Grande,919,Mg,Belo Horizonte,2024-09-10,Evento,Tecnologia,Anual,Boleto
C01048,Empresa 1048,Financeiro,Grande,557,Pr,Curitiba,2022-04-25,Indicação,Consultoria,Mensal,Não Informado
C01049,Empresa 1049,Serviços,Média,300,Rj,Rio De Janeiro,2024-11-13,Site,Consultoria,Mensal,Transferência
C01050,Empresa 1050,Saúde,Grande,597,Ba,Salvador,2022-10-29,Linkedin,Consultoria,Anual,Boleto
C01051,Empresa 1051,Tecnologia,Média,741,Rj,Rio De Janeiro,2023-04-05,Parceiro,Tecnologia,Mensal,Cartão
C01052,Empresa 1052,Financeiro,Pequena,374,Rj,Niterói,2022-03-30,Parceiro,Tecnologia,Mensal,Transferência
C01053,Empresa 1053,Indústria,Média,597,Mg,Uberlândia,2025-09-28,Indicação,Tecnologia,Anual,Cartão
C01054,Empresa 1054,Serviços,Pequena,14,Sc,Florianópolis,2025-12-27,Site,Tecnologia,Mensal,Transferência
C01055,Empresa 1055,Serviços,Pequena,241,Pe,Jaboatão Dos Guararapes,2024-09-06,Evento,Dados,Mensal,Cartão
C01056,Empresa 1056,Serviços,Média,732,Mg,Uberlândia,2023-01-08,Linkedin,Gestão,Anual,Transferência
C01057,Empresa 1057,Saúde,Pequena,513,Es,Vila Velha,2025-07-27,Linkedin,Gestão,Anual,Boleto
C01058,Empresa 1058,Financeiro,Grande,873,Ba,Salvador,2022-06-21,Indicação,Dados,Anual,Pix
C01059,Empresa 1059,Saúde,Grande,980,Pr,Curitiba,2022-02-05,Indicação,Consultoria,Anual,Cartão
C01060,Empresa 1060,Educação,Pequena,1139,Mg,Uberlândia,2023-08-27,Site,Dados,Mensal,Pix
C01061,Empresa 1061,Indústria,Grande,303,Mg,Uberlândia,2022-08-29,Indicação,Gestão,Anual,Pix
C01062,Empresa 1062,Tecnologia,Pequena,986,Rj,Rio De Janeiro,2025-09-19,Indicação,Dados,Anual,Boleto
C01063,Empresa 1063,Tecnologia,Pequena,1175,Rj,Niterói,2023-05-17,Site,Dados,Anual,Boleto
C01064,Empresa 1064,Saúde,Média,852,Go,Anápolis,2025-12-01,Linkedin,Consultoria,Anual,Pix
C01065,Empresa 1065,Indústria,Pequena,365,Mg,Belo Horizonte,2022-05-03,Indicação,Gestão,Anual,Transferência
C01066,Empresa 1066,Serviços,Média,1181,Go,Anápolis,2025-12-27,Site,Gestão,Mensal,Cartão
C01067,Empresa 1067,Educação,Pequena,443,Rj,Niterói,2024-12-04,Parceiro,Consultoria,Mensal,Transferência
C01068,Empresa 1068,Financeiro,Pequena,969,Mg,Uberlândia,2025-02-19,Evento,Gestão,Anual,Boleto
C01069,Empresa 1069,Indústria,Média,408,Sp,Campinas,2024-01-31,Indicação,Consultoria,Mensal,Cartão
C01070,Empresa 1070,Tecnologia,Pequena,587,Es,Vitória,2023-11-19,Parceiro,Consultoria,Mensal,Boleto
C01071,Empresa 1071,Serviços,Média,394,Es,Vitória,2022-01-23,Indicação,Dados,Anual,Pix
C01072,Empresa 1072,Tecnologia,Grande,1000,Es,Vitória,2025-03-02,Indicação,Tecnologia,Mensal,Cartão
C01073,Empresa 1073,Serviços,Média,825,Sp,Santos,2024-01-01,Site,Tecnologia,Anual,Cartão
C01074,Empresa 1074,Indústria,Pequena,688,Mg,Não Informado,2025-12-10,Parceiro,Consultoria,Mensal,Pix
C01075,Empresa 1075,Educação,Grande,86,Es,Vila Velha,2024-02-22,Site,Dados,Anual,Pix
C01076,Empresa 1076,Varejo,Grande,298,Rj,Rio De Janeiro,2023-04-20,Parceiro,Tecnologia,Anual,Boleto
C01077,Empresa 1077,Saúde,Grande,892,Rs,Porto Alegre,2023-08-19,Linkedin,Dados,Mensal,Pix
C01078,Empresa 1078,Indústria,Média,209,Mg,Belo Horizonte,2025-03-07,Site,Tecnologia,Mensal,Transferência
C01079,Empresa 1079,Saúde,Pequena,615,Rj,Rio De Janeiro,2024-07-20,Indicação,Tecnologia,Anual,Cartão
C01080,Empresa 1080,Varejo,Grande,953,Rj,Niterói,2022-05-26,Linkedin,Tecnologia,Anual,Boleto
C01081,Empresa 1081,Educação,Pequena,754,Rj,Niterói,2025-03-10,Linkedin,Gestão,Mensal,Transferência
C01082,Empresa 1082,Serviços,Grande,652,Rs,Caxias Do Sul,2024-11-15,Indicação,Gestão,Anual,Cartão
C01083,Empresa 1083,Indústria,Pequena,511,Sp,Santos,2025-06-25,Parceiro,Consultoria,Mensal,Pix
C01084,Empresa 1084,Varejo,Grande,827,Sc,Florianópolis,2024-02-09,Site,Gestão,Anual,Pix
C01085,Empresa 1085,Educação,Grande,1105,Rs,Caxias Do Sul,2024-08-12,Indicação,Consultoria,Mensal,Pix
C01086,Empresa 1086,Varejo,Média,683,Ba,Salvador,2024-06-06,Evento,Tecnologia,Anual,Boleto
C01087,Empresa 1087,Saúde,Média,88,Pe,Recife,2022-08-23,Linkedin,Dados,Mensal,Cartão
C01088,Empresa 1088,Tecnologia,Média,137,Es,Vila Velha,2022-03-06,Linkedin,Gestão,Mensal,Pix
C01089,Empresa 1089,Serviços,Grande,876,Pr,Londrina,2022-02-16,Evento,Dados,Mensal,Boleto
C01090,Empresa 1090,Educação,Pequena,620,Rj,Niterói,2023-07-15,Linkedin,Dados,Anual,Boleto
C01091,Empresa 1091,Educação,Média,618,Sp,São Paulo,2022-07-09,Site,Tecnologia,Anual,Transferência
C01092,Empresa 1092,Indústria,Pequena,904,Pe,Jaboatão Dos Guararapes,2025-01-01,Parceiro,Gestão,Mensal,Boleto
C01093,Empresa 1093,Financeiro,Grande,306,Rj,Niterói,2025-09-29,Evento,Consultoria,Mensal,Transferência
C01094,Empresa 1094,Serviços,Média,242,Mg,Uberlândia,2024-10-19,Evento,Consultoria,Anual,Boleto
C01095,Empresa 1095,Financeiro,Pequena,84,Pe,Recife,2025-08-01,Site,Gestão,Mensal,Transferência
C01096,Empresa 1096,Varejo,Pequena,1191,Pr,Curitiba,2023-12-14,Evento,Consultoria,Mensal,Cartão
C01097,Empresa 1097,Serviços,Pequena,1032,Sc,Joinville,2024-10-25,Linkedin,Gestão,Anual,Cartão
C01098,Empresa 1098,Financeiro,Média,242,Go,Goiânia,2024-05-22,Linkedin,Não Informado,Anual,Boleto
C01099,Empresa 1099,Varejo,Grande,902,Go,Anápolis,2025-05-03,Evento,Gestão,Anual,Pix
C01100,Empresa 1100,Tecnologia,Grande,43,Rj,Niterói,2022-08-01,Indicação,Gestão,Mensal,Transferência
C01101,Empresa 1101,Serviços,Pequena,603,Go,Anápolis,2025-04-05,Site,Dados,Anual,Transferência
C01102,Empresa 1102,Serviços,Média,264,Rj,Niterói,2023-02-05,Linkedin,Gestão,Anual,Pix
C01103,Empresa 1103,Financeiro,Média,558,Rs,Caxias Do Sul,2023-04-04,Evento,Gestão,Mensal,Pix
C01104,Empresa 1104,Tecnologia,Pequena,324,Ba,Feira De Santana,2022-03-08,Parceiro,Tecnologia,Anual,Boleto
C01105,Empresa 1105,Varejo,Grande,811,Es,Vitória,2024-05-30,Parceiro,Gestão,Mensal,Transferência
C01106,Empresa 1106,Educação,Grande,365,Mg,Uberlândia,2025-07-27,Evento,Dados,Anual,Boleto
C01107,Empresa 1107,Serviços,Pequena,1042,Rj,Rio De Janeiro,2025-12-25,Parceiro,Gestão,Anual,Boleto
C01108,Empresa 1108,Tecnologia,Pequena,62,Rs,Caxias Do Sul,2023-02-22,Indicação,Dados,Mensal,Pix
C01109,Empresa 1109,Tecnologia,Grande,277,Es,Vila Velha,2024-02-23,Evento,Dados,Mensal,Boleto
C01110,Empresa 1110,Financeiro,Pequena,784,Sc,Joinville,2023-02-01,Indicação,Tecnologia,Mensal,Boleto
C01111,Empresa 1111,Financeiro,Pequena,237,Sp,Campinas,2025-07-31,Parceiro,Consultoria,Mensal,Boleto
C01112,Empresa 1112,Varejo,Pequena,168,Sc,Joinville,2023-06-21,Evento,Dados,Anual,Pix
C01113,Empresa 1113,Educação,Pequena,1006,Pe,Recife,2022-02-14,Site,Gestão,Anual,Cartão
C01114,Empresa 1114,Varejo,Média,30,Pe,Recife,2022-11-26,Parceiro,Consultoria,Mensal,Cartão
C01115,Empresa 1115,Financeiro,Grande,1129,Rs,Porto Alegre,2024-09-18,Site,Tecnologia,Mensal,Boleto
C01116,Empresa 1116,Financeiro,Pequena,1070,Es,Vitória,2022-03-02,Site,Tecnologia,Mensal,Boleto
C01117,Empresa 1117,Varejo,Pequena,180,Sp,Santos,2023-11-02,Site,Tecnologia,Anual,Transferência
C01118,Empresa 1118,Saúde,Grande,1139,Pr,Não Informado,2022-07-08,Linkedin,Gestão,Anual,Transferência
C01119,Empresa 1119,Varejo,Pequena,585,Pr,Londrina,2023-05-28,Indicação,Tecnologia,Mensal,Boleto
C01120,Empresa 1120,Educação,Média,566,Pe,Jaboatão Dos Guararapes,2024-06-06,Parceiro,Consultoria,Anual,Transferência
C01121,Empresa 1121,Saúde,Média,141,Pr,Londrina,2025-03-07,Site,Consultoria,Anual,Transferência
C01122,Empresa 1122,Serviços,Grande,1096,Sc,Joinville,2025-05-21,Linkedin,Consultoria,Mensal,Boleto
C01123,Empresa 1123,Serviços,Pequena,742,Rs,Porto Alegre,2024-05-29,Indicação,Dados,Anual,Cartão
C01124,Empresa 1124,Tecnologia,Pequena,662,Mg,Belo Horizonte,2023-10-06,Evento,Dados,Anual,Cartão
C01125,Empresa 1125,Tecnologia,Média,590,Pr,Curitiba,2025-02-24,Parceiro,Dados,Mensal,Cartão
C01126,Empresa 1126,Tecnologia,Grande,873,Es,Vila Velha,2025-10-06,Evento,Tecnologia,Mensal,Boleto
C01127,Empresa 1127,Educação,Pequena,572,Sp,Campinas,2024-10-08,Indicação,Consultoria,Anual,Boleto
C01128,Empresa 1128,Financeiro,Média,494,Es,Vitória,2023-11-01,Evento,Consultoria,Mensal,Pix
C01129,Empresa 1129,Serviços,Média,85,Sc,Florianópolis,2022-09-26,Evento,Não Informado,Mensal,Transferência
C01130,Empresa 1130,Indústria,Média,572,Rj,Niterói,2024-04-30,Evento,Gestão,Mensal,Cartão
C01131,Empresa 1131,Tecnologia,Média,621,Pe,Jaboatão Dos Guararapes,2025-06-08,Linkedin,Consultoria,Anual,Pix
C01132,Empresa 1132,Tecnologia,Pequena,294,Sp,São Paulo,2023-04-04,Evento,Gestão,Mensal,Boleto
C01133,Empresa 1133,Indústria,Média,1110,Rj,Rio De Janeiro,2023-01-27,Indicação,Tecnologia,Mensal,Pix
C01134,Empresa 1134,Tecnologia,Média,684,Sp,Santos,2023-09-16,Parceiro,Gestão,Anual,Boleto
C01135,Empresa 1135,Educação,Pequena,268,Mg,Uberlândia,2025-04-09,Site,Gestão,Anual,Pix
C01136,Empresa 1136,Varejo,Grande,988,Go,Anápolis,2024-12-16,Evento,Tecnologia,Anual,Boleto
C01137,Empresa 1137,Serviços,Média,179,Rj,Niterói,2023-06-25,Parceiro,Dados,Mensal,Pix
C01138,Empresa 1138,Tecnologia,Pequena,36,Rj,Rio De Janeiro,2024-10-09,Linkedin,Gestão,Mensal,Transferência
C01139,Empresa 1139,Varejo,Grande,1090,Rj,Niterói,2023-11-29,Evento,Gestão,Mensal,Pix
C01140,Empresa 1140,Saúde,Média,936,Mg,Belo Horizonte,2023-03-25,Linkedin,Dados,Mensal,Cartão
C01141,Empresa 1141,Indústria,Média,1192,Ba,Salvador,2022-12-03,Site,Gestão,Mensal,Pix
C01142,Empresa 1142,Educação,Pequena,556,Pr,Curitiba,2022-02-03,Linkedin,Gestão,Anual,Cartão
C01143,Empresa 1143,Tecnologia,Média,893,Rj,Rio De Janeiro,2025-02-01,Site,Gestão,Anual,Cartão
C01144,Empresa 1144,Saúde,Média,210,Sp,São Paulo,2024-06-22,Linkedin,Gestão,Mensal,Cartão
C01145,Empresa 1145,Varejo,Grande,575,Pr,Londrina,2024-04-04,Parceiro,Gestão,Mensal,Pix
C01146,Empresa 1146,Varejo,Pequena,118,Pr,Curitiba,2022-08-16,Parceiro,Tecnologia,Mensal,Pix
C01147,Empresa 1147,Saúde,Pequena,838,Go,Anápolis,2022-07-26,Linkedin,Consultoria,Mensal,Cartão
C01148,Empresa 1148,Varejo,Pequena,721,Pe,Jaboatão Dos Guararapes,2023-02-26,Parceiro,Tecnologia,Mensal,Pix
C01149,Empresa 1149,Indústria,Grande,986,Mg,Uberlândia,2024-10-27,Site,Dados,Anual,Pix
C01150,Empresa 1150,Saúde,Média,300,Mg,Belo Horizonte,2023-01-19,Linkedin,Gestão,Anual,Pix
C01151,Empresa 1151,Tecnologia,Pequena,29,Mg,Uberlândia,2023-06-25,Linkedin,Consultoria,Anual,Boleto
C01152,Empresa 1152,Tecnologia,Pequena,1171,Pe,Jaboatão Dos Guararapes,2022-08-13,Site,Dados,Mensal,Pix
C01153,Empresa 1153,Serviços,Grande,697,Rj,Niterói,2023-09-16,Linkedin,Tecnologia,Anual,Transferência
C01154,Empresa 1154,Educação,Pequena,732,Sc,Joinville,2024-01-17,Evento,Gestão,Mensal,Cartão
C01155,Empresa 1155,Tecnologia,Pequena,850,Go,Goiânia,2025-08-03,Site,Tecnologia,Anual,Pix
C01156,Empresa 1156,Indústria,Grande,892,Pr,Londrina,2025-03-28,Site,Consultoria,Mensal,Transferência
C01157,Empresa 1157,Indústria,Grande,1125,Rj,Niterói,2023-07-15,Parceiro,Dados,Anual,Cartão
C01158,Empresa 1158,Financeiro,Média,575,Rs,Caxias Do Sul,2024-03-11,Site,Consultoria,Anual,Pix
C01159,Empresa 1159,Financeiro,Média,600,Ba,Salvador,2024-07-20,Indicação,Gestão,Mensal,Transferência
C01160,Empresa 1160,Saúde,Grande,1153,Mg,Belo Horizonte,2024-12-07,Evento,Gestão,Anual,Pix
C01161,Empresa 1161,Educação,Pequena,455,Sc,Joinville,2022-02-01,Parceiro,Consultoria,Mensal,Transferência
C01162,Empresa 1162,Educação,Média,11,Sc,Florianópolis,2022-01-11,Evento,Dados,Anual,Cartão
C01163,Empresa 1163,Serviços,Grande,327,Go,Goiânia,2025-09-24,Evento,Dados,Mensal,Transferência
C01164,Empresa 1164,Saúde,Pequena,75,Es,Vila Velha,2022-06-15,Evento,Dados,Anual,Não Informado
C01165,Empresa 1165,Saúde,Média,646,Ba,Salvador,2022-07-20,Parceiro,Gestão,Anual,Boleto
C01166,Empresa 1166,Varejo,Média,1145,Pr,Curitiba,2023-05-28,Evento,Tecnologia,Mensal,Cartão
C01167,Empresa 1167,Educação,Grande,385,Es,Vila Velha,2025-07-10,Linkedin,Consultoria,Mensal,Transferência
C01168,Empresa 1168,Indústria,Grande,742,Rs,Caxias Do Sul,2024-10-28,Evento,Gestão,Anual,Transferência
C01169,Empresa 1169,Tecnologia,Grande,64,Ba,Feira De Santana,2024-08-02,Indicação,Dados,Anual,Boleto
C01170,Empresa 1170,Saúde,Pequena,1122,Es,Vila Velha,2024-11-14,Indicação,Gestão,Mensal,Transferência
C01171,Empresa 1171,Serviços,Grande,952,Sp,São Paulo,2024-08-05,Indicação,Consultoria,Anual,Pix
C01172,Empresa 1172,Tecnologia,Média,1168,Rs,Caxias Do Sul,2025-05-02,Evento,Consultoria,Mensal,Pix
C01173,Empresa 1173,Varejo,Grande,1024,Pr,Curitiba,2024-11-23,Site,Dados,Anual,Cartão
C01174,Empresa 1174,Financeiro,Grande,421,Sp,São Paulo,2024-09-20,Indicação,Consultoria,Mensal,Pix
C01175,Empresa 1175,Varejo,Pequena,222,Go,Anápolis,2022-07-18,Indicação,Gestão,Anual,Pix
C01176,Empresa 1176,Educação,Média,386,Rj,Rio De Janeiro,2023-09-07,Parceiro,Tecnologia,Anual,Pix
C01177,Empresa 1177,Indústria,Pequena,388,Ba,Salvador,2022-10-27,Site,Dados,Mensal,Transferência
C01178,Empresa 1178,Saúde,Grande,214,Pe,Jaboatão Dos Guararapes,2023-08-17,Evento,Tecnologia,Anual,Transferência
C01179,Empresa 1179,Educação,Média,313,Rj,Rio De Janeiro,2024-08-08,Evento,Gestão,Mensal,Transferência
C01180,Empresa 1180,Saúde,Pequena,920,Sp,São Paulo,2025-04-03,Evento,Dados,Anual,Transferência
C01181,Empresa 1181,Varejo,Média,1035,Sc,Florianópolis,2022-01-19,Evento,Gestão,Mensal,Boleto
C01182,Empresa 1182,Indústria,Grande,1163,Mg,Uberlândia,2023-12-22,Linkedin,Dados,Anual,Cartão
C01183,Empresa 1183,Serviços,Grande,1000,Ba,Feira De Santana,2022-05-20,Linkedin,Dados,Anual,Boleto
C01184,Empresa 1184,Financeiro,Média,836,Rs,Porto Alegre,2025-04-20,Indicação,Consultoria,Mensal,Boleto
C01185,Empresa 1185,Tecnologia,Média,985,Rj,Niterói,2025-09-24,Site,Dados,Mensal,Boleto
C01186,Empresa 1186,Tecnologia,Pequena,522,Ba,Salvador,2024-05-10,Indicação,Consultoria,Anual,Cartão
C01187,Empresa 1187,Serviços,Pequena,366,Es,Vila Velha,2025-07-16,Indicação,Gestão,Anual,Boleto
C01188,Empresa 1188,Varejo,Pequena,527,Es,Vila Velha,2025-02-13,Linkedin,Tecnologia,Mensal,Boleto
C01189,Empresa 1189,Serviços,Grande,403,Mg,Belo Horizonte,2024-06-07,Parceiro,Consultoria,Mensal,Não Informado
C01190,Empresa 1190,Tecnologia,Média,845,Sp,Santos,2022-10-15,Parceiro,Consultoria,Anual,Boleto
C01191,Empresa 1191,Varejo,Pequena,1178,Go,Não Informado,2024-10-13,Parceiro,Tecnologia,Anual,Boleto
C01192,Empresa 1192,Educação,Grande,780,Rj,Rio De Janeiro,2024-06-17,Parceiro,Consultoria,Mensal,Cartão
C01193,Empresa 1193,Educação,Pequena,115,Rj,Niterói,2022-08-30,Indicação,Dados,Anual,Pix
C01194,Empresa 1194,Saúde,Pequena,333,Ba,Feira De Santana,2025-12-11,Indicação,Dados,Anual,Transferência
C01195,Empresa 1195,Financeiro,Grande,237,Es,Vila Velha,2022-04-27,Evento,Consultoria,Mensal,Cartão
C01196,Empresa 1196,Varejo,Média,131,Ba,Salvador,2023-06-19,Site,Tecnologia,Mensal,Boleto
C01197,Empresa 1197,Serviços,Grande,82,Pe,Jaboatão Dos Guararapes,2022-05-30,Indicação,Gestão,Mensal,Transferência
C01198,Empresa 1198,Indústria,Pequena,223,Mg,Belo Horizonte,2023-07-09,Linkedin,Dados,Anual,Transferência
C01199,Empresa 1199,Serviços,Pequena,53,Pe,Recife,2023-09-14,Indicação,Dados,Anual,Pix
C01200,Empresa 1200,Tecnologia,Média,782,Go,Goiânia,2024-09-14,Linkedin,Gestão,Mensal,Pix
C01201,Empresa 1201,Financeiro,Média,730,Pe,Recife,2022-08-30,Evento,Gestão,Mensal,Boleto
C01202,Empresa 1202,Financeiro,Pequena,475,Pr,Londrina,2022-07-08,Parceiro,Consultoria,Mensal,Boleto
C01203,Empresa 1203,Tecnologia,Pequena,908,Sp,São Paulo,2022-06-06,Evento,Consultoria,Anual,Cartão
C01204,Empresa 1204,Varejo,Média,275,Es,Vila Velha,2025-09-03,Linkedin,Consultoria,Mensal,Pix
C01205,Empresa 1205,Varejo,Média,741,Sc,Florianópolis,2025-01-18,Linkedin,Tecnologia,Anual,Cartão
C01206,Empresa 1206,Saúde,Média,1118,Pr,Curitiba,2024-12-14,Indicação,Tecnologia,Anual,Transferência
C01207,Empresa 1207,Varejo,Pequena,1076,Sc,Florianópolis,2022-06-10,Evento,Dados,Mensal,Cartão
C01208,Empresa 1208,Varejo,Grande,911,Mg,Uberlândia,2022-03-15,Indicação,Consultoria,Anual,Pix
C01209,Empresa 1209,Financeiro,Média,625,Sc,Florianópolis,2023-07-24,Indicação,Tecnologia,Anual,Não Informado
C01210,Empresa 1210,Educação,Média,100,Sp,São Paulo,2024-02-23,Site,Gestão,Mensal,Transferência
C01211,Empresa 1211,Indústria,Média,74,Go,Anápolis,2022-04-18,Indicação,Tecnologia,Anual,Boleto
C01212,Empresa 1212,Indústria,Grande,898,Sp,Campinas,2023-11-30,Indicação,Consultoria,Anual,Cartão
C01213,Empresa 1213,Educação,Grande,1173,Go,Anápolis,2024-08-07,Site,Não Informado,Anual,Boleto
C01214,Empresa 1214,Saúde,Grande,571,Mg,Belo Horizonte,2022-01-02,Site,Tecnologia,Anual,Transferência
C01215,Empresa 1215,Saúde,Média,560,Sp,Santos,2025-06-14,Evento,Consultoria,Mensal,Cartão
C01216,Empresa 1216,Saúde,Média,376,Es,Vila Velha,2025-09-15,Linkedin,Consultoria,Anual,Pix
C01217,Empresa 1217,Saúde,Média,1149,Pe,Recife,2022-03-17,Linkedin,Consultoria,Mensal,Cartão
C01218,Empresa 1218,Saúde,Pequena,912,Es,Vitória,2025-02-03,Evento,Tecnologia,Anual,Transferência
C01219,Empresa 1219,Indústria,Pequena,310,Mg,Belo Horizonte,2023-04-11,Site,Consultoria,Mensal,Boleto
C01220,Empresa 1220,Financeiro,Média,95,Go,Goiânia,2024-06-20,Indicação,Tecnologia,Anual,Pix
C01221,Empresa 1221,Indústria,Pequena,490,Rs,Caxias Do Sul,2025-01-11,Indicação,Consultoria,Anual,Pix
C01222,Empresa 1222,Varejo,Pequena,677,Go,Anápolis,2022-06-08,Linkedin,Consultoria,Anual,Cartão
C01223,Empresa 1223,Saúde,Grande,747,Mg,Uberlândia,2022-02-20,Linkedin,Tecnologia,Anual,Cartão
C01224,Empresa 1224,Varejo,Média,101,Es,Vila Velha,2022-03-05,Site,Consultoria,Mensal,Boleto
C01225,Empresa 1225,Indústria,Grande,1050,Rs,Caxias Do Sul,2024-11-12,Site,Gestão,Mensal,Boleto
C01226,Empresa 1226,Tecnologia,Pequena,469,Ba,Feira De Santana,2025-08-22,Parceiro,Consultoria,Mensal,Transferência
C01227,Empresa 1227,Educação,Média,561,Go,Não Informado,2024-12-01,Parceiro,Tecnologia,Mensal,Cartão
C01228,Empresa 1228,Varejo,Média,654,Pr,Curitiba,2024-01-12,Site,Gestão,Anual,Cartão
C01229,Empresa 1229,Financeiro,Grande,166,Rj,Niterói,2023-12-22,Linkedin,Dados,Anual,Transferência
C01230,Empresa 1230,Serviços,Pequena,1111,Pr,Curitiba,2025-03-12,Linkedin,Dados,Anual,Cartão
C01231,Empresa 1231,Tecnologia,Pequena,846,Rs,Caxias Do Sul,2023-10-05,Parceiro,Dados,Anual,Boleto
C01232,Empresa 1232,Tecnologia,Pequena,257,Mg,Uberlândia,2024-07-18,Evento,Gestão,Mensal,Boleto
C01233,Empresa 1233,Tecnologia,Grande,351,Sp,São Paulo,2024-06-02,Site,Gestão,Anual,Cartão
C01234,Empresa 1234,Indústria,Grande,504,Mg,Uberlândia,2024-04-03,Indicação,Consultoria,Anual,Pix
C01235,Empresa 1235,Indústria,Média,929,Sp,Campinas,2022-06-01,Linkedin,Gestão,Anual,Transferência
C01236,Empresa 1236,Indústria,Grande,1053,Mg,Belo Horizonte,2023-01-11,Site,Consultoria,Anual,Transferência
C01237,Empresa 1237,Educação,Pequena,1051,Ba,Feira De Santana,2023-10-19,Indicação,Dados,Anual,Transferência
C01238,Empresa 1238,Financeiro,Grande,1085,Rs,Caxias Do Sul,2022-04-09,Evento,Tecnologia,Anual,Cartão
C01239,Empresa 1239,Tecnologia,Grande,441,Mg,Uberlândia,2022-10-21,Parceiro,Tecnologia,Anual,Pix
C01240,Empresa 1240,Varejo,Pequena,599,Rs,Caxias Do Sul,2023-08-07,Linkedin,Gestão,Mensal,Boleto
C01241,Empresa 1241,Financeiro,Pequena,484,Sc,Joinville,2023-06-16,Site,Consultoria,Mensal,Boleto
C01242,Empresa 1242,Tecnologia,Grande,1111,Sp,Não Informado,2025-10-05,Indicação,Gestão,Mensal,Cartão
C01243,Empresa 1243,Financeiro,Média,921,Pr,Curitiba,2023-08-01,Linkedin,Tecnologia,Mensal,Pix
C01244,Empresa 1244,Educação,Média,187,Pe,Recife,2024-06-04,Evento,Consultoria,Anual,Pix
C01245,Empresa 1245,Saúde,Pequena,1048,Pr,Londrina,2022-06-02,Evento,Gestão,Mensal,Cartão
C01246,Empresa 1246,Tecnologia,Grande,1077,Sp,Campinas,2024-06-06,Site,Consultoria,Mensal,Boleto
C01247,Empresa 1247,Educação,Pequena,410,Mg,Uberlândia,2025-04-15,Linkedin,Dados,Anual,Boleto
C01248,Empresa 1248,Varejo,Pequena,191,Pe,Recife,2023-08-02,Indicação,Gestão,Mensal,Transferência
C01249,Empresa 1249,Varejo,Grande,374,Go,Goiânia,2025-06-05,Linkedin,Tecnologia,Anual,Boleto
C01250,Empresa 1250,Financeiro,Grande,378,Rs,Caxias Do Sul,2024-09-18,Site,Tecnologia,Anual,Transferência
C01251,Empresa 1251,Saúde,Grande,995,Ba,Feira De Santana,2025-05-09,Indicação,Dados,Mensal,Cartão
C01252,Empresa 1252,Saúde,Pequena,880,Ba,Salvador,2024-07-04,Site,Gestão,Anual,Pix
C01253,Empresa 1253,Educação,Grande,272,Rs,Caxias Do Sul,2025-11-28,Linkedin,Gestão,Mensal,Pix
C01254,Empresa 1254,Financeiro,Pequena,847,Sc,Florianópolis,2023-07-03,Parceiro,Tecnologia,Anual,Cartão
C01255,Empresa 1255,Serviços,Média,880,Ba,Feira De Santana,2024-03-12,Evento,Consultoria,Anual,Transferência
C01256,Empresa 1256,Indústria,Pequena,641,Pr,Londrina,2023-11-27,Linkedin,Dados,Mensal,Boleto
C01257,Empresa 1257,Financeiro,Média,274,Rj,Rio De Janeiro,2025-06-10,Indicação,Gestão,Mensal,Cartão
C01258,Empresa 1258,Tecnologia,Grande,110,Rs,Porto Alegre,2025-02-06,Evento,Dados,Mensal,Transferência
C01259,Empresa 1259,Serviços,Pequena,775,Pr,Londrina,2023-08-18,Linkedin,Dados,Mensal,Pix
C01260,Empresa 1260,Serviços,Grande,219,Sp,Santos,2022-11-02,Linkedin,Gestão,Mensal,Boleto
C01261,Empresa 1261,Tecnologia,Pequena,516,Sc,Florianópolis,2023-09-10,Evento,Consultoria,Anual,Transferência
C01262,Empresa 1262,Serviços,Pequena,166,Mg,Belo Horizonte,2023-07-07,Parceiro,Gestão,Mensal,Pix
C01263,Empresa 1263,Varejo,Pequena,811,Go,Goiânia,2025-05-23,Parceiro,Tecnologia,Anual,Transferência
C01264,Empresa 1264,Saúde,Média,949,Go,Goiânia,2022-02-17,Indicação,Tecnologia,Anual,Transferência
C01265,Empresa 1265,Tecnologia,Pequena,842,Sc,Joinville,2024-05-29,Linkedin,Tecnologia,Mensal,Transferência
C01266,Empresa 1266,Indústria,Média,773,Sp,Santos,2024-10-14,Indicação,Gestão,Mensal,Pix
C01267,Empresa 1267,Educação,Média,986,Ba,Salvador,2023-04-21,Evento,Tecnologia,Mensal,Pix
C01268,Empresa 1268,Varejo,Pequena,1013,Rj,Rio De Janeiro,2025-02-22,Indicação,Dados,Anual,Não Informado
C01269,Empresa 1269,Serviços,Pequena,130,Go,Anápolis,2025-03-06,Evento,Gestão,Anual,Cartão
C01270,Empresa 1270,Saúde,Grande,1167,Mg,Uberlândia,2022-03-16,Indicação,Tecnologia,Mensal,Transferência
C01271,Empresa 1271,Saúde,Grande,492,Go,Anápolis,2024-10-20,Linkedin,Gestão,Mensal,Pix
C01272,Empresa 1272,Tecnologia,Média,270,Ba,Salvador,2025-12-03,Site,Consultoria,Mensal,Boleto
C01273,Empresa 1273,Tecnologia,Média,1024,Pe,Recife,2022-08-21,Parceiro,Gestão,Mensal,Transferência
C01274,Empresa 1274,Saúde,Pequena,901,Ba,Feira De Santana,2022-01-19,Evento,Tecnologia,Anual,Boleto
C01275,Empresa 1275,Financeiro,Grande,428,Mg,Uberlândia,2023-08-18,Parceiro,Tecnologia,Anual,Transferência
C01276,Empresa 1276,Indústria,Grande,287,Pr,Curitiba,2023-11-08,Parceiro,Gestão,Mensal,Cartão
C01277,Empresa 1277,Varejo,Média,147,Ba,Salvador,2023-01-03,Evento,Dados,Mensal,Pix
C01278,Empresa 1278,Saúde,Pequena,135,Go,Anápolis,2024-07-28,Parceiro,Dados,Mensal,Cartão
C01279,Empresa 1279,Saúde,Grande,38,Go,Goiânia,2023-04-08,Evento,Tecnologia,Anual,Cartão
C01280,Empresa 1280,Serviços,Média,531,Rs,Porto Alegre,2025-07-02,Indicação,Dados,Mensal,Boleto
C01281,Empresa 1281,Saúde,Grande,219,Sc,Florianópolis,2023-01-01,Parceiro,Gestão,Anual,Cartão
C01282,Empresa 1282,Educação,Pequena,354,Es,Vitória,2025-10-01,Site,Dados,Mensal,Boleto
C01283,Empresa 1283,Educação,Pequena,672,Mg,Belo Horizonte,2022-12-04,Indicação,Dados,Anual,Transferência
C01284,Empresa 1284,Saúde,Grande,250,Pe,Recife,2023-11-01,Parceiro,Gestão,Anual,Transferência
C01285,Empresa 1285,Saúde,Grande,659,Pe,Recife,2023-12-29,Parceiro,Dados,Mensal,Cartão
C01286,Empresa 1286,Financeiro,Média,1013,Mg,Uberlândia,2024-06-14,Indicação,Gestão,Anual,Boleto
C01287,Empresa 1287,Serviços,Média,718,Sp,Santos,2024-01-19,Linkedin,Dados,Mensal,Transferência
C01288,Empresa 1288,Indústria,Pequena,411,Rs,Caxias Do Sul,2023-01-02,Evento,Dados,Mensal,Cartão
C01289,Empresa 1289,Saúde,Média,1039,Rs,Porto Alegre,2022-07-12,Parceiro,Tecnologia,Mensal,Cartão
C01290,Empresa 1290,Tecnologia,Grande,528,Pe,Jaboatão Dos Guararapes,2024-03-26,Indicação,Consultoria,Anual,Transferência
C01291,Empresa 1291,Educação,Grande,1127,Pe,Recife,2022-12-22,Indicação,Tecnologia,Mensal,Boleto
C01292,Empresa 1292,Tecnologia,Média,254,Mg,Belo Horizonte,2022-09-27,Linkedin,Consultoria,Anual,Pix
C01293,Empresa 1293,Serviços,Pequena,44,Go,Anápolis,2023-07-23,Evento,Dados,Anual,Pix
C01294,Empresa 1294,Serviços,Grande,135,Ba,Salvador,2024-05-02,Site,Dados,Anual,Pix
C01295,Empresa 1295,Tecnologia,Média,416,Mg,Uberlândia,2024-06-27,Site,Consultoria,Anual,Cartão
C01296,Empresa 1296,Tecnologia,Média,964,Go,Goiânia,2023-12-20,Parceiro,Não Informado,Mensal,Pix
C01297,Empresa 1297,Indústria,Pequena,390,Rj,Niterói,2023-01-09,Parceiro,Consultoria,Mensal,Pix
C01298,Empresa 1298,Saúde,Média,176,Pr,Curitiba,2025-07-30,Evento,Dados,Mensal,Cartão
C01299,Empresa 1299,Indústria,Média,374,Sp,Não Informado,2024-02-16,Site,Tecnologia,Anual,Boleto
C01300,Empresa 1300,Varejo,Pequena,614,Pr,Londrina,2023-07-13,Linkedin,Tecnologia,Mensal,Transferência
C01301,Empresa 1301,Saúde,Média,1081,Rs,Caxias Do Sul,2025-03-31,Site,Consultoria,Anual,Boleto
C01302,Empresa 1302,Varejo,Grande,898,Go,Anápolis,2025-03-10,Evento,Dados,Anual,Cartão
C01303,Empresa 1303,Serviços,Pequena,538,Rj,Rio De Janeiro,2024-11-17,Linkedin,Tecnologia,Mensal,Pix
C01304,Empresa 1304,Indústria,Pequena,983,Go,Goiânia,2025-09-10,Linkedin,Tecnologia,Anual,Transferência
C01305,Empresa 1305,Saúde,Grande,224,Es,Vila Velha,2022-03-11,Indicação,Dados,Anual,Transferência
C01306,Empresa 1306,Indústria,Pequena,393,Rs,Caxias Do Sul,2023-11-21,Evento,Dados,Anual,Boleto
C01307,Empresa 1307,Serviços,Grande,944,Sp,Santos,2024-06-18,Parceiro,Gestão,Anual,Transferência
C01308,Empresa 1308,Indústria,Média,701,Pr,Londrina,2023-06-02,Linkedin,Tecnologia,Mensal,Boleto
C01309,Empresa 1309,Educação,Média,561,Go,Anápolis,2022-08-09,Parceiro,Consultoria,Mensal,Boleto
C01310,Empresa 1310,Indústria,Grande,416,Sc,Florianópolis,2025-05-07,Site,Tecnologia,Mensal,Pix
C01311,Empresa 1311,Serviços,Média,949,Sc,Joinville,2022-10-17,Site,Gestão,Mensal,Boleto
C01312,Empresa 1312,Saúde,Média,174,Pr,Curitiba,2022-12-19,Site,Dados,Anual,Pix
C01313,Empresa 1313,Indústria,Grande,776,Pr,Curitiba,2022-11-12,Linkedin,Dados,Anual,Pix
C01314,Empresa 1314,Indústria,Média,445,Pe,Jaboatão Dos Guararapes,2025-01-31,Linkedin,Gestão,Mensal,Pix
C01315,Empresa 1315,Saúde,Pequena,828,Ba,Feira De Santana,2022-09-21,Evento,Gestão,Anual,Pix
C01316,Empresa 1316,Indústria,Grande,65,Rs,Porto Alegre,2024-09-27,Parceiro,Dados,Mensal,Cartão
C01317,Empresa 1317,Financeiro,Pequena,825,Rs,Porto Alegre,2023-11-28,Site,Dados,Anual,Boleto
C01318,Empresa 1318,Saúde,Média,200,Sp,Campinas,2023-03-09,Linkedin,Dados,Anual,Boleto
C01319,Empresa 1319,Educação,Grande,994,Sc,Florianópolis,2023-09-30,Evento,Gestão,Mensal,Boleto
C01320,Empresa 1320,Financeiro,Pequena,962,Ba,Salvador,2025-10-29,Evento,Consultoria,Anual,Pix
C01321,Empresa 1321,Varejo,Grande,1048,Mg,Uberlândia,2023-10-16,Linkedin,Consultoria,Anual,Transferência
C01322,Empresa 1322,Saúde,Média,539,Ba,Salvador,2022-04-22,Parceiro,Não Informado,Anual,Transferência
C01323,Empresa 1323,Saúde,Pequena,376,Rs,Caxias Do Sul,2024-12-31,Parceiro,Gestão,Mensal,Boleto
C01324,Empresa 1324,Indústria,Grande,538,Sp,São Paulo,2023-11-22,Parceiro,Gestão,Anual,Pix
C01325,Empresa 1325,Tecnologia,Pequena,1012,Pe,Jaboatão Dos Guararapes,2023-07-31,Evento,Consultoria,Anual,Cartão
C01326,Empresa 1326,Indústria,Média,58,Ba,Feira De Santana,2023-11-23,Site,Tecnologia,Anual,Transferência
C01327,Empresa 1327,Saúde,Média,82,Sp,Santos,2024-07-03,Indicação,Tecnologia,Mensal,Transferência
C01328,Empresa 1328,Tecnologia,Grande,203,Pr,Curitiba,2022-12-25,Site,Gestão,Anual,Cartão
C01329,Empresa 1329,Indústria,Grande,509,Rs,Caxias Do Sul,2024-07-27,Indicação,Consultoria,Anual,Cartão
C01330,Empresa 1330,Financeiro,Grande,217,Sp,Campinas,2022-10-28,Parceiro,Consultoria,Anual,Cartão
C01331,Empresa 1331,Tecnologia,Pequena,536,Ba,Salvador,2024-03-31,Linkedin,Consultoria,Mensal,Cartão
C01332,Empresa 1332,Financeiro,Grande,509,Sc,Florianópolis,2025-06-14,Evento,Gestão,Mensal,Transferência
C01333,Empresa 1333,Serviços,Pequena,576,Sc,Florianópolis,2025-11-11,Parceiro,Gestão,Mensal,Não Informado
C01334,Empresa 1334,Educação,Pequena,48,Sc,Joinville,2022-01-11,Site,Tecnologia,Anual,Transferência
C01335,Empresa 1335,Saúde,Pequena,463,Es,Vitória,2025-07-24,Indicação,Tecnologia,Mensal,Pix
C01336,Empresa 1336,Indústria,Grande,953,Es,Vila Velha,2023-08-13,Parceiro,Não Informado,Anual,Transferência
C01337,Empresa 1337,Saúde,Média,664,Go,Anápolis,2022-01-26,Linkedin,Dados,Anual,Transferência
C01338,Empresa 1338,Indústria,Pequena,808,Pr,Londrina,2024-12-26,Linkedin,Consultoria,Mensal,Transferência
C01339,Empresa 1339,Tecnologia,Pequena,1094,Go,Anápolis,2023-12-09,Evento,Tecnologia,Anual,Transferência
C01340,Empresa 1340,Varejo,Grande,351,Pe,Jaboatão Dos Guararapes,2022-03-02,Parceiro,Gestão,Anual,Pix
C01341,Empresa 1341,Indústria,Média,490,Sc,Joinville,2025-02-13,Parceiro,Dados,Anual,Pix
C01342,Empresa 1342,Varejo,Pequena,236,Rj,Niterói,2024-03-21,Site,Dados,Anual,Transferência
C01343,Empresa 1343,Educação,Grande,581,Rs,Caxias Do Sul,2023-03-22,Evento,Consultoria,Anual,Transferência
C01344,Empresa 1344,Educação,Média,596,Pr,Londrina,2024-04-07,Site,Não Informado,Anual,Cartão
C01345,Empresa 1345,Serviços,Média,960,Sp,Santos,2024-12-26,Site,Consultoria,Anual,Transferência
C01346,Empresa 1346,Varejo,Grande,69,Ba,Salvador,2024-04-20,Site,Consultoria,Anual,Pix
C01347,Empresa 1347,Varejo,Pequena,1175,Rs,Caxias Do Sul,2025-06-02,Indicação,Tecnologia,Mensal,Transferência
C01348,Empresa 1348,Serviços,Pequena,340,Go,Anápolis,2024-11-13,Evento,Dados,Mensal,Transferência
C01349,Empresa 1349,Varejo,Média,142,Pr,Curitiba,2023-10-23,Site,Gestão,Anual,Boleto
C01350,Empresa 1350,Varejo,Pequena,954,Es,Vitória,2024-06-27,Parceiro,Tecnologia,Mensal,Boleto
C01351,Empresa 1351,Tecnologia,Grande,76,Pe,Jaboatão Dos Guararapes,2022-05-24,Parceiro,Gestão,Anual,Pix
C01352,Empresa 1352,Indústria,Grande,257,Ba,Salvador,2023-06-17,Linkedin,Gestão,Mensal,Cartão
C01353,Empresa 1353,Saúde,Média,1057,Ba,Feira De Santana,2022-03-23,Linkedin,Consultoria,Mensal,Boleto
C01354,Empresa 1354,Serviços,Pequena,356,Sc,Joinville,2025-04-02,Linkedin,Tecnologia,Mensal,Boleto
C01355,Empresa 1355,Saúde,Pequena,685,Pe,Recife,2023-03-07,Linkedin,Gestão,Mensal,Cartão
C01356,Empresa 1356,Indústria,Média,687,Rs,Caxias Do Sul,2023-08-28,Evento,Tecnologia,Mensal,Boleto
C01357,Empresa 1357,Saúde,Pequena,462,Mg,Uberlândia,2024-12-04,Parceiro,Tecnologia,Anual,Cartão
C01358,Empresa 1358,Indústria,Média,983,Mg,Uberlândia,2025-03-08,Evento,Dados,Mensal,Boleto
C01359,Empresa 1359,Serviços,Média,536,Es,Vitória,2023-08-22,Indicação,Dados,Anual,Boleto
C01360,Empresa 1360,Saúde,Média,1051,Es,Vila Velha,2022-01-25,Linkedin,Dados,Anual,Boleto
C01361,Empresa 1361,Saúde,Grande,776,Es,Não Informado,2024-10-23,Linkedin,Dados,Anual,Boleto
C01362,Empresa 1362,Tecnologia,Grande,142,Pe,Jaboatão Dos Guararapes,2024-02-17,Site,Tecnologia,Mensal,Boleto
C01363,Empresa 1363,Financeiro,Grande,254,Mg,Belo Horizonte,2023-07-24,Evento,Gestão,Anual,Pix
C01364,Empresa 1364,Indústria,Pequena,754,Go,Goiânia,2023-04-13,Linkedin,Consultoria,Anual,Pix
C01365,Empresa 1365,Financeiro,Grande,1111,Sc,Florianópolis,2025-02-07,Indicação,Gestão,Mensal,Boleto
C01366,Empresa 1366,Indústria,Grande,511,Sc,Florianópolis,2023-01-10,Linkedin,Dados,Mensal,Cartão
C01367,Empresa 1367,Tecnologia,Grande,399,Go,Goiânia,2023-07-23,Site,Tecnologia,Mensal,Boleto
C01368,Empresa 1368,Financeiro,Grande,987,Pr,Londrina,2023-05-15,Indicação,Consultoria,Anual,Pix
C01369,Empresa 1369,Tecnologia,Média,180,Pr,Londrina,2024-09-06,Site,Consultoria,Mensal,Transferência
C01370,Empresa 1370,Tecnologia,Grande,890,Sc,Florianópolis,2025-03-11,Linkedin,Dados,Anual,Pix
C01371,Empresa 1371,Financeiro,Média,1018,Sc,Florianópolis,2024-04-13,Evento,Gestão,Anual,Cartão
C01372,Empresa 1372,Varejo,Média,573,Sc,Joinville,2024-12-25,Linkedin,Consultoria,Mensal,Transferência
C01373,Empresa 1373,Tecnologia,Média,1025,Sp,São Paulo,2023-10-16,Site,Consultoria,Anual,Cartão
C01374,Empresa 1374,Saúde,Grande,1113,Rj,Rio De Janeiro,2024-06-26,Site,Consultoria,Mensal,Boleto
C01375,Empresa 1375,Saúde,Média,1096,Sc,Joinville,2024-10-24,Indicação,Tecnologia,Mensal,Boleto
C01376,Empresa 1376,Varejo,Média,361,Rs,Porto Alegre,2022-11-17,Parceiro,Dados,Anual,Transferência
C01377,Empresa 1377,Serviços,Grande,561,Es,Vitória,2024-05-03,Evento,Gestão,Anual,Cartão
C01378,Empresa 1378,Saúde,Grande,734,Mg,Uberlândia,2023-09-20,Linkedin,Tecnologia,Anual,Transferência
C01379,Empresa 1379,Tecnologia,Média,123,Ba,Feira De Santana,2022-01-12,Evento,Dados,Anual,Cartão
C01380,Empresa 1380,Varejo,Pequena,534,Sp,Campinas,2025-12-13,Evento,Consultoria,Anual,Transferência
C01381,Empresa 1381,Financeiro,Grande,418,Ba,Salvador,2023-10-30,Parceiro,Gestão,Anual,Pix
C01382,Empresa 1382,Varejo,Média,992,Rj,Niterói,2023-05-13,Indicação,Gestão,Anual,Boleto
C01383,Empresa 1383,Financeiro,Média,131,Sc,Florianópolis,2025-05-27,Indicação,Tecnologia,Anual,Cartão
C01384,Empresa 1384,Tecnologia,Média,285,Pe,Recife,2023-08-06,Evento,Gestão,Mensal,Boleto
C01385,Empresa 1385,Financeiro,Pequena,1160,Es,Vitória,2023-09-05,Linkedin,Dados,Anual,Cartão
C01386,Empresa 1386,Serviços,Média,54,Go,Goiânia,2024-12-23,Indicação,Tecnologia,Anual,Transferência
C01387,Empresa 1387,Saúde,Média,476,Pr,Londrina,2023-01-13,Evento,Tecnologia,Não Informado,Cartão
C01388,Empresa 1388,Indústria,Pequena,297,Sc,Florianópolis,2025-05-21,Linkedin,Gestão,Anual,Transferência
C01389,Empresa 1389,Tecnologia,Grande,774,Sp,São Paulo,2024-12-18,Parceiro,Gestão,Mensal,Cartão
C01390,Empresa 1390,Saúde,Grande,693,Go,Goiânia,2024-10-04,Indicação,Consultoria,Mensal,Boleto
C01391,Empresa 1391,Financeiro,Média,400,Go,Goiânia,2022-06-29,Linkedin,Tecnologia,Anual,Transferência
C01392,Empresa 1392,Saúde,Pequena,382,Mg,Uberlândia,2025-08-25,Linkedin,Gestão,Mensal,Transferência
C01393,Empresa 1393,Tecnologia,Grande,808,Es,Vitória,2023-08-25,Indicação,Dados,Anual,Transferência
C01394,Empresa 1394,Serviços,Pequena,678,Mg,Uberlândia,2023-06-15,Site,Não Informado,Mensal,Boleto
C01395,Empresa 1395,Saúde,Pequena,216,Mg,Belo Horizonte,2023-02-27,Parceiro,Consultoria,Mensal,Não Informado
C01396,Empresa 1396,Serviços,Média,481,Rj,Rio De Janeiro,2023-11-02,Site,Tecnologia,Mensal,Transferência
C01397,Empresa 1397,Varejo,Média,65,Sc,Florianópolis,2023-04-23,Linkedin,Consultoria,Anual,Pix
C01398,Empresa 1398,Educação,Pequena,925,Pe,Jaboatão Dos Guararapes,2023-03-04,Linkedin,Dados,Mensal,Transferência
C01399,Empresa 1399,Tecnologia,Pequena,1047,Es,Vitória,2022-09-13,Site,Dados,Mensal,Transferência
C01400,Empresa 1400,Indústria,Média,860,Es,Vitória,2024-01-04,Site,Consultoria,Anual,Transferência
C01401,Empresa 1401,Tecnologia,Média,43,Sc,Florianópolis,2024-11-07,Linkedin,Gestão,Anual,Pix
C01402,Empresa 1402,Saúde,Pequena,899,Rs,Caxias Do Sul,2024-01-09,Site,Consultoria,Anual,Transferência
C01403,Empresa 1403,Indústria,Grande,672,Sp,São Paulo,2023-07-17,Site,Dados,Mensal,Pix
C01404,Empresa 1404,Varejo,Pequena,972,Mg,Belo Horizonte,2024-11-28,Indicação,Dados,Anual,Cartão
C01405,Empresa 1405,Serviços,Pequena,868,Es,Vitória,2024-04-29,Site,Dados,Mensal,Cartão
C01406,Empresa 1406,Tecnologia,Média,427,Rj,Niterói,2022-11-29,Linkedin,Tecnologia,Anual,Cartão
C01407,Empresa 1407,Saúde,Pequena,973,Sp,São Paulo,2022-02-22,Site,Gestão,Mensal,Transferência
C01408,Empresa 1408,Varejo,Pequena,215,Es,Vitória,2024-12-11,Evento,Dados,Mensal,Transferência
C01409,Empresa 1409,Educação,Média,860,Rj,Niterói,2022-08-19,Site,Consultoria,Anual,Transferência
C01410,Empresa 1410,Varejo,Média,1115,Pe,Jaboatão Dos Guararapes,2023-06-11,Parceiro,Consultoria,Anual,Transferência
C01411,Empresa 1411,Varejo,Pequena,1064,Es,Vitória,2023-02-06,Site,Dados,Mensal,Pix
C01412,Empresa 1412,Financeiro,Pequena,521,Ba,Não Informado,2023-08-02,Evento,Dados,Anual,Cartão
C01413,Empresa 1413,Financeiro,Grande,1068,Pe,Jaboatão Dos Guararapes,2025-09-30,Site,Tecnologia,Anual,Cartão
C01414,Empresa 1414,Indústria,Pequena,798,Mg,Belo Horizonte,2025-04-01,Site,Dados,Mensal,Boleto
C01415,Empresa 1415,Varejo,Média,670,Sp,São Paulo,2023-05-03,Parceiro,Gestão,Anual,Cartão
C01416,Empresa 1416,Serviços,Grande,840,Pr,Londrina,2025-07-11,Site,Gestão,Anual,Transferência
C01417,Empresa 1417,Indústria,Grande,700,Rj,Niterói,2023-07-27,Site,Tecnologia,Anual,Transferência
C01418,Empresa 1418,Indústria,Pequena,711,Go,Anápolis,2024-07-23,Indicação,Tecnologia,Anual,Pix
C01419,Empresa 1419,Tecnologia,Pequena,946,Go,Goiânia,2022-09-16,Indicação,Tecnologia,Mensal,Cartão
C01420,Empresa 1420,Educação,Grande,179,Sc,Florianópolis,2024-07-15,Linkedin,Dados,Mensal,Boleto
C01421,Empresa 1421,Indústria,Grande,734,Sp,Santos,2023-02-11,Parceiro,Dados,Mensal,Cartão
C01422,Empresa 1422,Indústria,Grande,351,Go,Anápolis,2023-04-17,Site,Consultoria,Mensal,Boleto
C01423,Empresa 1423,Financeiro,Média,424,Mg,Uberlândia,2025-01-12,Indicação,Gestão,Anual,Transferência
C01424,Empresa 1424,Educação,Média,669,Go,Goiânia,2024-05-12,Evento,Consultoria,Mensal,Cartão
C01425,Empresa 1425,Saúde,Pequena,146,Go,Goiânia,2025-09-30,Linkedin,Dados,Mensal,Transferência
C01426,Empresa 1426,Educação,Pequena,868,Mg,Uberlândia,2023-05-12,Parceiro,Dados,Mensal,Cartão
C01427,Empresa 1427,Saúde,Pequena,832,Rj,Rio De Janeiro,2023-04-09,Parceiro,Dados,Mensal,Transferência
C01428,Empresa 1428,Saúde,Média,32,Mg,Belo Horizonte,2025-10-08,Parceiro,Tecnologia,Mensal,Transferência
C01429,Empresa 1429,Educação,Média,265,Pr,Londrina,2025-09-14,Site,Consultoria,Anual,Cartão
C01430,Empresa 1430,Serviços,Média,241,Sp,Santos,2024-02-21,Linkedin,Gestão,Mensal,Transferência
C01431,Empresa 1431,Financeiro,Pequena,191,Sc,Joinville,2023-04-06,Site,Gestão,Anual,Transferência
C01432,Empresa 1432,Tecnologia,Média,574,Sp,Campinas,2025-07-30,Parceiro,Tecnologia,Anual,Cartão
C01433,Empresa 1433,Tecnologia,Pequena,1004,Rs,Porto Alegre,2022-06-20,Parceiro,Gestão,Mensal,Transferência
C01434,Empresa 1434,Serviços,Grande,1009,Sc,Joinville,2022-08-01,Parceiro,Gestão,Mensal,Pix
C01435,Empresa 1435,Tecnologia,Grande,204,Es,Vitória,2025-08-09,Site,Tecnologia,Anual,Transferência
C01436,Empresa 1436,Indústria,Média,953,Sp,Santos,2023-12-13,Parceiro,Consultoria,Anual,Transferência
C01437,Empresa 1437,Financeiro,Pequena,59,Sp,Santos,2023-03-19,Evento,Consultoria,Anual,Transferência
C01438,Empresa 1438,Serviços,Média,744,Sp,Santos,2024-07-24,Evento,Tecnologia,Mensal,Cartão
C01439,Empresa 1439,Saúde,Média,548,Pe,Recife,2022-04-08,Site,Tecnologia,Anual,Cartão
C01440,Empresa 1440,Serviços,Pequena,693,Mg,Uberlândia,2024-10-20,Parceiro,Dados,Anual,Cartão
C01441,Empresa 1441,Indústria,Média,650,Rj,Niterói,2022-07-05,Site,Gestão,Mensal,Cartão
C01442,Empresa 1442,Saúde,Média,750,Pe,Recife,2023-12-20,Site,Tecnologia,Mensal,Não Informado
C01443,Empresa 1443,Saúde,Grande,1157,Pr,Londrina,2025-04-06,Parceiro,Dados,Anual,Pix
C01444,Empresa 1444,Tecnologia,Grande,838,Pr,Londrina,2022-07-11,Site,Tecnologia,Anual,Transferência
C01445,Empresa 1445,Tecnologia,Grande,611,Mg,Belo Horizonte,2024-02-28,Evento,Dados,Anual,Pix
C01446,Empresa 1446,Varejo,Grande,570,Pr,Curitiba,2025-01-27,Linkedin,Dados,Mensal,Boleto
C01447,Empresa 1447,Indústria,Pequena,307,Pr,Curitiba,2024-06-20,Evento,Dados,Mensal,Transferência
C01448,Empresa 1448,Financeiro,Grande,1173,Pe,Recife,2024-04-28,Linkedin,Dados,Anual,Transferência
C01449,Empresa 1449,Serviços,Média,549,Sc,Joinville,2025-12-18,Evento,Tecnologia,Mensal,Cartão
C01450,Empresa 1450,Tecnologia,Grande,285,Go,Anápolis,2024-01-02,Site,Dados,Mensal,Transferência
C01451,Empresa 1451,Tecnologia,Grande,476,Go,Anápolis,2023-10-05,Parceiro,Dados,Anual,Cartão
C01452,Empresa 1452,Educação,Grande,906,Es,Vila Velha,2022-04-19,Parceiro,Gestão,Mensal,Boleto
C01453,Empresa 1453,Educação,Grande,127,Sp,Campinas,2025-02-20,Linkedin,Dados,Mensal,Cartão
C01454,Empresa 1454,Financeiro,Média,66,Rj,Niterói,2023-07-20,Linkedin,Dados,Anual,Boleto
C01455,Empresa 1455,Financeiro,Grande,633,Pe,Jaboatão Dos Guararapes,2023-09-27,Site,Gestão,Mensal,Cartão
C01456,Empresa 1456,Tecnologia,Grande,743,Sp,Santos,2025-06-02,Indicação,Consultoria,Mensal,Transferência
C01457,Empresa 1457,Varejo,Grande,377,Mg,Belo Horizonte,2023-02-03,Indicação,Gestão,Mensal,Cartão
C01458,Empresa 1458,Educação,Grande,803,Rj,Niterói,2022-07-12,Linkedin,Gestão,Mensal,Cartão
C01459,Empresa 1459,Saúde,Média,373,Mg,Uberlândia,2022-07-16,Evento,Gestão,Mensal,Boleto
C01460,Empresa 1460,Varejo,Pequena,729,Sc,Florianópolis,2024-04-02,Evento,Gestão,Mensal,Cartão
C01461,Empresa 1461,Tecnologia,Grande,131,Sp,Santos,2025-05-26,Evento,Consultoria,Mensal,Pix
C01462,Empresa 1462,Tecnologia,Média,797,Go,Anápolis,2022-01-26,Indicação,Tecnologia,Mensal,Boleto
C01463,Empresa 1463,Financeiro,Média,382,Pr,Curitiba,2025-07-27,Evento,Consultoria,Mensal,Cartão
C01464,Empresa 1464,Educação,Grande,373,Es,Vitória,2022-12-29,Linkedin,Consultoria,Mensal,Pix
C01465,Empresa 1465,Tecnologia,Média,379,Sc,Florianópolis,2023-08-20,Indicação,Gestão,Mensal,Boleto
C01466,Empresa 1466,Educação,Grande,1132,Es,Vila Velha,2023-11-22,Linkedin,Consultoria,Mensal,Cartão
C01467,Empresa 1467,Varejo,Pequena,1015,Pr,Curitiba,2024-01-19,Linkedin,Consultoria,Anual,Pix
C01468,Empresa 1468,Indústria,Grande,212,Pe,Recife,2025-09-12,Evento,Gestão,Mensal,Cartão
C01469,Empresa 1469,Educação,Pequena,609,Rs,Caxias Do Sul,2022-10-05,Linkedin,Gestão,Anual,Pix
C01470,Empresa 1470,Educação,Pequena,668,Pe,Jaboatão Dos Guararapes,2022-02-18,Parceiro,Gestão,Anual,Transferência
C01471,Empresa 1471,Indústria,Pequena,1090,Sc,Florianópolis,2025-11-01,Site,Consultoria,Não Informado,Não Informado
C01472,Empresa 1472,Financeiro,Pequena,106,Rs,Caxias Do Sul,2022-04-09,Linkedin,Dados,Anual,Pix
C01473,Empresa 1473,Financeiro,Pequena,1051,Ba,Feira De Santana,2024-11-07,Indicação,Dados,Mensal,Transferência
C01474,Empresa 1474,Indústria,Média,159,Mg,Belo Horizonte,2023-03-30,Linkedin,Dados,Mensal,Pix
C01475,Empresa 1475,Indústria,Pequena,604,Ba,Salvador,2023-02-26,Site,Tecnologia,Mensal,Transferência
C01476,Empresa 1476,Serviços,Média,101,Pr,Curitiba,2024-02-01,Site,Dados,Anual,Transferência
C01477,Empresa 1477,Serviços,Grande,644,Es,Vitória,2025-12-25,Evento,Gestão,Mensal,Transferência
C01478,Empresa 1478,Saúde,Pequena,1009,Ba,Feira De Santana,2024-02-12,Parceiro,Consultoria,Anual,Pix
C01479,Empresa 1479,Indústria,Grande,466,Pe,Recife,2022-09-21,Indicação,Consultoria,Mensal,Transferência
C01480,Empresa 1480,Financeiro,Média,352,Rj,Niterói,2023-01-11,Linkedin,Tecnologia,Anual,Cartão
C01481,Empresa 1481,Tecnologia,Pequena,818,Es,Vitória,2023-06-20,Indicação,Gestão,Mensal,Boleto
C01482,Empresa 1482,Educação,Média,233,Go,Goiânia,2022-03-15,Site,Consultoria,Anual,Boleto
C01483,Empresa 1483,Serviços,Pequena,505,Rj,Niterói,2025-11-21,Parceiro,Tecnologia,Anual,Boleto
C01484,Empresa 1484,Serviços,Pequena,1041,Pe,Recife,2025-05-07,Site,Tecnologia,Mensal,Pix
C01485,Empresa 1485,Serviços,Média,369,Mg,Uberlândia,2023-12-01,Linkedin,Dados,Mensal,Transferência
C01486,Empresa 1486,Saúde,Grande,140,Ba,Salvador,2022-11-10,Site,Dados,Anual,Transferência
C01487,Empresa 1487,Tecnologia,Pequena,1092,Sp,Campinas,2024-06-21,Parceiro,Dados,Mensal,Cartão
C01488,Empresa 1488,Indústria,Pequena,849,Sp,Santos,2022-08-17,Parceiro,Não Informado,Mensal,Cartão
C01489,Empresa 1489,Varejo,Pequena,488,Rs,Porto Alegre,2022-03-20,Linkedin,Consultoria,Mensal,Transferência
C01490,Empresa 1490,Serviços,Pequena,82,Es,Vitória,2022-09-03,Indicação,Gestão,Anual,Cartão
C01491,Empresa 1491,Educação,Grande,496,Es,Vila Velha,2024-03-03,Parceiro,Tecnologia,Anual,Transferência
C01492,Empresa 1492,Educação,Grande,747,Pe,Recife,2022-11-10,Site,Tecnologia,Mensal,Transferência
C01493,Empresa 1493,Saúde,Grande,52,Sc,Joinville,2022-11-25,Evento,Dados,Mensal,Transferência
C01494,Empresa 1494,Financeiro,Pequena,833,Ba,Salvador,2025-12-26,Evento,Dados,Anual,Transferência
C01495,Empresa 1495,Indústria,Média,919,Ba,Feira De Santana,2024-08-01,Linkedin,Tecnologia,Anual,Cartão
C01496,Empresa 1496,Indústria,Grande,431,Ba,Salvador,2022-09-30,Site,Dados,Mensal,Cartão
C01497,Empresa 1497,Serviços,Média,777,Pe,Jaboatão Dos Guararapes,2025-01-27,Site,Gestão,Mensal,Transferência
C01498,Empresa 1498,Indústria,Média,625,Rj,Niterói,2025-01-16,Indicação,Dados,Não Informado,Cartão
C01499,Empresa 1499,Indústria,Média,1069,Go,Anápolis,2022-11-17,Site,Gestão,Mensal,Boleto
C01500,Empresa 1500,Indústria,Pequena,569,Ba,Salvador,2025-03-08,Linkedin,Dados,Mensal,Transferência
C01501,Empresa 1501,Varejo,Grande,277,Rs,Caxias Do Sul,2024-08-17,Evento,Consultoria,Mensal,Pix
C01502,Empresa 1502,Tecnologia,Pequena,688,Rj,Rio De Janeiro,2022-02-13,Evento,Tecnologia,Mensal,Boleto
C01503,Empresa 1503,Serviços,Pequena,753,Pr,Londrina,2023-09-22,Parceiro,Gestão,Anual,Cartão
C01504,Empresa 1504,Saúde,Pequena,1160,Mg,Belo Horizonte,2023-08-17,Site,Dados,Anual,Pix
C01505,Empresa 1505,Educação,Pequena,1160,Go,Anápolis,2025-06-20,Evento,Dados,Mensal,Boleto
C01506,Empresa 1506,Serviços,Pequena,287,Pe,Jaboatão Dos Guararapes,2022-07-18,Linkedin,Gestão,Anual,Boleto
C01507,Empresa 1507,Indústria,Média,913,Sp,Santos,2025-04-15,Parceiro,Dados,Anual,Pix
C01508,Empresa 1508,Financeiro,Média,705,Pe,Recife,2025-10-07,Evento,Consultoria,Mensal,Boleto
C01509,Empresa 1509,Indústria,Média,316,Es,Vitória,2023-09-07,Site,Tecnologia,Anual,Pix
C01510,Empresa 1510,Tecnologia,Média,42,Rs,Caxias Do Sul,2025-05-19,Site,Tecnologia,Anual,Boleto
C01511,Empresa 1511,Financeiro,Pequena,1012,Go,Anápolis,2023-07-28,Site,Consultoria,Mensal,Cartão
C01512,Empresa 1512,Educação,Média,92,Sc,Joinville,2024-07-08,Linkedin,Consultoria,Anual,Pix
C01513,Empresa 1513,Tecnologia,Grande,1184,Mg,Belo Horizonte,2025-07-02,Evento,Gestão,Mensal,Transferência
C01514,Empresa 1514,Tecnologia,Grande,563,Ba,Feira De Santana,2024-03-06,Evento,Tecnologia,Anual,Transferência
C01515,Empresa 1515,Saúde,Grande,545,Rs,Porto Alegre,2022-09-29,Linkedin,Tecnologia,Anual,Pix
C01516,Empresa 1516,Tecnologia,Grande,662,Pe,Recife,2025-10-07,Indicação,Dados,Mensal,Boleto
C01517,Empresa 1517,Saúde,Pequena,325,Rj,Rio De Janeiro,2022-12-29,Indicação,Consultoria,Mensal,Pix
C01518,Empresa 1518,Tecnologia,Pequena,953,Rs,Caxias Do Sul,2025-06-18,Indicação,Consultoria,Mensal,Boleto
C01519,Empresa 1519,Varejo,Pequena,197,Pr,Curitiba,2022-06-16,Linkedin,Dados,Mensal,Pix
C01520,Empresa 1520,Saúde,Grande,1094,Rj,Rio De Janeiro,2024-03-03,Linkedin,Dados,Anual,Boleto
C01521,Empresa 1521,Indústria,Grande,135,Pe,Jaboatão Dos Guararapes,2023-08-13,Site,Consultoria,Mensal,Boleto
C01522,Empresa 1522,Varejo,Grande,1188,Pr,Curitiba,2023-06-24,Indicação,Consultoria,Mensal,Boleto
C01523,Empresa 1523,Varejo,Média,617,Rs,Caxias Do Sul,2023-04-12,Parceiro,Tecnologia,Mensal,Transferência
C01524,Empresa 1524,Indústria,Pequena,1096,Sc,Florianópolis,2023-12-08,Evento,Tecnologia,Mensal,Pix
C01525,Empresa 1525,Educação,Média,133,Sp,Santos,2022-05-09,Linkedin,Consultoria,Anual,Pix
C01526,Empresa 1526,Financeiro,Média,144,Rj,Niterói,2023-10-15,Evento,Gestão,Anual,Transferência
C01527,Empresa 1527,Saúde,Média,651,Rs,Porto Alegre,2024-10-20,Site,Dados,Mensal,Cartão
C01528,Empresa 1528,Educação,Média,835,Ba,Feira De Santana,2024-08-10,Linkedin,Gestão,Mensal,Boleto
C01529,Empresa 1529,Tecnologia,Pequena,658,Ba,Feira De Santana,2024-05-09,Site,Gestão,Anual,Pix
C01530,Empresa 1530,Varejo,Pequena,386,Ba,Salvador,2025-09-17,Indicação,Consultoria,Anual,Transferência
C01531,Empresa 1531,Saúde,Pequena,54,Mg,Uberlândia,2023-07-09,Linkedin,Dados,Anual,Cartão
C01532,Empresa 1532,Educação,Grande,1032,Pr,Londrina,2023-01-25,Linkedin,Dados,Anual,Pix
C01533,Empresa 1533,Tecnologia,Média,986,Rs,Caxias Do Sul,2022-08-06,Site,Dados,Anual,Boleto
C01534,Empresa 1534,Tecnologia,Média,334,Ba,Feira De Santana,2024-10-01,Evento,Gestão,Mensal,Boleto
C01535,Empresa 1535,Saúde,Grande,774,Go,Goiânia,2023-08-01,Evento,Gestão,Mensal,Pix
C01536,Empresa 1536,Educação,Pequena,438,Pe,Jaboatão Dos Guararapes,2024-01-28,Site,Tecnologia,Anual,Cartão
C01537,Empresa 1537,Financeiro,Média,408,Go,Goiânia,2023-11-29,Evento,Dados,Mensal,Boleto
C01538,Empresa 1538,Educação,Pequena,651,Pe,Recife,2025-02-27,Linkedin,Dados,Anual,Pix
C01539,Empresa 1539,Educação,Grande,554,Go,Goiânia,2024-10-02,Linkedin,Gestão,Mensal,Cartão
C01540,Empresa 1540,Serviços,Pequena,980,Mg,Belo Horizonte,2024-01-16,Site,Consultoria,Anual,Cartão
C01541,Empresa 1541,Financeiro,Pequena,568,Es,Vila Velha,2024-09-15,Linkedin,Tecnologia,Mensal,Boleto
C01542,Empresa 1542,Tecnologia,Média,134,Es,Vitória,2025-05-24,Parceiro,Tecnologia,Mensal,Transferência
C01543,Empresa 1543,Serviços,Pequena,620,Ba,Feira De Santana,2025-12-05,Site,Dados,Anual,Pix
C01544,Empresa 1544,Indústria,Média,171,Sp,Campinas,2025-08-27,Linkedin,Dados,Anual,Transferência
C01545,Empresa 1545,Financeiro,Média,653,Go,Goiânia,2022-11-18,Evento,Gestão,Anual,Boleto
C01546,Empresa 1546,Saúde,Pequena,273,Es,Vila Velha,2024-07-17,Indicação,Consultoria,Mensal,Cartão
C01547,Empresa 1547,Saúde,Pequena,655,Go,Anápolis,2024-09-04,Parceiro,Consultoria,Anual,Cartão
C01548,Empresa 1548,Saúde,Grande,80,Ba,Não Informado,2022-12-31,Evento,Consultoria,Mensal,Boleto
C01549,Empresa 1549,Tecnologia,Pequena,320,Pe,Recife,2022-05-11,Parceiro,Dados,Mensal,Pix
C01550,Empresa 1550,Saúde,Pequena,855,Rs,Caxias Do Sul,2024-01-02,Indicação,Gestão,Anual,Pix
C01551,Empresa 1551,Indústria,Média,327,Go,Goiânia,2024-05-02,Site,Gestão,Mensal,Pix
C01552,Empresa 1552,Varejo,Pequena,1152,Sc,Florianópolis,2023-04-11,Indicação,Dados,Anual,Pix
C01553,Empresa 1553,Serviços,Pequena,322,Sp,São Paulo,2023-03-25,Parceiro,Tecnologia,Anual,Transferência
C01554,Empresa 1554,Financeiro,Média,1018,Ba,Salvador,2022-02-09,Linkedin,Consultoria,Mensal,Boleto
C01555,Empresa 1555,Varejo,Pequena,1016,Es,Vitória,2022-03-15,Evento,Consultoria,Anual,Boleto
C01556,Empresa 1556,Varejo,Grande,25,Ba,Feira De Santana,2023-03-12,Evento,Tecnologia,Anual,Não Informado
C01557,Empresa 1557,Saúde,Média,410,Pr,Londrina,2025-05-29,Evento,Gestão,Mensal,Cartão
C01558,Empresa 1558,Educação,Grande,1058,Pe,Jaboatão Dos Guararapes,2022-03-01,Site,Dados,Mensal,Pix
C01559,Empresa 1559,Indústria,Pequena,419,Ba,Feira De Santana,2022-08-07,Site,Tecnologia,Anual,Transferência
C01560,Empresa 1560,Indústria,Pequena,1170,Sp,Campinas,2025-08-19,Site,Consultoria,Anual,Pix
C01561,Empresa 1561,Serviços,Média,432,Pr,Londrina,2023-01-06,Linkedin,Tecnologia,Anual,Transferência
C01562,Empresa 1562,Educação,Média,1158,Es,Vila Velha,2022-12-05,Site,Consultoria,Mensal,Pix
C01563,Empresa 1563,Tecnologia,Pequena,571,Sp,São Paulo,2025-06-22,Evento,Gestão,Anual,Boleto
C01564,Empresa 1564,Saúde,Pequena,400,Rj,Niterói,2022-04-20,Evento,Consultoria,Anual,Transferência
C01565,Empresa 1565,Serviços,Pequena,255,Sp,Campinas,2023-09-02,Site,Tecnologia,Anual,Boleto
C01566,Empresa 1566,Indústria,Grande,72,Rj,Niterói,2025-07-27,Site,Consultoria,Mensal,Pix
C01567,Empresa 1567,Serviços,Grande,1151,Pr,Londrina,2024-07-21,Evento,Consultoria,Anual,Pix
C01568,Empresa 1568,Tecnologia,Média,782,Mg,Belo Horizonte,2023-03-18,Indicação,Gestão,Anual,Transferência
C01569,Empresa 1569,Tecnologia,Grande,100,Ba,Salvador,2022-12-25,Evento,Tecnologia,Anual,Boleto
C01570,Empresa 1570,Indústria,Média,395,Sc,Florianópolis,2022-02-19,Linkedin,Consultoria,Mensal,Transferência
C01571,Empresa 1571,Educação,Pequena,106,Go,Anápolis,2025-12-10,Evento,Consultoria,Anual,Transferência
C01572,Empresa 1572,Tecnologia,Média,770,Pe,Recife,2025-01-20,Evento,Tecnologia,Anual,Boleto
C01573,Empresa 1573,Saúde,Média,721,Es,Vila Velha,2024-04-02,Site,Gestão,Anual,Cartão
C01574,Empresa 1574,Financeiro,Média,291,Ba,Feira De Santana,2022-06-27,Evento,Gestão,Anual,Boleto
C01575,Empresa 1575,Financeiro,Grande,307,Sp,Santos,2023-12-05,Evento,Dados,Mensal,Boleto
C01576,Empresa 1576,Serviços,Média,239,Ba,Salvador,2022-06-17,Parceiro,Consultoria,Mensal,Cartão
C01577,Empresa 1577,Varejo,Grande,474,Go,Anápolis,2025-09-23,Linkedin,Consultoria,Anual,Cartão
C01578,Empresa 1578,Financeiro,Grande,814,Go,Goiânia,2024-03-19,Parceiro,Tecnologia,Anual,Pix
C01579,Empresa 1579,Indústria,Média,328,Pr,Curitiba,2025-08-04,Indicação,Consultoria,Anual,Boleto
C01580,Empresa 1580,Saúde,Pequena,841,Rj,Niterói,2025-11-24,Site,Consultoria,Mensal,Pix
C01581,Empresa 1581,Saúde,Pequena,434,Sp,São Paulo,2022-03-05,Indicação,Consultoria,Anual,Transferência
C01582,Empresa 1582,Saúde,Grande,835,Rj,Rio De Janeiro,2024-05-14,Parceiro,Tecnologia,Anual,Transferência
C01583,Empresa 1583,Saúde,Média,989,Rs,Porto Alegre,2023-03-03,Linkedin,Consultoria,Anual,Cartão
C01584,Empresa 1584,Saúde,Grande,979,Rs,Não Informado,2022-03-05,Parceiro,Consultoria,Anual,Cartão
C01585,Empresa 1585,Educação,Pequena,1008,Pe,Recife,2022-02-25,Linkedin,Tecnologia,Mensal,Pix
C01586,Empresa 1586,Tecnologia,Média,787,Pr,Londrina,2025-07-16,Site,Gestão,Mensal,Cartão
C01587,Empresa 1587,Serviços,Grande,934,Sc,Florianópolis,2025-02-05,Parceiro,Gestão,Mensal,Pix
C01588,Empresa 1588,Serviços,Grande,67,Mg,Uberlândia,2025-04-30,Indicação,Dados,Anual,Cartão
C01589,Empresa 1589,Serviços,Grande,109,Es,Vila Velha,2024-03-05,Parceiro,Consultoria,Anual,Boleto
C01590,Empresa 1590,Serviços,Pequena,91,Pe,Jaboatão Dos Guararapes,2023-08-24,Parceiro,Tecnologia,Anual,Pix
C01591,Empresa 1591,Varejo,Média,1005,Mg,Belo Horizonte,2022-06-07,Indicação,Gestão,Mensal,Transferência
C01592,Empresa 1592,Varejo,Pequena,706,Sp,Santos,2023-09-12,Parceiro,Gestão,Mensal,Transferência
C01593,Empresa 1593,Varejo,Pequena,280,Rj,Rio De Janeiro,2022-07-27,Linkedin,Gestão,Anual,Transferência
C01594,Empresa 1594,Financeiro,Grande,764,Sp,Santos,2025-12-21,Parceiro,Consultoria,Anual,Transferência
C01595,Empresa 1595,Educação,Grande,874,Sp,São Paulo,2023-07-26,Indicação,Consultoria,Anual,Cartão
C01596,Empresa 1596,Financeiro,Pequena,291,Pe,Recife,2024-04-01,Indicação,Dados,Mensal,Boleto
C01597,Empresa 1597,Indústria,Grande,774,Pr,Londrina,2024-07-02,Linkedin,Consultoria,Mensal,Transferência
C01598,Empresa 1598,Tecnologia,Pequena,424,Rj,Rio De Janeiro,2025-02-20,Evento,Dados,Anual,Pix
C01599,Empresa 1599,Financeiro,Pequena,240,Rs,Caxias Do Sul,2022-05-03,Parceiro,Consultoria,Anual,Boleto
C01600,Empresa 1600,Serviços,Média,447,Rs,Porto Alegre,2023-05-15,Linkedin,Gestão,Anual,Boleto
C01601,Empresa 1601,Educação,Grande,1118,Rj,Não Informado,2022-12-20,Site,Dados,Mensal,Pix
C01602,Empresa 1602,Tecnologia,Grande,347,Pe,Recife,2024-11-17,Linkedin,Tecnologia,Mensal,Cartão
C01603,Empresa 1603,Serviços,Média,97,Ba,Feira De Santana,2022-05-03,Linkedin,Consultoria,Mensal,Pix
C01604,Empresa 1604,Financeiro,Pequena,270,Ba,Feira De Santana,2024-07-10,Parceiro,Gestão,Mensal,Boleto
C01605,Empresa 1605,Saúde,Média,163,Es,Vila Velha,2024-12-03,Parceiro,Consultoria,Anual,Pix
C01606,Empresa 1606,Indústria,Pequena,91,Go,Anápolis,2022-06-23,Evento,Gestão,Anual,Transferência
C01607,Empresa 1607,Serviços,Grande,679,Rs,Caxias Do Sul,2023-09-14,Linkedin,Gestão,Anual,Boleto
C01608,Empresa 1608,Tecnologia,Grande,1012,Pe,Jaboatão Dos Guararapes,2023-11-22,Parceiro,Consultoria,Anual,Cartão
C01609,Empresa 1609,Financeiro,Grande,476,Sc,Joinville,2023-08-15,Evento,Dados,Mensal,Cartão
C01610,Empresa 1610,Serviços,Média,1070,Sc,Joinville,2023-01-28,Evento,Tecnologia,Anual,Boleto
C01611,Empresa 1611,Serviços,Grande,614,Es,Vitória,2022-10-13,Evento,Tecnologia,Mensal,Transferência
C01612,Empresa 1612,Varejo,Pequena,606,Es,Vitória,2024-12-01,Site,Tecnologia,Mensal,Transferência
C01613,Empresa 1613,Educação,Média,564,Rs,Caxias Do Sul,2023-05-19,Parceiro,Tecnologia,Mensal,Cartão
C01614,Empresa 1614,Saúde,Pequena,781,Es,Vila Velha,2022-05-28,Indicação,Consultoria,Mensal,Cartão
C01615,Empresa 1615,Financeiro,Grande,577,Pe,Jaboatão Dos Guararapes,2024-07-20,Site,Tecnologia,Mensal,Transferência
C01616,Empresa 1616,Tecnologia,Média,905,Pe,Jaboatão Dos Guararapes,2025-05-04,Evento,Consultoria,Mensal,Boleto
C01617,Empresa 1617,Serviços,Pequena,94,Rj,Rio De Janeiro,2024-01-11,Evento,Consultoria,Anual,Boleto
C01618,Empresa 1618,Educação,Pequena,91,Rj,Rio De Janeiro,2025-11-07,Indicação,Consultoria,Anual,Cartão
C01619,Empresa 1619,Varejo,Pequena,461,Sc,Joinville,2024-05-30,Parceiro,Tecnologia,Mensal,Boleto
C01620,Empresa 1620,Financeiro,Média,460,Sp,São Paulo,2025-02-07,Linkedin,Dados,Mensal,Boleto
C01621,Empresa 1621,Indústria,Grande,562,Rj,Niterói,2025-03-15,Indicação,Consultoria,Mensal,Transferência
C01622,Empresa 1622,Educação,Grande,349,Pr,Curitiba,2023-05-11,Site,Tecnologia,Mensal,Pix
C01623,Empresa 1623,Saúde,Média,1197,Pr,Londrina,2025-10-06,Linkedin,Dados,Mensal,Pix
C01624,Empresa 1624,Indústria,Média,916,Rj,Rio De Janeiro,2024-04-16,Linkedin,Não Informado,Mensal,Cartão
C01625,Empresa 1625,Educação,Média,1083,Pr,Londrina,2025-10-10,Evento,Consultoria,Anual,Transferência
C01626,Empresa 1626,Varejo,Média,305,Pe,Recife,2025-05-27,Parceiro,Gestão,Mensal,Transferência
C01627,Empresa 1627,Saúde,Média,839,Pr,Londrina,2023-03-23,Site,Tecnologia,Mensal,Transferência
C01628,Empresa 1628,Tecnologia,Grande,1163,Es,Vitória,2024-08-19,Indicação,Gestão,Mensal,Transferência
C01629,Empresa 1629,Saúde,Média,51,Es,Vila Velha,2023-12-08,Linkedin,Gestão,Anual,Pix
C01630,Empresa 1630,Saúde,Pequena,561,Ba,Feira De Santana,2023-06-07,Evento,Consultoria,Mensal,Boleto
C01631,Empresa 1631,Indústria,Grande,1097,Pr,Curitiba,2025-04-14,Indicação,Gestão,Anual,Pix
C01632,Empresa 1632,Indústria,Pequena,199,Pr,Curitiba,2022-07-04,Evento,Consultoria,Anual,Transferência
C01633,Empresa 1633,Varejo,Média,580,Mg,Belo Horizonte,2023-08-24,Site,Gestão,Anual,Boleto
C01634,Empresa 1634,Varejo,Pequena,116,Go,Goiânia,2022-05-17,Evento,Gestão,Anual,Boleto
C01635,Empresa 1635,Serviços,Pequena,167,Pr,Curitiba,2022-02-05,Indicação,Tecnologia,Mensal,Pix
C01636,Empresa 1636,Serviços,Média,376,Pe,Recife,2025-02-07,Parceiro,Dados,Mensal,Pix
C01637,Empresa 1637,Serviços,Média,1061,Rs,Porto Alegre,2022-12-18,Parceiro,Consultoria,Anual,Boleto
C01638,Empresa 1638,Educação,Pequena,280,Mg,Belo Horizonte,2022-04-10,Parceiro,Tecnologia,Anual,Transferência
C01639,Empresa 1639,Varejo,Grande,235,Pr,Curitiba,2024-07-20,Site,Consultoria,Mensal,Transferência
C01640,Empresa 1640,Saúde,Média,1093,Mg,Uberlândia,2022-01-02,Linkedin,Gestão,Anual,Cartão
C01641,Empresa 1641,Indústria,Grande,839,Es,Vila Velha,2025-03-28,Parceiro,Gestão,Mensal,Transferência
C01642,Empresa 1642,Varejo,Pequena,762,Mg,Uberlândia,2022-03-16,Indicação,Gestão,Anual,Transferência
C01643,Empresa 1643,Tecnologia,Média,1007,Sc,Florianópolis,2024-02-05,Indicação,Dados,Anual,Boleto
C01644,Empresa 1644,Serviços,Grande,296,Pe,Jaboatão Dos Guararapes,2025-04-24,Linkedin,Dados,Mensal,Pix
C01645,Empresa 1645,Saúde,Média,827,Pr,Londrina,2024-06-18,Linkedin,Tecnologia,Mensal,Transferência
C01646,Empresa 1646,Tecnologia,Pequena,308,Mg,Belo Horizonte,2024-05-01,Evento,Tecnologia,Mensal,Cartão
C01647,Empresa 1647,Indústria,Média,169,Pe,Jaboatão Dos Guararapes,2024-03-02,Evento,Gestão,Mensal,Transferência
C01648,Empresa 1648,Saúde,Pequena,645,Rj,Rio De Janeiro,2023-12-23,Indicação,Consultoria,Mensal,Cartão
C01649,Empresa 1649,Financeiro,Pequena,1077,Sp,Campinas,2022-02-20,Indicação,Gestão,Anual,Cartão
C01650,Empresa 1650,Saúde,Grande,678,Es,Vila Velha,2024-07-31,Evento,Consultoria,Mensal,Transferência
C01651,Empresa 1651,Serviços,Grande,84,Pe,Recife,2024-06-06,Site,Gestão,Anual,Transferência
C01652,Empresa 1652,Varejo,Pequena,200,Sc,Joinville,2022-10-22,Evento,Gestão,Mensal,Pix
C01653,Empresa 1653,Tecnologia,Pequena,408,Sp,Campinas,2023-09-13,Parceiro,Dados,Anual,Boleto
C01654,Empresa 1654,Financeiro,Média,441,Ba,Salvador,2025-01-25,Indicação,Dados,Mensal,Cartão
C01655,Empresa 1655,Varejo,Média,349,Pe,Jaboatão Dos Guararapes,2022-05-16,Indicação,Consultoria,Anual,Cartão
C01656,Empresa 1656,Serviços,Média,538,Es,Vila Velha,2024-02-02,Evento,Dados,Anual,Boleto
C01657,Empresa 1657,Educação,Média,567,Pr,Londrina,2022-02-15,Parceiro,Tecnologia,Anual,Transferência
C01658,Empresa 1658,Saúde,Média,228,Sp,São Paulo,2025-04-26,Parceiro,Dados,Mensal,Pix
C01659,Empresa 1659,Tecnologia,Grande,1120,Pe,Jaboatão Dos Guararapes,2022-11-10,Linkedin,Gestão,Anual,Cartão
C01660,Empresa 1660,Varejo,Pequena,995,Sc,Florianópolis,2022-06-16,Evento,Consultoria,Anual,Transferência
C01661,Empresa 1661,Educação,Média,72,Ba,Feira De Santana,2022-11-12,Evento,Consultoria,Anual,Boleto
C01662,Empresa 1662,Educação,Grande,448,Pe,Jaboatão Dos Guararapes,2024-10-04,Linkedin,Dados,Anual,Boleto
C01663,Empresa 1663,Saúde,Pequena,679,Es,Vila Velha,2022-12-04,Indicação,Consultoria,Mensal,Pix
C01664,Empresa 1664,Financeiro,Média,1018,Sp,São Paulo,2022-11-04,Site,Consultoria,Mensal,Transferência
C01665,Empresa 1665,Varejo,Média,761,Mg,Uberlândia,2022-03-08,Parceiro,Consultoria,Mensal,Boleto
C01666,Empresa 1666,Tecnologia,Pequena,178,Sc,Não Informado,2023-11-08,Parceiro,Consultoria,Mensal,Boleto
C01667,Empresa 1667,Tecnologia,Média,606,Ba,Salvador,2024-10-01,Parceiro,Tecnologia,Mensal,Pix
C01668,Empresa 1668,Serviços,Média,332,Pe,Recife,2025-05-26,Linkedin,Dados,Anual,Pix
C01669,Empresa 1669,Indústria,Pequena,978,Ba,Feira De Santana,2023-11-25,Evento,Tecnologia,Anual,Transferência
C01670,Empresa 1670,Serviços,Média,678,Ba,Salvador,2023-04-27,Site,Gestão,Mensal,Boleto
C01671,Empresa 1671,Tecnologia,Grande,251,Sp,São Paulo,2022-06-12,Indicação,Gestão,Mensal,Boleto
C01672,Empresa 1672,Serviços,Média,665,Rj,Rio De Janeiro,2023-08-02,Linkedin,Gestão,Anual,Pix
C01673,Empresa 1673,Saúde,Grande,439,Go,Anápolis,2025-04-18,Indicação,Tecnologia,Mensal,Transferência
C01674,Empresa 1674,Tecnologia,Pequena,74,Pr,Londrina,2023-12-08,Linkedin,Dados,Anual,Transferência
C01675,Empresa 1675,Serviços,Média,930,Ba,Salvador,2025-12-23,Evento,Gestão,Anual,Boleto
C01676,Empresa 1676,Saúde,Média,200,Sp,Campinas,2022-12-03,Evento,Dados,Mensal,Boleto
C01677,Empresa 1677,Financeiro,Média,579,Pr,Curitiba,2024-11-16,Site,Gestão,Mensal,Pix
C01678,Empresa 1678,Saúde,Grande,773,Rs,Caxias Do Sul,2025-12-27,Indicação,Consultoria,Anual,Boleto
C01679,Empresa 1679,Saúde,Grande,1044,Pr,Londrina,2022-10-30,Parceiro,Gestão,Mensal,Não Informado
C01680,Empresa 1680,Indústria,Grande,1130,Sp,Campinas,2024-07-20,Parceiro,Gestão,Mensal,Cartão
C01681,Empresa 1681,Educação,Grande,138,Rs,Caxias Do Sul,2022-02-06,Linkedin,Gestão,Mensal,Cartão
C01682,Empresa 1682,Educação,Média,624,Es,Vitória,2023-04-02,Site,Tecnologia,Anual,Cartão
C01683,Empresa 1683,Varejo,Pequena,464,Sp,Campinas,2024-12-22,Site,Gestão,Mensal,Transferência
C01684,Empresa 1684,Serviços,Média,1106,Sp,Santos,2022-06-05,Linkedin,Consultoria,Anual,Pix
C01685,Empresa 1685,Varejo,Grande,1141,Pe,Jaboatão Dos Guararapes,2025-04-03,Indicação,Dados,Anual,Cartão
C01686,Empresa 1686,Indústria,Pequena,39,Mg,Uberlândia,2025-01-21,Indicação,Tecnologia,Mensal,Transferência
C01687,Empresa 1687,Varejo,Grande,538,Sp,São Paulo,2022-07-23,Evento,Tecnologia,Anual,Boleto
C01688,Empresa 1688,Indústria,Pequena,750,Ba,Salvador,2023-02-22,Evento,Tecnologia,Mensal,Pix
C01689,Empresa 1689,Serviços,Pequena,500,Mg,Belo Horizonte,2022-09-06,Evento,Dados,Mensal,Transferência
C01690,Empresa 1690,Financeiro,Grande,962,Rs,Porto Alegre,2022-09-06,Linkedin,Tecnologia,Mensal,Cartão
C01691,Empresa 1691,Varejo,Média,397,Rj,Niterói,2023-12-25,Indicação,Consultoria,Mensal,Boleto
C01692,Empresa 1692,Varejo,Grande,1105,Mg,Belo Horizonte,2023-12-02,Linkedin,Tecnologia,Mensal,Cartão
C01693,Empresa 1693,Tecnologia,Grande,834,Ba,Salvador,2024-06-04,Site,Dados,Anual,Pix
C01694,Empresa 1694,Serviços,Média,1151,Pr,Londrina,2025-09-07,Linkedin,Tecnologia,Anual,Boleto
C01695,Empresa 1695,Educação,Pequena,17,Sp,Santos,2022-03-16,Evento,Consultoria,Anual,Cartão
C01696,Empresa 1696,Saúde,Média,184,Ba,Salvador,2022-01-16,Indicação,Não Informado,Mensal,Transferência
C01697,Empresa 1697,Financeiro,Grande,707,Pe,Recife,2025-02-07,Parceiro,Consultoria,Anual,Boleto
C01698,Empresa 1698,Serviços,Média,610,Sc,Florianópolis,2025-01-04,Indicação,Consultoria,Anual,Boleto
C01699,Empresa 1699,Varejo,Média,706,Sc,Joinville,2024-02-17,Indicação,Tecnologia,Mensal,Transferência
C01700,Empresa 1700,Educação,Pequena,63,Sc,Joinville,2023-09-07,Evento,Dados,Mensal,Boleto
C01701,Empresa 1701,Financeiro,Pequena,752,Go,Goiânia,2025-05-19,Indicação,Tecnologia,Anual,Cartão
C01702,Empresa 1702,Financeiro,Pequena,171,Rj,Rio De Janeiro,2023-01-10,Indicação,Tecnologia,Anual,Pix
C01703,Empresa 1703,Serviços,Grande,1128,Go,Anápolis,2025-03-28,Parceiro,Tecnologia,Mensal,Transferência
C01704,Empresa 1704,Educação,Pequena,692,Sp,Campinas,2023-10-01,Indicação,Dados,Mensal,Pix
C01705,Empresa 1705,Tecnologia,Média,97,Es,Vila Velha,2022-01-09,Evento,Gestão,Mensal,Cartão
C01706,Empresa 1706,Financeiro,Pequena,177,Mg,Uberlândia,2025-04-25,Site,Dados,Mensal,Pix
C01707,Empresa 1707,Indústria,Grande,269,Pe,Recife,2023-03-24,Parceiro,Dados,Anual,Pix
C01708,Empresa 1708,Financeiro,Grande,394,Go,Anápolis,2023-07-14,Parceiro,Dados,Mensal,Transferência
C01709,Empresa 1709,Indústria,Média,404,Pr,Londrina,2025-06-09,Evento,Dados,Anual,Transferência
C01710,Empresa 1710,Saúde,Pequena,265,Es,Vila Velha,2023-08-13,Evento,Gestão,Mensal,Pix
C01711,Empresa 1711,Varejo,Grande,528,Ba,Salvador,2025-04-24,Parceiro,Dados,Mensal,Boleto
C01712,Empresa 1712,Tecnologia,Pequena,521,Mg,Belo Horizonte,2025-12-27,Indicação,Gestão,Mensal,Boleto
C01713,Empresa 1713,Financeiro,Pequena,440,Sc,Florianópolis,2022-08-19,Indicação,Gestão,Mensal,Cartão
C01714,Empresa 1714,Varejo,Pequena,262,Pr,Londrina,2024-07-04,Evento,Gestão,Anual,Cartão
C01715,Empresa 1715,Varejo,Grande,308,Pe,Recife,2025-09-20,Linkedin,Tecnologia,Mensal,Boleto
C01716,Empresa 1716,Saúde,Média,110,Pe,Jaboatão Dos Guararapes,2024-09-28,Indicação,Gestão,Anual,Boleto
C01717,Empresa 1717,Indústria,Média,1083,Sp,Campinas,2022-05-03,Site,Gestão,Mensal,Cartão
C01718,Empresa 1718,Saúde,Pequena,882,Mg,Belo Horizonte,2023-08-04,Linkedin,Consultoria,Anual,Cartão
C01719,Empresa 1719,Varejo,Média,421,Sc,Joinville,2025-08-12,Linkedin,Gestão,Anual,Boleto
C01720,Empresa 1720,Educação,Pequena,45,Pe,Recife,2023-03-28,Linkedin,Gestão,Mensal,Boleto
C01721,Empresa 1721,Indústria,Média,1079,Rj,Niterói,2023-07-03,Indicação,Tecnologia,Anual,Transferência
C01722,Empresa 1722,Financeiro,Pequena,504,Sp,Campinas,2022-05-09,Evento,Dados,Mensal,Transferência
C01723,Empresa 1723,Varejo,Pequena,680,Go,Anápolis,2022-01-07,Parceiro,Tecnologia,Mensal,Transferência
C01724,Empresa 1724,Tecnologia,Grande,637,Pr,Londrina,2023-01-19,Evento,Tecnologia,Mensal,Transferência
C01725,Empresa 1725,Financeiro,Média,206,Es,Vila Velha,2025-03-03,Linkedin,Dados,Mensal,Cartão
C01726,Empresa 1726,Saúde,Média,503,Sp,Santos,2023-11-20,Evento,Gestão,Mensal,Transferência
C01727,Empresa 1727,Indústria,Pequena,221,Go,Goiânia,2022-02-03,Site,Gestão,Mensal,Boleto
C01728,Empresa 1728,Financeiro,Grande,158,Pe,Recife,2024-04-24,Parceiro,Gestão,Mensal,Boleto
C01729,Empresa 1729,Saúde,Pequena,84,Pr,Londrina,2023-03-24,Indicação,Gestão,Mensal,Cartão
C01730,Empresa 1730,Varejo,Pequena,707,Es,Vitória,2024-07-10,Parceiro,Consultoria,Mensal,Cartão
C01731,Empresa 1731,Indústria,Grande,503,Es,Vitória,2025-01-04,Linkedin,Tecnologia,Mensal,Pix
C01732,Empresa 1732,Serviços,Média,687,Pe,Recife,2023-03-20,Indicação,Dados,Anual,Pix
C01733,Empresa 1733,Saúde,Média,936,Ba,Salvador,2025-11-27,Indicação,Consultoria,Mensal,Cartão
C01734,Empresa 1734,Serviços,Pequena,489,Pr,Curitiba,2022-12-19,Site,Dados,Mensal,Boleto
C01735,Empresa 1735,Educação,Pequena,930,Mg,Belo Horizonte,2023-08-28,Parceiro,Dados,Mensal,Pix
C01736,Empresa 1736,Indústria,Média,894,Pr,Curitiba,2024-01-21,Indicação,Dados,Anual,Transferência
C01737,Empresa 1737,Saúde,Pequena,1101,Sp,São Paulo,2022-12-17,Linkedin,Consultoria,Mensal,Boleto
C01738,Empresa 1738,Varejo,Média,232,Pr,Londrina,2022-05-30,Site,Dados,Anual,Cartão
C01739,Empresa 1739,Serviços,Grande,1101,Pe,Recife,2022-11-19,Linkedin,Gestão,Mensal,Transferência
C01740,Empresa 1740,Saúde,Grande,448,Sc,Florianópolis,2023-10-09,Site,Gestão,Anual,Transferência
C01741,Empresa 1741,Tecnologia,Grande,246,Go,Goiânia,2024-08-10,Indicação,Dados,Mensal,Transferência
C01742,Empresa 1742,Financeiro,Grande,286,Ba,Salvador,2025-08-23,Parceiro,Dados,Mensal,Boleto
C01743,Empresa 1743,Financeiro,Grande,1123,Pr,Curitiba,2022-04-14,Site,Consultoria,Anual,Pix
C01744,Empresa 1744,Saúde,Grande,288,Sc,Florianópolis,2023-06-19,Indicação,Gestão,Anual,Boleto
C01745,Empresa 1745,Indústria,Grande,193,Mg,Belo Horizonte,2023-03-28,Parceiro,Gestão,Mensal,Transferência
C01746,Empresa 1746,Indústria,Média,953,Go,Goiânia,2022-06-14,Evento,Tecnologia,Mensal,Pix
C01747,Empresa 1747,Serviços,Grande,59,Sp,Santos,2022-02-25,Indicação,Consultoria,Anual,Boleto
C01748,Empresa 1748,Tecnologia,Grande,399,Es,Vila Velha,2022-06-16,Indicação,Gestão,Anual,Pix
C01749,Empresa 1749,Tecnologia,Pequena,733,Es,Vila Velha,2022-02-22,Linkedin,Consultoria,Anual,Cartão
C01750,Empresa 1750,Tecnologia,Grande,312,Sc,Joinville,2022-11-23,Evento,Gestão,Mensal,Boleto
C01751,Empresa 1751,Financeiro,Grande,96,Mg,Uberlândia,2023-08-15,Linkedin,Gestão,Mensal,Transferência
C01752,Empresa 1752,Tecnologia,Grande,110,Pe,Recife,2022-02-23,Evento,Dados,Anual,Cartão
C01753,Empresa 1753,Saúde,Grande,1066,Rs,Caxias Do Sul,2022-07-01,Parceiro,Dados,Anual,Transferência
C01754,Empresa 1754,Varejo,Média,315,Es,Vila Velha,2022-09-09,Parceiro,Dados,Anual,Não Informado
C01755,Empresa 1755,Saúde,Pequena,1191,Sp,Campinas,2024-01-20,Indicação,Consultoria,Anual,Pix
C01756,Empresa 1756,Varejo,Média,1153,Ba,Feira De Santana,2023-03-02,Parceiro,Tecnologia,Mensal,Boleto
C01757,Empresa 1757,Tecnologia,Média,106,Mg,Belo Horizonte,2022-05-13,Linkedin,Consultoria,Mensal,Pix
C01758,Empresa 1758,Indústria,Média,373,Sc,Joinville,2025-07-05,Linkedin,Dados,Mensal,Transferência
C01759,Empresa 1759,Indústria,Pequena,828,Pr,Londrina,2024-12-18,Site,Dados,Mensal,Boleto
C01760,Empresa 1760,Indústria,Média,359,Ba,Feira De Santana,2025-06-21,Linkedin,Tecnologia,Mensal,Pix
C01761,Empresa 1761,Serviços,Grande,277,Pr,Londrina,2024-05-09,Parceiro,Gestão,Mensal,Pix
C01762,Empresa 1762,Tecnologia,Média,93,Sc,Joinville,2023-05-31,Evento,Gestão,Mensal,Cartão
C01763,Empresa 1763,Serviços,Pequena,392,Rs,Caxias Do Sul,2023-08-19,Site,Tecnologia,Anual,Boleto
C01764,Empresa 1764,Serviços,Grande,57,Sc,Não Informado,2023-01-28,Linkedin,Gestão,Anual,Transferência
C01765,Empresa 1765,Financeiro,Grande,1096,Sc,Florianópolis,2023-08-19,Site,Consultoria,Anual,Boleto
C01766,Empresa 1766,Financeiro,Grande,375,Go,Anápolis,2025-11-29,Evento,Dados,Anual,Pix
C01767,Empresa 1767,Saúde,Grande,127,Rs,Caxias Do Sul,2022-03-18,Site,Dados,Mensal,Boleto
C01768,Empresa 1768,Serviços,Grande,537,Rs,Caxias Do Sul,2023-02-02,Indicação,Gestão,Mensal,Boleto
C01769,Empresa 1769,Tecnologia,Grande,941,Rj,Niterói,2022-07-04,Indicação,Consultoria,Mensal,Boleto
C01770,Empresa 1770,Indústria,Grande,415,Es,Vila Velha,2022-07-07,Site,Dados,Anual,Cartão
C01771,Empresa 1771,Educação,Pequena,167,Pr,Curitiba,2022-03-22,Parceiro,Gestão,Anual,Transferência
C01772,Empresa 1772,Financeiro,Média,1141,Rj,Rio De Janeiro,2024-08-03,Indicação,Dados,Mensal,Pix
C01773,Empresa 1773,Tecnologia,Média,859,Sp,São Paulo,2025-04-15,Parceiro,Dados,Mensal,Boleto
C01774,Empresa 1774,Educação,Grande,1028,Ba,Feira De Santana,2023-11-15,Evento,Consultoria,Anual,Pix
C01775,Empresa 1775,Tecnologia,Média,763,Es,Vila Velha,2025-10-24,Site,Consultoria,Mensal,Cartão
C01776,Empresa 1776,Serviços,Pequena,1087,Es,Vila Velha,2022-05-26,Indicação,Tecnologia,Mensal,Boleto
C01777,Empresa 1777,Educação,Média,64,Ba,Salvador,2024-12-21,Linkedin,Dados,Mensal,Boleto
C01778,Empresa 1778,Financeiro,Grande,312,Pr,Curitiba,2025-05-27,Site,Gestão,Anual,Cartão
C01779,Empresa 1779,Tecnologia,Pequena,532,Rs,Porto Alegre,2024-05-06,Evento,Dados,Anual,Pix
C01780,Empresa 1780,Tecnologia,Média,496,Rs,Caxias Do Sul,2025-07-15,Linkedin,Gestão,Anual,Pix
C01781,Empresa 1781,Tecnologia,Pequena,273,Go,Anápolis,2025-11-21,Indicação,Consultoria,Mensal,Pix
C01782,Empresa 1782,Saúde,Média,824,Go,Goiânia,2023-02-21,Indicação,Gestão,Mensal,Transferência
C01783,Empresa 1783,Indústria,Pequena,214,Rj,Rio De Janeiro,2023-10-19,Site,Tecnologia,Anual,Cartão
C01784,Empresa 1784,Financeiro,Grande,385,Sp,Campinas,2024-05-30,Parceiro,Consultoria,Anual,Transferência
C01785,Empresa 1785,Indústria,Pequena,441,Ba,Feira De Santana,2025-02-23,Evento,Consultoria,Mensal,Boleto
C01786,Empresa 1786,Tecnologia,Grande,926,Sc,Florianópolis,2025-02-09,Evento,Tecnologia,Mensal,Transferência
C01787,Empresa 1787,Varejo,Média,104,Go,Goiânia,2024-12-18,Site,Tecnologia,Mensal,Pix
C01788,Empresa 1788,Saúde,Média,46,Rj,Rio De Janeiro,2025-09-28,Parceiro,Tecnologia,Mensal,Cartão
C01789,Empresa 1789,Varejo,Pequena,937,Sc,Joinville,2025-03-21,Parceiro,Dados,Anual,Transferência
C01790,Empresa 1790,Serviços,Média,617,Es,Vila Velha,2025-03-18,Indicação,Tecnologia,Mensal,Cartão
C01791,Empresa 1791,Indústria,Grande,518,Es,Vitória,2024-02-26,Evento,Consultoria,Anual,Pix
C01792,Empresa 1792,Financeiro,Grande,408,Go,Goiânia,2023-09-27,Site,Consultoria,Mensal,Não Informado
C01793,Empresa 1793,Serviços,Média,837,Sc,Florianópolis,2022-10-17,Linkedin,Consultoria,Anual,Boleto
C01794,Empresa 1794,Tecnologia,Média,865,Ba,Salvador,2025-08-04,Linkedin,Dados,Mensal,Cartão
C01795,Empresa 1795,Financeiro,Grande,461,Go,Anápolis,2023-04-13,Parceiro,Tecnologia,Mensal,Boleto
C01796,Empresa 1796,Serviços,Média,16,Go,Anápolis,2022-02-05,Linkedin,Consultoria,Mensal,Transferência
C01797,Empresa 1797,Financeiro,Pequena,841,Rs,Caxias Do Sul,2022-03-03,Parceiro,Dados,Anual,Cartão
C01798,Empresa 1798,Educação,Grande,784,Rj,Niterói,2025-02-01,Linkedin,Consultoria,Mensal,Pix
C01799,Empresa 1799,Serviços,Média,211,Go,Goiânia,2024-09-13,Site,Tecnologia,Anual,Pix
C01800,Empresa 1800,Serviços,Média,826,Sc,Florianópolis,2023-01-29,Site,Tecnologia,Anual,Pix
C01801,Empresa 1801,Educação,Pequena,12,Sp,São Paulo,2022-12-03,Parceiro,Gestão,Anual,Transferência
C01802,Empresa 1802,Tecnologia,Média,1041,Rj,Não Informado,2022-04-23,Indicação,Consultoria,Mensal,Cartão
C01803,Empresa 1803,Tecnologia,Média,1090,Sp,São Paulo,2022-04-09,Parceiro,Tecnologia,Mensal,Cartão
C01804,Empresa 1804,Serviços,Grande,668,Es,Vitória,2022-05-30,Linkedin,Gestão,Mensal,Boleto
C01805,Empresa 1805,Indústria,Média,304,Es,Vitória,2024-06-26,Evento,Dados,Anual,Cartão
C01806,Empresa 1806,Educação,Média,586,Sp,Campinas,2024-10-11,Site,Consultoria,Anual,Boleto
C01807,Empresa 1807,Indústria,Pequena,290,Ba,Feira De Santana,2024-04-23,Indicação,Consultoria,Anual,Transferência
C01808,Empresa 1808,Varejo,Grande,146,Ba,Feira De Santana,2022-04-08,Indicação,Gestão,Anual,Pix
C01809,Empresa 1809,Varejo,Média,485,Pr,Curitiba,2023-02-11,Site,Tecnologia,Anual,Boleto
C01810,Empresa 1810,Educação,Pequena,966,Pr,Curitiba,2023-12-08,Linkedin,Consultoria,Mensal,Boleto
C01811,Empresa 1811,Financeiro,Pequena,10,Rj,Niterói,2022-06-10,Indicação,Dados,Anual,Boleto
C01812,Empresa 1812,Saúde,Pequena,967,Go,Anápolis,2025-10-03,Parceiro,Tecnologia,Anual,Pix
C01813,Empresa 1813,Educação,Pequena,1126,Pr,Londrina,2023-03-23,Evento,Tecnologia,Mensal,Boleto
C01814,Empresa 1814,Tecnologia,Pequena,820,Es,Vila Velha,2023-10-24,Parceiro,Consultoria,Mensal,Transferência
C01815,Empresa 1815,Tecnologia,Pequena,935,Sc,Florianópolis,2023-08-07,Evento,Consultoria,Anual,Transferência
C01816,Empresa 1816,Varejo,Média,1033,Go,Goiânia,2022-08-10,Site,Consultoria,Mensal,Boleto
C01817,Empresa 1817,Serviços,Grande,1108,Rj,Rio De Janeiro,2024-10-03,Indicação,Dados,Anual,Transferência
C01818,Empresa 1818,Financeiro,Média,1016,Mg,Não Informado,2025-03-18,Site,Gestão,Mensal,Boleto
C01819,Empresa 1819,Varejo,Grande,662,Rj,Niterói,2024-11-21,Indicação,Tecnologia,Mensal,Transferência
C01820,Empresa 1820,Serviços,Grande,1125,Sp,Santos,2024-10-06,Linkedin,Gestão,Mensal,Transferência
C01821,Empresa 1821,Tecnologia,Média,1026,Pe,Recife,2025-12-04,Linkedin,Dados,Mensal,Cartão
C01822,Empresa 1822,Financeiro,Pequena,182,Sp,Santos,2024-02-10,Site,Dados,Mensal,Cartão
C01823,Empresa 1823,Varejo,Pequena,815,Rs,Caxias Do Sul,2025-10-12,Indicação,Tecnologia,Anual,Pix
C01824,Empresa 1824,Financeiro,Pequena,159,Sc,Florianópolis,2024-04-09,Indicação,Dados,Anual,Transferência
C01825,Empresa 1825,Tecnologia,Grande,1104,Pe,Jaboatão Dos Guararapes,2025-05-01,Site,Gestão,Anual,Pix
C01826,Empresa 1826,Tecnologia,Média,79,Mg,Belo Horizonte,2022-09-17,Parceiro,Não Informado,Anual,Cartão
C01827,Empresa 1827,Financeiro,Média,1058,Mg,Belo Horizonte,2023-09-03,Indicação,Tecnologia,Anual,Transferência
C01828,Empresa 1828,Educação,Pequena,913,Go,Goiânia,2024-11-05,Evento,Consultoria,Mensal,Transferência
C01829,Empresa 1829,Educação,Pequena,1114,Pe,Recife,2024-03-10,Indicação,Gestão,Anual,Transferência
C01830,Empresa 1830,Tecnologia,Grande,954,Rj,Niterói,2025-06-11,Parceiro,Gestão,Anual,Boleto
C01831,Empresa 1831,Educação,Grande,1028,Es,Vitória,2025-03-22,Site,Tecnologia,Mensal,Transferência
C01832,Empresa 1832,Financeiro,Média,1083,Sp,São Paulo,2025-08-10,Linkedin,Dados,Mensal,Cartão
C01833,Empresa 1833,Saúde,Pequena,748,Sp,Campinas,2025-11-25,Linkedin,Tecnologia,Anual,Pix
C01834,Empresa 1834,Tecnologia,Pequena,582,Sp,Santos,2025-10-10,Site,Tecnologia,Anual,Cartão
C01835,Empresa 1835,Financeiro,Média,953,Sc,Joinville,2023-01-09,Site,Dados,Anual,Cartão
C01836,Empresa 1836,Varejo,Grande,282,Mg,Uberlândia,2025-07-31,Linkedin,Dados,Mensal,Pix
C01837,Empresa 1837,Varejo,Média,173,Rs,Caxias Do Sul,2024-04-09,Site,Tecnologia,Anual,Boleto
C01838,Empresa 1838,Varejo,Grande,361,Rs,Caxias Do Sul,2024-03-07,Parceiro,Dados,Mensal,Cartão
C01839,Empresa 1839,Serviços,Grande,767,Go,Goiânia,2025-05-30,Site,Consultoria,Anual,Cartão
C01840,Empresa 1840,Indústria,Média,1072,Rs,Caxias Do Sul,2022-02-22,Linkedin,Tecnologia,Mensal,Cartão
C01841,Empresa 1841,Saúde,Média,469,Pe,Recife,2025-10-24,Site,Tecnologia,Mensal,Pix
C01842,Empresa 1842,Financeiro,Média,347,Rj,Rio De Janeiro,2024-09-12,Site,Tecnologia,Mensal,Cartão
C01843,Empresa 1843,Serviços,Média,440,Sp,Campinas,2022-06-26,Evento,Consultoria,Anual,Cartão
C01844,Empresa 1844,Saúde,Média,424,Pe,Recife,2022-08-09,Site,Dados,Anual,Boleto
C01845,Empresa 1845,Indústria,Grande,209,Ba,Salvador,2024-09-01,Linkedin,Gestão,Anual,Pix
C01846,Empresa 1846,Saúde,Pequena,233,Sp,Campinas,2025-06-25,Indicação,Consultoria,Anual,Boleto
C01847,Empresa 1847,Financeiro,Grande,259,Pe,Jaboatão Dos Guararapes,2024-02-24,Parceiro,Consultoria,Mensal,Transferência
C01848,Empresa 1848,Saúde,Pequena,491,Sp,Santos,2023-07-11,Parceiro,Tecnologia,Anual,Boleto
C01849,Empresa 1849,Financeiro,Média,862,Mg,Belo Horizonte,2023-09-11,Evento,Gestão,Anual,Transferência
C01850,Empresa 1850,Serviços,Pequena,293,Sc,Joinville,2023-09-04,Evento,Tecnologia,Anual,Cartão
C01851,Empresa 1851,Saúde,Média,599,Es,Vitória,2024-05-14,Parceiro,Dados,Anual,Pix
C01852,Empresa 1852,Educação,Média,62,Rj,Rio De Janeiro,2025-11-20,Indicação,Consultoria,Mensal,Boleto
C01853,Empresa 1853,Indústria,Pequena,485,Sc,Florianópolis,2024-02-02,Site,Dados,Mensal,Cartão
C01854,Empresa 1854,Varejo,Pequena,673,Rs,Caxias Do Sul,2022-05-22,Linkedin,Consultoria,Mensal,Transferência
C01855,Empresa 1855,Indústria,Pequena,591,Go,Anápolis,2023-01-09,Evento,Gestão,Anual,Transferência
C01856,Empresa 1856,Serviços,Grande,464,Mg,Uberlândia,2024-10-20,Linkedin,Gestão,Anual,Transferência
C01857,Empresa 1857,Varejo,Média,1065,Mg,Belo Horizonte,2022-01-14,Evento,Tecnologia,Mensal,Pix
C01858,Empresa 1858,Serviços,Pequena,1122,Go,Goiânia,2023-03-24,Site,Dados,Mensal,Boleto
C01859,Empresa 1859,Varejo,Grande,24,Pr,Londrina,2025-05-27,Parceiro,Consultoria,Mensal,Transferência
C01860,Empresa 1860,Financeiro,Pequena,860,Sp,Campinas,2022-07-04,Linkedin,Dados,Mensal,Transferência
C01861,Empresa 1861,Financeiro,Pequena,975,Rs,Caxias Do Sul,2022-02-19,Parceiro,Consultoria,Anual,Boleto
C01862,Empresa 1862,Educação,Média,667,Mg,Uberlândia,2023-12-18,Evento,Tecnologia,Anual,Boleto
C01863,Empresa 1863,Serviços,Grande,76,Ba,Feira De Santana,2022-11-13,Site,Consultoria,Anual,Transferência
C01864,Empresa 1864,Indústria,Pequena,813,Go,Goiânia,2023-05-09,Parceiro,Dados,Anual,Pix
C01865,Empresa 1865,Tecnologia,Média,450,Pe,Recife,2022-12-26,Linkedin,Dados,Mensal,Pix
C01866,Empresa 1866,Varejo,Pequena,1190,Rs,Porto Alegre,2023-01-08,Linkedin,Dados,Mensal,Transferência
C01867,Empresa 1867,Serviços,Grande,164,Rs,Caxias Do Sul,2025-09-08,Site,Dados,Mensal,Boleto
C01868,Empresa 1868,Saúde,Grande,510,Rs,Porto Alegre,2025-08-30,Evento,Tecnologia,Anual,Transferência
C01869,Empresa 1869,Indústria,Grande,958,Rj,Niterói,2024-09-28,Site,Dados,Anual,Cartão
C01870,Empresa 1870,Financeiro,Média,544,Pr,Londrina,2022-02-10,Parceiro,Gestão,Mensal,Boleto
C01871,Empresa 1871,Serviços,Grande,908,Pe,Recife,2025-05-21,Site,Dados,Anual,Pix
C01872,Empresa 1872,Saúde,Pequena,969,Mg,Uberlândia,2022-04-24,Indicação,Dados,Anual,Não Informado
C01873,Empresa 1873,Financeiro,Grande,507,Mg,Belo Horizonte,2025-04-01,Site,Consultoria,Mensal,Boleto
C01874,Empresa 1874,Indústria,Grande,121,Rs,Porto Alegre,2024-03-24,Site,Consultoria,Mensal,Cartão
C01875,Empresa 1875,Financeiro,Grande,963,Go,Anápolis,2024-09-28,Evento,Dados,Anual,Cartão
C01876,Empresa 1876,Indústria,Grande,817,Mg,Belo Horizonte,2023-04-30,Indicação,Dados,Mensal,Cartão
C01877,Empresa 1877,Educação,Grande,177,Sc,Joinville,2023-04-29,Indicação,Gestão,Mensal,Cartão
C01878,Empresa 1878,Serviços,Grande,1178,Mg,Belo Horizonte,2023-03-07,Indicação,Dados,Mensal,Cartão
C01879,Empresa 1879,Saúde,Pequena,988,Sp,Campinas,2022-07-09,Parceiro,Dados,Mensal,Boleto
C01880,Empresa 1880,Educação,Média,179,Sp,São Paulo,2025-03-26,Parceiro,Gestão,Mensal,Pix
C01881,Empresa 1881,Tecnologia,Grande,319,Mg,Belo Horizonte,2024-03-25,Indicação,Dados,Mensal,Pix
C01882,Empresa 1882,Educação,Grande,295,Pe,Recife,2024-04-19,Indicação,Consultoria,Mensal,Pix
C01883,Empresa 1883,Tecnologia,Pequena,380,Ba,Salvador,2024-04-04,Indicação,Consultoria,Anual,Boleto
C01884,Empresa 1884,Indústria,Grande,906,Rs,Porto Alegre,2025-09-17,Site,Dados,Mensal,Cartão
C01885,Empresa 1885,Educação,Média,700,Es,Vitória,2023-01-30,Parceiro,Consultoria,Mensal,Transferência
C01886,Empresa 1886,Tecnologia,Pequena,587,Sc,Florianópolis,2024-12-02,Indicação,Consultoria,Anual,Pix
C01887,Empresa 1887,Educação,Grande,1084,Go,Goiânia,2025-10-30,Evento,Consultoria,Anual,Boleto
C01888,Empresa 1888,Saúde,Média,273,Mg,Belo Horizonte,2025-05-06,Parceiro,Dados,Anual,Cartão
C01889,Empresa 1889,Serviços,Grande,12,Ba,Salvador,2022-05-16,Parceiro,Tecnologia,Mensal,Transferência
C01890,Empresa 1890,Varejo,Média,252,Sp,São Paulo,2022-07-19,Evento,Dados,Anual,Cartão
C01891,Empresa 1891,Financeiro,Média,803,Go,Anápolis,2023-10-31,Site,Dados,Mensal,Cartão
C01892,Empresa 1892,Tecnologia,Pequena,996,Rj,Rio De Janeiro,2022-11-16,Linkedin,Consultoria,Anual,Boleto
C01893,Empresa 1893,Financeiro,Média,579,Pe,Recife,2023-04-18,Site,Consultoria,Anual,Pix
C01894,Empresa 1894,Serviços,Grande,55,Ba,Feira De Santana,2024-05-22,Site,Dados,Mensal,Cartão
C01895,Empresa 1895,Tecnologia,Média,664,Go,Anápolis,2025-08-24,Site,Consultoria,Mensal,Cartão
C01896,Empresa 1896,Tecnologia,Pequena,44,Sp,Santos,2023-05-27,Evento,Gestão,Anual,Transferência
C01897,Empresa 1897,Serviços,Média,142,Rs,Caxias Do Sul,2024-05-16,Linkedin,Tecnologia,Não Informado,Cartão
C01898,Empresa 1898,Varejo,Média,992,Ba,Salvador,2022-12-20,Site,Tecnologia,Anual,Transferência
C01899,Empresa 1899,Tecnologia,Grande,131,Sp,São Paulo,2022-08-15,Parceiro,Consultoria,Mensal,Boleto
C01900,Empresa 1900,Financeiro,Pequena,215,Sp,Campinas,2024-04-24,Linkedin,Tecnologia,Mensal,Transferência
C01901,Empresa 1901,Financeiro,Pequena,1124,Mg,Belo Horizonte,2024-05-17,Parceiro,Consultoria,Anual,Transferência
C01902,Empresa 1902,Financeiro,Pequena,231,Rj,Niterói,2022-10-31,Indicação,Gestão,Mensal,Boleto
C01903,Empresa 1903,Educação,Média,218,Go,Goiânia,2022-03-28,Indicação,Gestão,Mensal,Cartão
C01904,Empresa 1904,Serviços,Média,749,Rj,Niterói,2022-04-08,Linkedin,Tecnologia,Mensal,Transferência
C01905,Empresa 1905,Indústria,Pequena,60,Mg,Belo Horizonte,2022-08-22,Parceiro,Gestão,Mensal,Cartão
C01906,Empresa 1906,Indústria,Média,925,Go,Anápolis,2024-12-17,Linkedin,Tecnologia,Anual,Pix
C01907,Empresa 1907,Financeiro,Pequena,693,Pr,Curitiba,2022-09-04,Site,Gestão,Mensal,Transferência
C01908,Empresa 1908,Educação,Média,314,Sc,Florianópolis,2024-06-14,Evento,Consultoria,Mensal,Boleto
C01909,Empresa 1909,Tecnologia,Pequena,554,Pe,Jaboatão Dos Guararapes,2022-02-08,Linkedin,Gestão,Mensal,Cartão
C01910,Empresa 1910,Financeiro,Pequena,148,Rs,Porto Alegre,2025-07-07,Indicação,Gestão,Anual,Transferência
C01911,Empresa 1911,Tecnologia,Pequena,547,Rj,Rio De Janeiro,2023-06-01,Parceiro,Consultoria,Anual,Pix
C01912,Empresa 1912,Indústria,Grande,144,Rs,Caxias Do Sul,2023-05-26,Site,Consultoria,Anual,Pix
C01913,Empresa 1913,Indústria,Grande,1027,Es,Vila Velha,2023-09-02,Parceiro,Gestão,Mensal,Pix
C01914,Empresa 1914,Financeiro,Média,256,Pr,Londrina,2024-08-06,Linkedin,Tecnologia,Mensal,Transferência
C01915,Empresa 1915,Varejo,Pequena,1003,Ba,Feira De Santana,2022-07-23,Indicação,Gestão,Anual,Cartão
C01916,Empresa 1916,Serviços,Pequena,670,Pr,Londrina,2023-04-23,Site,Dados,Anual,Pix
C01917,Empresa 1917,Serviços,Pequena,147,Es,Vila Velha,2024-07-02,Site,Gestão,Mensal,Pix
C01918,Empresa 1918,Tecnologia,Grande,953,Pr,Curitiba,2024-08-14,Indicação,Consultoria,Anual,Pix
C01919,Empresa 1919,Indústria,Grande,66,Mg,Uberlândia,2025-09-15,Indicação,Consultoria,Mensal,Cartão
C01920,Empresa 1920,Financeiro,Grande,1043,Es,Vila Velha,2025-03-16,Site,Consultoria,Mensal,Transferência
C01921,Empresa 1921,Financeiro,Grande,603,Sp,Santos,2025-01-05,Parceiro,Consultoria,Mensal,Transferência
C01922,Empresa 1922,Financeiro,Pequena,339,Sc,Florianópolis,2023-09-15,Linkedin,Tecnologia,Mensal,Transferência
C01923,Empresa 1923,Educação,Pequena,1114,Go,Goiânia,2024-02-05,Indicação,Consultoria,Anual,Pix
C01924,Empresa 1924,Saúde,Média,201,Ba,Salvador,2024-08-29,Site,Gestão,Mensal,Pix
C01925,Empresa 1925,Tecnologia,Grande,182,Es,Vitória,2024-04-05,Parceiro,Gestão,Anual,Boleto
C01926,Empresa 1926,Educação,Grande,1043,Es,Vitória,2025-10-05,Linkedin,Gestão,Anual,Pix
C01927,Empresa 1927,Financeiro,Média,479,Sc,Florianópolis,2022-03-30,Evento,Consultoria,Anual,Pix
C01928,Empresa 1928,Tecnologia,Média,1140,Rs,Porto Alegre,2024-05-24,Site,Gestão,Anual,Boleto
C01929,Empresa 1929,Saúde,Pequena,952,Rs,Caxias Do Sul,2024-02-12,Site,Tecnologia,Mensal,Transferência
C01930,Empresa 1930,Educação,Média,1129,Sc,Florianópolis,2025-06-02,Evento,Gestão,Mensal,Cartão
C01931,Empresa 1931,Saúde,Pequena,142,Pe,Jaboatão Dos Guararapes,2024-11-13,Indicação,Dados,Anual,Pix
C01932,Empresa 1932,Varejo,Média,1197,Ba,Salvador,2022-10-19,Linkedin,Tecnologia,Mensal,Pix
C01933,Empresa 1933,Serviços,Pequena,554,Go,Anápolis,2025-03-21,Parceiro,Dados,Mensal,Transferência
C01934,Empresa 1934,Educação,Média,319,Mg,Uberlândia,2023-06-14,Parceiro,Consultoria,Anual,Pix
C01935,Empresa 1935,Tecnologia,Média,161,Es,Vitória,2022-05-10,Indicação,Dados,Anual,Não Informado
C01936,Empresa 1936,Tecnologia,Pequena,446,Pr,Londrina,2024-04-14,Linkedin,Consultoria,Anual,Boleto
C01937,Empresa 1937,Saúde,Média,1149,Pr,Curitiba,2022-03-31,Linkedin,Tecnologia,Mensal,Boleto
C01938,Empresa 1938,Serviços,Média,1024,Rs,Porto Alegre,2023-07-25,Evento,Consultoria,Mensal,Transferência
C01939,Empresa 1939,Tecnologia,Pequena,602,Rs,Caxias Do Sul,2025-08-24,Indicação,Gestão,Anual,Pix
C01940,Empresa 1940,Indústria,Pequena,1066,Pe,Recife,2024-09-18,Evento,Consultoria,Mensal,Transferência
C01941,Empresa 1941,Varejo,Pequena,566,Pe,Recife,2025-02-02,Linkedin,Tecnologia,Anual,Pix
C01942,Empresa 1942,Financeiro,Pequena,817,Pr,Londrina,2023-10-31,Evento,Gestão,Mensal,Transferência
C01943,Empresa 1943,Educação,Média,1047,Es,Vila Velha,2025-01-30,Parceiro,Tecnologia,Mensal,Cartão
C01944,Empresa 1944,Saúde,Média,110,Rs,Porto Alegre,2025-04-19,Indicação,Dados,Mensal,Pix
C01945,Empresa 1945,Varejo,Grande,791,Pe,Recife,2024-01-10,Evento,Consultoria,Mensal,Transferência
C01946,Empresa 1946,Indústria,Grande,136,Rj,Rio De Janeiro,2024-05-15,Parceiro,Gestão,Mensal,Transferência
C01947,Empresa 1947,Educação,Grande,267,Rs,Porto Alegre,2023-05-25,Parceiro,Tecnologia,Anual,Cartão
C01948,Empresa 1948,Educação,Média,25,Es,Vitória,2022-04-25,Indicação,Tecnologia,Mensal,Cartão
C01949,Empresa 1949,Saúde,Pequena,106,Go,Anápolis,2025-04-03,Linkedin,Gestão,Anual,Transferência
C01950,Empresa 1950,Educação,Pequena,679,Ba,Feira De Santana,2024-10-15,Evento,Dados,Mensal,Cartão
C01951,Empresa 1951,Serviços,Média,1013,Rs,Caxias Do Sul,2024-05-17,Evento,Consultoria,Anual,Cartão
C01952,Empresa 1952,Varejo,Grande,69,Rs,Caxias Do Sul,2023-03-29,Site,Dados,Anual,Cartão
C01953,Empresa 1953,Serviços,Pequena,387,Ba,Feira De Santana,2024-02-20,Evento,Tecnologia,Mensal,Pix
C01954,Empresa 1954,Saúde,Grande,720,Ba,Salvador,2025-07-19,Indicação,Consultoria,Anual,Boleto
C01955,Empresa 1955,Varejo,Pequena,612,Mg,Belo Horizonte,2022-08-31,Linkedin,Gestão,Anual,Transferência
C01956,Empresa 1956,Varejo,Média,147,Sc,Joinville,2024-04-01,Indicação,Consultoria,Mensal,Boleto
C01957,Empresa 1957,Tecnologia,Pequena,772,Sc,Joinville,2025-12-23,Parceiro,Gestão,Mensal,Pix
C01958,Empresa 1958,Tecnologia,Média,1067,Go,Anápolis,2022-01-31,Linkedin,Gestão,Mensal,Boleto
C01959,Empresa 1959,Financeiro,Grande,743,Rj,Niterói,2022-12-21,Indicação,Tecnologia,Anual,Boleto
C01960,Empresa 1960,Serviços,Pequena,880,Ba,Salvador,2023-06-23,Site,Consultoria,Mensal,Pix
C01961,Empresa 1961,Saúde,Pequena,990,Pr,Londrina,2024-12-18,Site,Gestão,Anual,Transferência
C01962,Empresa 1962,Educação,Grande,727,Go,Goiânia,2022-04-09,Evento,Tecnologia,Mensal,Cartão
C01963,Empresa 1963,Indústria,Grande,486,Mg,Uberlândia,2022-09-10,Evento,Tecnologia,Anual,Pix
C01964,Empresa 1964,Educação,Média,635,Sp,Santos,2025-10-16,Evento,Tecnologia,Anual,Cartão
C01965,Empresa 1965,Serviços,Pequena,238,Mg,Belo Horizonte,2023-02-08,Site,Dados,Anual,Cartão
C01966,Empresa 1966,Serviços,Grande,1016,Go,Goiânia,2025-06-13,Linkedin,Gestão,Anual,Boleto
C01967,Empresa 1967,Saúde,Grande,350,Pr,Londrina,2025-09-22,Site,Consultoria,Mensal,Transferência
C01968,Empresa 1968,Educação,Média,35,Mg,Belo Horizonte,2022-05-30,Indicação,Gestão,Mensal,Pix
C01969,Empresa 1969,Indústria,Grande,408,Sc,Florianópolis,2023-11-05,Linkedin,Dados,Anual,Boleto
C01970,Empresa 1970,Varejo,Média,480,Sc,Joinville,2025-07-02,Indicação,Consultoria,Mensal,Pix
C01971,Empresa 1971,Educação,Grande,596,Ba,Salvador,2024-06-21,Linkedin,Tecnologia,Mensal,Cartão
C01972,Empresa 1972,Indústria,Média,545,Sc,Joinville,2023-06-05,Linkedin,Consultoria,Mensal,Cartão
C01973,Empresa 1973,Financeiro,Grande,455,Rj,Niterói,2024-08-31,Parceiro,Consultoria,Mensal,Cartão
C01974,Empresa 1974,Financeiro,Pequena,311,Pr,Londrina,2025-08-11,Parceiro,Tecnologia,Anual,Transferência
C01975,Empresa 1975,Financeiro,Pequena,134,Es,Vila Velha,2024-12-16,Evento,Gestão,Mensal,Transferência
C01976,Empresa 1976,Serviços,Média,291,Rj,Niterói,2023-07-16,Linkedin,Dados,Mensal,Pix
C01977,Empresa 1977,Indústria,Média,527,Es,Vitória,2025-01-11,Evento,Dados,Mensal,Boleto
C01978,Empresa 1978,Varejo,Grande,492,Es,Vitória,2024-07-09,Parceiro,Consultoria,Mensal,Pix
C01979,Empresa 1979,Tecnologia,Média,331,Go,Goiânia,2024-10-20,Site,Consultoria,Mensal,Boleto
C01980,Empresa 1980,Tecnologia,Pequena,40,Mg,Belo Horizonte,2022-09-06,Site,Dados,Mensal,Pix
C01981,Empresa 1981,Financeiro,Média,954,Rj,Niterói,2025-11-17,Linkedin,Consultoria,Mensal,Pix
C01982,Empresa 1982,Financeiro,Grande,1153,Go,Anápolis,2025-07-17,Linkedin,Consultoria,Mensal,Pix
C01983,Empresa 1983,Saúde,Média,200,Sc,Joinville,2023-01-23,Indicação,Dados,Anual,Cartão
C01984,Empresa 1984,Tecnologia,Grande,1055,Pr,Curitiba,2025-08-06,Linkedin,Tecnologia,Anual,Boleto
C01985,Empresa 1985,Saúde,Média,657,Pr,Curitiba,2023-10-07,Indicação,Consultoria,Mensal,Pix
C01986,Empresa 1986,Varejo,Pequena,767,Pe,Jaboatão Dos Guararapes,2024-04-07,Evento,Gestão,Anual,Pix
C01987,Empresa 1987,Indústria,Pequena,902,Rs,Caxias Do Sul,2022-02-10,Linkedin,Gestão,Anual,Pix
C01988,Empresa 1988,Indústria,Média,769,Rj,Niterói,2022-01-27,Indicação,Consultoria,Mensal,Cartão
C01989,Empresa 1989,Financeiro,Média,215,Sp,Campinas,2024-07-04,Parceiro,Consultoria,Anual,Pix
C01990,Empresa 1990,Tecnologia,Média,1160,Go,Goiânia,2025-06-13,Linkedin,Gestão,Mensal,Cartão
C01991,Empresa 1991,Educação,Grande,1172,Go,Anápolis,2022-10-16,Site,Gestão,Anual,Pix
C01992,Empresa 1992,Financeiro,Média,1152,Go,Goiânia,2023-04-25,Linkedin,Gestão,Mensal,Cartão
C01993,Empresa 1993,Serviços,Grande,888,Sp,São Paulo,2024-01-30,Evento,Gestão,Mensal,Transferência
C01994,Empresa 1994,Indústria,Grande,494,Ba,Salvador,2022-02-17,Indicação,Consultoria,Mensal,Transferência
C01995,Empresa 1995,Serviços,Grande,1079,Rs,Porto Alegre,2024-07-19,Linkedin,Consultoria,Anual,Pix
C01996,Empresa 1996,Serviços,Grande,764,Go,Goiânia,2022-01-12,Indicação,Gestão,Anual,Cartão
C01997,Empresa 1997,Tecnologia,Média,1006,Go,Anápolis,2023-10-06,Evento,Consultoria,Mensal,Transferência
C01998,Empresa 1998,Financeiro,Pequena,162,Sc,Florianópolis,2024-02-28,Parceiro,Dados,Anual,Não Informado
C01999,Empresa 1999,Financeiro,Média,292,Es,Vila Velha,2025-12-30,Evento,Dados,Mensal,Boleto
C02000,Empresa 2000,Saúde,Grande,162,Es,Vila Velha,2024-09-04,Indicação,Tecnologia,Anual,Cartão
C02001,Empresa 2001,Serviços,Grande,719,Mg,Uberlândia,2022-08-04,Evento,Gestão,Mensal,Cartão
C02002,Empresa 2002,Varejo,Pequena,1193,Ba,Salvador,2024-11-01,Site,Tecnologia,Anual,Pix
C02003,Empresa 2003,Indústria,Pequena,139,Es,Vila Velha,2022-02-06,Site,Tecnologia,Anual,Cartão
C02004,Empresa 2004,Varejo,Pequena,288,Sp,Campinas,2024-07-29,Linkedin,Dados,Mensal,Cartão
C02005,Empresa 2005,Tecnologia,Pequena,1004,Sc,Florianópolis,2022-01-11,Site,Tecnologia,Anual,Boleto
C02006,Empresa 2006,Educação,Pequena,807,Rj,Niterói,2022-10-07,Indicação,Gestão,Mensal,Pix
C02007,Empresa 2007,Indústria,Grande,130,Rs,Porto Alegre,2025-02-25,Indicação,Tecnologia,Mensal,Boleto
C02008,Empresa 2008,Serviços,Grande,186,Pe,Jaboatão Dos Guararapes,2022-08-12,Site,Gestão,Mensal,Pix
C02009,Empresa 2009,Serviços,Média,119,Rs,Porto Alegre,2023-04-11,Site,Consultoria,Mensal,Transferência
C02010,Empresa 2010,Financeiro,Média,40,Rj,Rio De Janeiro,2024-05-31,Linkedin,Tecnologia,Mensal,Cartão
C02011,Empresa 2011,Saúde,Grande,610,Go,Goiânia,2025-12-27,Site,Gestão,Anual,Boleto
C02012,Empresa 2012,Varejo,Grande,536,Ba,Feira De Santana,2023-12-07,Linkedin,Consultoria,Anual,Pix
C02013,Empresa 2013,Varejo,Média,424,Es,Vila Velha,2024-11-20,Parceiro,Consultoria,Mensal,Pix
C02014,Empresa 2014,Saúde,Pequena,324,Sp,Campinas,2023-06-13,Parceiro,Gestão,Mensal,Boleto
C02015,Empresa 2015,Saúde,Pequena,747,Rj,Niterói,2024-08-17,Evento,Dados,Anual,Boleto
C02016,Empresa 2016,Tecnologia,Média,569,Ba,Feira De Santana,2024-12-21,Indicação,Gestão,Anual,Boleto
C02017,Empresa 2017,Varejo,Grande,524,Es,Vila Velha,2025-01-27,Parceiro,Dados,Anual,Boleto
C02018,Empresa 2018,Educação,Grande,620,Rs,Caxias Do Sul,2023-04-12,Site,Consultoria,Anual,Cartão
C02019,Empresa 2019,Serviços,Média,576,Sp,Santos,2024-07-01,Indicação,Gestão,Anual,Transferência
C02020,Empresa 2020,Saúde,Pequena,755,Es,Vila Velha,2023-11-19,Site,Dados,Mensal,Pix
C02021,Empresa 2021,Financeiro,Média,674,Es,Vitória,2022-03-11,Indicação,Gestão,Anual,Pix
C02022,Empresa 2022,Varejo,Pequena,180,Es,Vitória,2022-07-28,Linkedin,Gestão,Mensal,Pix
C02023,Empresa 2023,Serviços,Média,921,Mg,Uberlândia,2023-11-04,Indicação,Dados,Mensal,Pix
C02024,Empresa 2024,Saúde,Pequena,655,Ba,Feira De Santana,2025-06-25,Indicação,Dados,Mensal,Pix
C02025,Empresa 2025,Educação,Média,1168,Mg,Uberlândia,2023-01-09,Indicação,Consultoria,Mensal,Transferência
C02026,Empresa 2026,Saúde,Pequena,700,Sp,São Paulo,2022-06-11,Site,Tecnologia,Anual,Transferência
C02027,Empresa 2027,Tecnologia,Média,588,Es,Vitória,2023-11-27,Linkedin,Consultoria,Anual,Boleto
C02028,Empresa 2028,Financeiro,Grande,111,Mg,Uberlândia,2024-08-07,Parceiro,Tecnologia,Mensal,Boleto
C02029,Empresa 2029,Tecnologia,Média,599,Rj,Rio De Janeiro,2022-04-09,Evento,Consultoria,Mensal,Pix
C02030,Empresa 2030,Saúde,Pequena,74,Sp,São Paulo,2023-07-23,Linkedin,Consultoria,Anual,Pix
C02031,Empresa 2031,Saúde,Grande,202,Rj,Rio De Janeiro,2025-01-16,Evento,Dados,Anual,Cartão
C02032,Empresa 2032,Indústria,Grande,707,Pr,Curitiba,2024-02-05,Indicação,Tecnologia,Anual,Pix
C02033,Empresa 2033,Educação,Média,1176,Sp,Santos,2022-05-02,Indicação,Consultoria,Anual,Transferência
C02034,Empresa 2034,Tecnologia,Grande,802,Go,Anápolis,2022-05-01,Linkedin,Tecnologia,Mensal,Boleto
C02035,Empresa 2035,Saúde,Grande,266,Pe,Recife,2024-10-22,Site,Tecnologia,Anual,Cartão
C02036,Empresa 2036,Tecnologia,Média,1015,Pr,Londrina,2022-02-12,Linkedin,Dados,Anual,Cartão
C02037,Empresa 2037,Varejo,Grande,722,Sp,São Paulo,2023-03-23,Indicação,Gestão,Mensal,Transferência
C02038,Empresa 2038,Varejo,Média,386,Rs,Caxias Do Sul,2023-06-07,Indicação,Gestão,Anual,Boleto
C02039,Empresa 2039,Indústria,Pequena,1182,Es,Vitória,2022-05-06,Site,Dados,Anual,Cartão
C02040,Empresa 2040,Tecnologia,Grande,75,Rj,Rio De Janeiro,2022-05-23,Linkedin,Consultoria,Anual,Boleto
C02041,Empresa 2041,Serviços,Grande,1148,Sp,Campinas,2025-07-28,Parceiro,Tecnologia,Mensal,Pix
C02042,Empresa 2042,Tecnologia,Média,814,Mg,Uberlândia,2022-08-27,Site,Dados,Mensal,Cartão
C02043,Empresa 2043,Saúde,Grande,1149,Rs,Caxias Do Sul,2024-07-23,Evento,Dados,Mensal,Boleto
C02044,Empresa 2044,Serviços,Média,648,Es,Vitória,2025-04-30,Linkedin,Consultoria,Mensal,Boleto
C02045,Empresa 2045,Serviços,Pequena,27,Ba,Salvador,2025-10-06,Linkedin,Tecnologia,Anual,Pix
C02046,Empresa 2046,Educação,Média,60,Rj,Rio De Janeiro,2023-06-08,Indicação,Gestão,Mensal,Pix
C02047,Empresa 2047,Varejo,Grande,1137,Rs,Porto Alegre,2022-11-28,Site,Consultoria,Anual,Boleto
C02048,Empresa 2048,Serviços,Grande,360,Rj,Rio De Janeiro,2025-08-18,Evento,Consultoria,Anual,Pix
C02049,Empresa 2049,Tecnologia,Média,227,Rs,Porto Alegre,2025-03-04,Parceiro,Gestão,Mensal,Cartão
C02050,Empresa 2050,Financeiro,Pequena,650,Rs,Caxias Do Sul,2025-01-31,Linkedin,Dados,Mensal,Transferência
C02051,Empresa 2051,Tecnologia,Grande,113,Go,Anápolis,2024-11-24,Site,Gestão,Mensal,Pix
C02052,Empresa 2052,Financeiro,Pequena,1051,Go,Anápolis,2024-02-08,Site,Tecnologia,Anual,Cartão
C02053,Empresa 2053,Tecnologia,Grande,292,Sp,São Paulo,2025-09-08,Linkedin,Dados,Mensal,Pix
C02054,Empresa 2054,Varejo,Grande,613,Mg,Belo Horizonte,2025-02-02,Site,Dados,Mensal,Pix
C02055,Empresa 2055,Saúde,Média,1007,Sc,Joinville,2022-07-01,Site,Dados,Mensal,Pix
C02056,Empresa 2056,Financeiro,Grande,411,Ba,Salvador,2024-01-08,Site,Consultoria,Mensal,Pix
C02057,Empresa 2057,Saúde,Grande,315,Pr,Curitiba,2022-04-14,Site,Dados,Anual,Transferência
C02058,Empresa 2058,Indústria,Pequena,509,Rs,Caxias Do Sul,2022-09-18,Site,Consultoria,Mensal,Pix
C02059,Empresa 2059,Tecnologia,Média,529,Ba,Feira De Santana,2023-11-19,Site,Consultoria,Mensal,Cartão
C02060,Empresa 2060,Serviços,Média,945,Es,Vila Velha,2023-04-18,Evento,Gestão,Mensal,Boleto
C02061,Empresa 2061,Indústria,Pequena,341,Mg,Belo Horizonte,2022-05-26,Linkedin,Consultoria,Anual,Cartão
C02062,Empresa 2062,Tecnologia,Pequena,1097,Ba,Salvador,2025-05-30,Indicação,Consultoria,Anual,Boleto
C02063,Empresa 2063,Tecnologia,Grande,802,Go,Anápolis,2023-07-20,Site,Dados,Mensal,Boleto
C02064,Empresa 2064,Educação,Pequena,1036,Rj,Rio De Janeiro,2024-05-09,Evento,Gestão,Anual,Transferência
C02065,Empresa 2065,Serviços,Pequena,794,Ba,Salvador,2024-08-01,Linkedin,Dados,Mensal,Transferência
C02066,Empresa 2066,Tecnologia,Média,1200,Rs,Caxias Do Sul,2024-01-11,Evento,Tecnologia,Mensal,Transferência
C02067,Empresa 2067,Varejo,Grande,637,Ba,Salvador,2024-03-12,Site,Gestão,Anual,Pix
C02068,Empresa 2068,Financeiro,Média,352,Sc,Joinville,2025-08-18,Site,Dados,Mensal,Transferência
C02069,Empresa 2069,Serviços,Pequena,191,Mg,Uberlândia,2024-06-07,Site,Tecnologia,Mensal,Transferência
C02070,Empresa 2070,Indústria,Grande,666,Mg,Uberlândia,2023-12-05,Site,Consultoria,Mensal,Transferência
C02071,Empresa 2071,Financeiro,Pequena,844,Es,Vitória,2025-11-08,Site,Tecnologia,Mensal,Transferência
C02072,Empresa 2072,Varejo,Grande,703,Sc,Florianópolis,2023-03-28,Site,Tecnologia,Anual,Boleto
C02073,Empresa 2073,Tecnologia,Média,1098,Rs,Porto Alegre,2025-09-27,Site,Dados,Anual,Boleto
C02074,Empresa 2074,Varejo,Pequena,171,Sp,Santos,2025-11-13,Evento,Gestão,Anual,Pix
C02075,Empresa 2075,Saúde,Média,809,Rs,Caxias Do Sul,2023-07-01,Linkedin,Tecnologia,Anual,Transferência
C02076,Empresa 2076,Indústria,Média,697,Es,Vitória,2025-12-29,Evento,Dados,Anual,Cartão
C02077,Empresa 2077,Serviços,Média,814,Es,Vila Velha,2024-08-25,Parceiro,Gestão,Mensal,Transferência
C02078,Empresa 2078,Varejo,Pequena,372,Pr,Londrina,2023-07-29,Evento,Tecnologia,Mensal,Pix
C02079,Empresa 2079,Serviços,Grande,637,Es,Vitória,2023-11-12,Evento,Dados,Anual,Boleto
C02080,Empresa 2080,Financeiro,Média,823,Rs,Caxias Do Sul,2024-01-31,Linkedin,Dados,Mensal,Boleto
C02081,Empresa 2081,Serviços,Média,289,Sp,São Paulo,2024-07-17,Evento,Consultoria,Anual,Boleto
C02082,Empresa 2082,Serviços,Média,117,Ba,Feira De Santana,2022-09-08,Parceiro,Dados,Mensal,Boleto
C02083,Empresa 2083,Saúde,Média,642,Ba,Salvador,2022-08-27,Indicação,Gestão,Anual,Boleto
C02084,Empresa 2084,Tecnologia,Grande,47,Pe,Não Informado,2023-04-08,Parceiro,Consultoria,Anual,Cartão
C02085,Empresa 2085,Tecnologia,Pequena,764,Mg,Uberlândia,2022-10-18,Indicação,Tecnologia,Anual,Boleto
C02086,Empresa 2086,Serviços,Grande,582,Pr,Curitiba,2024-01-13,Linkedin,Gestão,Anual,Cartão
C02087,Empresa 2087,Tecnologia,Média,407,Pe,Recife,2022-04-10,Indicação,Gestão,Anual,Boleto
C02088,Empresa 2088,Educação,Média,280,Pr,Londrina,2024-06-29,Linkedin,Tecnologia,Anual,Boleto
C02089,Empresa 2089,Tecnologia,Pequena,580,Pr,Curitiba,2024-08-16,Indicação,Tecnologia,Mensal,Transferência
C02090,Empresa 2090,Tecnologia,Média,676,Go,Goiânia,2022-05-09,Indicação,Consultoria,Mensal,Transferência
C02091,Empresa 2091,Tecnologia,Média,391,Mg,Uberlândia,2022-09-20,Linkedin,Consultoria,Mensal,Transferência
C02092,Empresa 2092,Saúde,Pequena,1184,Sp,Santos,2025-05-22,Indicação,Dados,Anual,Pix
C02093,Empresa 2093,Tecnologia,Pequena,259,Pe,Recife,2022-12-03,Linkedin,Tecnologia,Anual,Boleto
C02094,Empresa 2094,Varejo,Grande,64,Go,Goiânia,2024-03-11,Parceiro,Gestão,Mensal,Cartão
C02095,Empresa 2095,Financeiro,Média,446,Mg,Belo Horizonte,2024-02-04,Site,Dados,Mensal,Transferência
C02096,Empresa 2096,Financeiro,Pequena,1079,Pr,Curitiba,2025-12-03,Indicação,Tecnologia,Anual,Transferência
C02097,Empresa 2097,Varejo,Pequena,474,Pr,Londrina,2023-12-27,Linkedin,Consultoria,Anual,Pix
C02098,Empresa 2098,Tecnologia,Pequena,1138,Pe,Jaboatão Dos Guararapes,2024-03-24,Indicação,Dados,Anual,Transferência
C02099,Empresa 2099,Serviços,Pequena,419,Rj,Niterói,2024-11-01,Indicação,Consultoria,Mensal,Transferência
C02100,Empresa 2100,Educação,Pequena,735,Rj,Rio De Janeiro,2022-11-16,Parceiro,Dados,Mensal,Transferência
C02101,Empresa 2101,Serviços,Média,1103,Ba,Feira De Santana,2025-12-19,Linkedin,Gestão,Mensal,Cartão
C02102,Empresa 2102,Varejo,Pequena,439,Pe,Recife,2023-06-22,Site,Dados,Mensal,Pix
C02103,Empresa 2103,Saúde,Média,325,Rj,Niterói,2025-05-29,Parceiro,Dados,Mensal,Boleto
C02104,Empresa 2104,Tecnologia,Média,384,Rs,Caxias Do Sul,2024-04-09,Site,Tecnologia,Mensal,Transferência
C02105,Empresa 2105,Serviços,Grande,990,Pr,Curitiba,2025-07-25,Indicação,Consultoria,Mensal,Cartão
C02106,Empresa 2106,Serviços,Média,574,Ba,Salvador,2025-11-01,Site,Consultoria,Anual,Cartão
C02107,Empresa 2107,Saúde,Pequena,1160,Pr,Londrina,2025-02-18,Site,Consultoria,Mensal,Boleto
C02108,Empresa 2108,Educação,Grande,127,Ba,Feira De Santana,2022-12-24,Linkedin,Dados,Anual,Cartão
C02109,Empresa 2109,Saúde,Grande,576,Ba,Feira De Santana,2022-05-10,Indicação,Tecnologia,Anual,Cartão
C02110,Empresa 2110,Serviços,Pequena,147,Es,Vila Velha,2022-05-29,Indicação,Gestão,Anual,Pix
C02111,Empresa 2111,Tecnologia,Grande,710,Rj,Niterói,2025-03-05,Linkedin,Tecnologia,Mensal,Pix
C02112,Empresa 2112,Financeiro,Pequena,667,Es,Vila Velha,2024-02-09,Parceiro,Gestão,Anual,Boleto
C02113,Empresa 2113,Serviços,Pequena,290,Sp,São Paulo,2024-09-04,Evento,Dados,Anual,Boleto
C02114,Empresa 2114,Financeiro,Grande,1026,Sp,Não Informado,2022-05-26,Site,Consultoria,Mensal,Cartão
C02115,Empresa 2115,Financeiro,Pequena,890,Rj,Niterói,2023-02-18,Linkedin,Gestão,Anual,Pix
C02116,Empresa 2116,Educação,Pequena,161,Es,Vitória,2024-12-07,Linkedin,Gestão,Anual,Boleto
C02117,Empresa 2117,Serviços,Pequena,280,Rj,Niterói,2025-05-17,Linkedin,Consultoria,Anual,Cartão
C02118,Empresa 2118,Financeiro,Grande,983,Es,Vila Velha,2024-12-22,Evento,Dados,Mensal,Cartão
C02119,Empresa 2119,Financeiro,Pequena,792,Pr,Londrina,2022-08-25,Evento,Dados,Mensal,Cartão
C02120,Empresa 2120,Tecnologia,Pequena,103,Mg,Belo Horizonte,2023-04-23,Indicação,Consultoria,Anual,Pix
C02121,Empresa 2121,Serviços,Média,567,Rs,Caxias Do Sul,2024-09-22,Parceiro,Gestão,Anual,Transferência
C02122,Empresa 2122,Tecnologia,Pequena,297,Sp,Campinas,2025-12-27,Parceiro,Gestão,Anual,Cartão
C02123,Empresa 2123,Indústria,Média,1026,Sc,Joinville,2025-01-20,Evento,Gestão,Anual,Cartão
C02124,Empresa 2124,Serviços,Pequena,799,Rj,Niterói,2024-05-09,Linkedin,Consultoria,Anual,Cartão
C02125,Empresa 2125,Educação,Pequena,732,Sp,Campinas,2022-02-17,Site,Gestão,Mensal,Pix
C02126,Empresa 2126,Saúde,Grande,883,Es,Vitória,2024-03-01,Linkedin,Gestão,Mensal,Pix
C02127,Empresa 2127,Saúde,Pequena,1175,Es,Vila Velha,2025-08-24,Site,Tecnologia,Mensal,Pix
C02128,Empresa 2128,Educação,Grande,26,Rs,Porto Alegre,2025-04-30,Evento,Tecnologia,Mensal,Boleto
C02129,Empresa 2129,Educação,Média,432,Go,Anápolis,2022-11-26,Evento,Dados,Mensal,Cartão
C02130,Empresa 2130,Financeiro,Grande,1156,Es,Vila Velha,2023-08-17,Parceiro,Gestão,Anual,Cartão
C02131,Empresa 2131,Educação,Pequena,621,Ba,Feira De Santana,2025-09-08,Evento,Tecnologia,Mensal,Cartão
C02132,Empresa 2132,Serviços,Média,258,Sc,Joinville,2022-05-30,Parceiro,Dados,Mensal,Cartão
C02133,Empresa 2133,Educação,Média,473,Sc,Joinville,2025-03-30,Linkedin,Tecnologia,Mensal,Boleto
C02134,Empresa 2134,Tecnologia,Grande,682,Mg,Uberlândia,2023-04-05,Site,Gestão,Mensal,Cartão
C02135,Empresa 2135,Varejo,Pequena,26,Rj,Niterói,2023-05-26,Site,Consultoria,Mensal,Pix
C02136,Empresa 2136,Educação,Média,627,Pe,Jaboatão Dos Guararapes,2022-03-30,Site,Tecnologia,Anual,Cartão
C02137,Empresa 2137,Serviços,Grande,280,Rs,Porto Alegre,2024-08-25,Indicação,Dados,Mensal,Não Informado
C02138,Empresa 2138,Financeiro,Média,633,Sc,Joinville,2023-07-24,Indicação,Dados,Mensal,Pix
C02139,Empresa 2139,Indústria,Média,228,Sp,São Paulo,2022-10-17,Indicação,Dados,Anual,Cartão
C02140,Empresa 2140,Financeiro,Grande,812,Ba,Salvador,2023-12-31,Evento,Tecnologia,Anual,Pix
C02141,Empresa 2141,Serviços,Pequena,1184,Go,Goiânia,2024-05-31,Indicação,Tecnologia,Anual,Cartão
C02142,Empresa 2142,Indústria,Média,822,Pr,Londrina,2023-06-16,Site,Consultoria,Mensal,Boleto
C02143,Empresa 2143,Saúde,Pequena,429,Go,Anápolis,2025-02-01,Site,Dados,Anual,Boleto
C02144,Empresa 2144,Serviços,Pequena,409,Mg,Uberlândia,2022-03-10,Linkedin,Tecnologia,Mensal,Cartão
C02145,Empresa 2145,Indústria,Pequena,48,Ba,Não Informado,2023-03-02,Site,Gestão,Anual,Transferência
C02146,Empresa 2146,Tecnologia,Grande,652,Go,Goiânia,2022-02-27,Parceiro,Tecnologia,Anual,Pix
C02147,Empresa 2147,Tecnologia,Grande,1007,Mg,Uberlândia,2025-09-01,Evento,Consultoria,Anual,Cartão
C02148,Empresa 2148,Saúde,Pequena,662,Pr,Curitiba,2022-03-18,Site,Dados,Anual,Pix
C02149,Empresa 2149,Serviços,Grande,584,Mg,Uberlândia,2022-11-28,Linkedin,Tecnologia,Mensal,Transferência
C02150,Empresa 2150,Varejo,Pequena,283,Rs,Porto Alegre,2022-11-23,Parceiro,Dados,Mensal,Boleto
C02151,Empresa 2151,Saúde,Média,1184,Sp,São Paulo,2022-10-03,Site,Dados,Mensal,Boleto
C02152,Empresa 2152,Varejo,Média,846,Sp,Campinas,2023-03-26,Linkedin,Consultoria,Mensal,Transferência
C02153,Empresa 2153,Serviços,Pequena,906,Pe,Jaboatão Dos Guararapes,2024-01-18,Site,Gestão,Anual,Cartão
C02154,Empresa 2154,Varejo,Média,768,Pr,Curitiba,2022-04-27,Indicação,Consultoria,Mensal,Boleto
C02155,Empresa 2155,Serviços,Média,1008,Es,Vitória,2025-02-12,Site,Consultoria,Mensal,Cartão
C02156,Empresa 2156,Varejo,Grande,616,Mg,Uberlândia,2022-04-06,Indicação,Consultoria,Mensal,Transferência
C02157,Empresa 2157,Indústria,Pequena,609,Mg,Belo Horizonte,2022-12-01,Evento,Consultoria,Anual,Transferência
C02158,Empresa 2158,Financeiro,Média,218,Sc,Joinville,2025-09-14,Linkedin,Tecnologia,Anual,Transferência
C02159,Empresa 2159,Serviços,Grande,384,Rj,Niterói,2025-06-28,Indicação,Gestão,Anual,Boleto
C02160,Empresa 2160,Varejo,Grande,970,Go,Goiânia,2024-06-21,Evento,Consultoria,Mensal,Boleto
C02161,Empresa 2161,Tecnologia,Grande,712,Rs,Caxias Do Sul,2025-05-11,Linkedin,Tecnologia,Anual,Boleto
C02162,Empresa 2162,Varejo,Grande,394,Pr,Londrina,2024-09-21,Parceiro,Consultoria,Mensal,Pix
C02163,Empresa 2163,Tecnologia,Pequena,254,Mg,Uberlândia,2022-06-23,Parceiro,Consultoria,Mensal,Cartão
C02164,Empresa 2164,Serviços,Grande,112,Go,Goiânia,2024-05-01,Linkedin,Consultoria,Anual,Cartão
C02165,Empresa 2165,Varejo,Grande,319,Sp,Campinas,2025-07-12,Indicação,Tecnologia,Anual,Boleto
C02166,Empresa 2166,Indústria,Pequena,1021,Es,Vitória,2023-10-14,Site,Dados,Mensal,Transferência
C02167,Empresa 2167,Varejo,Pequena,1151,Ba,Feira De Santana,2023-06-06,Site,Dados,Mensal,Cartão
C02168,Empresa 2168,Varejo,Pequena,779,Sc,Florianópolis,2022-11-03,Linkedin,Tecnologia,Anual,Transferência
C02169,Empresa 2169,Indústria,Grande,13,Pr,Curitiba,2023-02-04,Site,Tecnologia,Anual,Cartão
C02170,Empresa 2170,Saúde,Grande,1072,Pe,Jaboatão Dos Guararapes,2022-02-07,Parceiro,Tecnologia,Mensal,Cartão
C02171,Empresa 2171,Serviços,Pequena,31,Pe,Jaboatão Dos Guararapes,2022-02-12,Parceiro,Gestão,Anual,Pix
C02172,Empresa 2172,Varejo,Grande,927,Es,Vila Velha,2023-10-04,Evento,Dados,Anual,Transferência
C02173,Empresa 2173,Financeiro,Grande,658,Pr,Londrina,2022-11-24,Site,Tecnologia,Mensal,Transferência
C02174,Empresa 2174,Saúde,Pequena,337,Pe,Jaboatão Dos Guararapes,2024-08-29,Parceiro,Dados,Mensal,Transferência
C02175,Empresa 2175,Saúde,Grande,181,Rj,Rio De Janeiro,2024-03-28,Parceiro,Dados,Mensal,Cartão
C02176,Empresa 2176,Varejo,Grande,595,Es,Vitória,2022-11-19,Indicação,Tecnologia,Anual,Boleto
C02177,Empresa 2177,Financeiro,Média,656,Sp,Santos,2022-11-07,Parceiro,Gestão,Mensal,Transferência
C02178,Empresa 2178,Indústria,Grande,325,Pr,Londrina,2024-08-06,Site,Tecnologia,Mensal,Pix
C02179,Empresa 2179,Tecnologia,Média,540,Ba,Salvador,2024-02-12,Parceiro,Tecnologia,Mensal,Boleto
C02180,Empresa 2180,Varejo,Grande,1112,Pr,Curitiba,2022-08-08,Indicação,Não Informado,Mensal,Boleto
C02181,Empresa 2181,Tecnologia,Pequena,320,Rj,Rio De Janeiro,2025-08-08,Site,Consultoria,Anual,Cartão
C02182,Empresa 2182,Tecnologia,Grande,772,Go,Goiânia,2025-09-19,Linkedin,Gestão,Anual,Transferência
C02183,Empresa 2183,Tecnologia,Grande,234,Sc,Joinville,2022-01-18,Evento,Consultoria,Anual,Cartão
C02184,Empresa 2184,Serviços,Grande,11,Sc,Florianópolis,2022-10-01,Linkedin,Dados,Anual,Transferência
C02185,Empresa 2185,Varejo,Média,1076,Go,Anápolis,2024-09-10,Linkedin,Gestão,Anual,Transferência
C02186,Empresa 2186,Financeiro,Média,274,Sc,Florianópolis,2022-09-01,Evento,Dados,Mensal,Boleto
C02187,Empresa 2187,Varejo,Pequena,405,Ba,Salvador,2022-10-24,Indicação,Tecnologia,Mensal,Pix
C02188,Empresa 2188,Financeiro,Média,1099,Sc,Florianópolis,2022-12-01,Indicação,Tecnologia,Anual,Pix
C02189,Empresa 2189,Serviços,Grande,924,Rj,Rio De Janeiro,2024-08-22,Linkedin,Tecnologia,Mensal,Boleto
C02190,Empresa 2190,Varejo,Pequena,1135,Go,Goiânia,2025-12-01,Indicação,Dados,Anual,Pix
C02191,Empresa 2191,Indústria,Grande,354,Ba,Salvador,2022-02-12,Indicação,Consultoria,Anual,Boleto
C02192,Empresa 2192,Saúde,Pequena,1124,Mg,Uberlândia,2025-01-09,Site,Consultoria,Mensal,Cartão
C02193,Empresa 2193,Serviços,Pequena,563,Sp,São Paulo,2023-10-31,Parceiro,Dados,Mensal,Cartão
C02194,Empresa 2194,Varejo,Média,360,Go,Goiânia,2025-11-12,Indicação,Gestão,Anual,Transferência
C02195,Empresa 2195,Serviços,Média,509,Mg,Belo Horizonte,2024-07-25,Site,Dados,Anual,Boleto
C02196,Empresa 2196,Educação,Grande,180,Pr,Londrina,2024-09-17,Indicação,Gestão,Mensal,Transferência
C02197,Empresa 2197,Varejo,Média,1140,Pe,Jaboatão Dos Guararapes,2022-08-03,Indicação,Consultoria,Mensal,Boleto
C02198,Empresa 2198,Financeiro,Pequena,421,Mg,Belo Horizonte,2025-09-21,Parceiro,Dados,Mensal,Boleto
C02199,Empresa 2199,Educação,Grande,139,Rs,Caxias Do Sul,2023-01-18,Evento,Consultoria,Anual,Transferência
C02200,Empresa 2200,Tecnologia,Grande,98,Pe,Jaboatão Dos Guararapes,2024-02-29,Evento,Dados,Mensal,Pix
C02201,Empresa 2201,Serviços,Pequena,270,Sc,Joinville,2023-05-22,Parceiro,Gestão,Anual,Pix
C02202,Empresa 2202,Indústria,Pequena,731,Pe,Jaboatão Dos Guararapes,2024-10-27,Parceiro,Dados,Anual,Cartão
C02203,Empresa 2203,Indústria,Grande,44,Pe,Recife,2022-12-31,Linkedin,Gestão,Anual,Transferência
C02204,Empresa 2204,Serviços,Pequena,734,Go,Goiânia,2024-02-27,Site,Tecnologia,Anual,Boleto
C02205,Empresa 2205,Financeiro,Grande,1168,Sc,Florianópolis,2025-06-17,Evento,Tecnologia,Mensal,Cartão
C02206,Empresa 2206,Indústria,Pequena,920,Ba,Feira De Santana,2025-07-10,Site,Consultoria,Anual,Cartão
C02207,Empresa 2207,Serviços,Grande,853,Pe,Jaboatão Dos Guararapes,2022-10-20,Parceiro,Tecnologia,Mensal,Transferência
C02208,Empresa 2208,Educação,Média,54,Es,Vitória,2025-06-21,Parceiro,Gestão,Anual,Transferência
C02209,Empresa 2209,Saúde,Grande,1179,Sc,Joinville,2025-02-19,Linkedin,Tecnologia,Mensal,Boleto
C02210,Empresa 2210,Serviços,Média,240,Es,Vila Velha,2024-10-29,Linkedin,Dados,Anual,Transferência
C02211,Empresa 2211,Saúde,Pequena,826,Go,Goiânia,2025-07-14,Linkedin,Tecnologia,Mensal,Cartão
C02212,Empresa 2212,Tecnologia,Grande,351,Sc,Joinville,2023-10-10,Indicação,Tecnologia,Mensal,Pix
C02213,Empresa 2213,Educação,Pequena,949,Sp,São Paulo,2022-12-02,Linkedin,Gestão,Anual,Pix
C02214,Empresa 2214,Varejo,Média,1104,Sp,Campinas,2025-01-19,Evento,Consultoria,Mensal,Pix
C02215,Empresa 2215,Financeiro,Grande,399,Go,Goiânia,2025-01-10,Evento,Gestão,Anual,Boleto
C02216,Empresa 2216,Indústria,Média,546,Es,Vitória,2025-05-03,Parceiro,Tecnologia,Anual,Boleto
C02217,Empresa 2217,Educação,Média,36,Sp,São Paulo,2022-11-02,Indicação,Dados,Mensal,Cartão
C02218,Empresa 2218,Educação,Pequena,738,Ba,Salvador,2025-10-22,Indicação,Tecnologia,Anual,Cartão
C02219,Empresa 2219,Saúde,Grande,402,Rj,Niterói,2025-02-16,Parceiro,Tecnologia,Anual,Transferência
C02220,Empresa 2220,Financeiro,Média,49,Es,Vitória,2022-04-17,Parceiro,Gestão,Mensal,Transferência
C02221,Empresa 2221,Tecnologia,Grande,427,Sp,Campinas,2022-03-05,Evento,Consultoria,Mensal,Boleto
C02222,Empresa 2222,Saúde,Média,279,Sc,Florianópolis,2023-08-29,Linkedin,Gestão,Anual,Cartão
C02223,Empresa 2223,Educação,Média,347,Ba,Feira De Santana,2025-02-18,Indicação,Gestão,Mensal,Boleto
C02224,Empresa 2224,Saúde,Grande,903,Rj,Niterói,2023-10-25,Site,Tecnologia,Anual,Boleto
C02225,Empresa 2225,Tecnologia,Grande,26,Mg,Uberlândia,2023-01-06,Site,Dados,Anual,Transferência
C02226,Empresa 2226,Educação,Média,993,Sp,Campinas,2023-06-14,Evento,Tecnologia,Anual,Cartão
C02227,Empresa 2227,Financeiro,Média,678,Es,Vitória,2023-04-02,Indicação,Dados,Mensal,Cartão
C02228,Empresa 2228,Serviços,Pequena,290,Sp,Campinas,2024-09-28,Evento,Tecnologia,Mensal,Pix
C02229,Empresa 2229,Serviços,Grande,125,Mg,Belo Horizonte,2025-12-07,Site,Gestão,Mensal,Boleto
C02230,Empresa 2230,Indústria,Média,495,Rj,Rio De Janeiro,2022-05-20,Linkedin,Gestão,Mensal,Transferência
C02231,Empresa 2231,Indústria,Grande,514,Sc,Joinville,2025-01-02,Parceiro,Tecnologia,Anual,Cartão
C02232,Empresa 2232,Financeiro,Grande,635,Mg,Belo Horizonte,2023-01-06,Evento,Dados,Anual,Pix
C02233,Empresa 2233,Financeiro,Média,1011,Ba,Feira De Santana,2022-08-25,Parceiro,Consultoria,Anual,Pix
C02234,Empresa 2234,Tecnologia,Grande,106,Sp,Campinas,2023-11-20,Evento,Consultoria,Anual,Transferência
C02235,Empresa 2235,Saúde,Média,481,Pe,Jaboatão Dos Guararapes,2023-09-22,Site,Tecnologia,Mensal,Cartão
C02236,Empresa 2236,Indústria,Grande,615,Pe,Recife,2024-12-19,Linkedin,Consultoria,Anual,Cartão
C02237,Empresa 2237,Varejo,Média,602,Es,Vitória,2024-07-29,Indicação,Tecnologia,Mensal,Transferência
C02238,Empresa 2238,Tecnologia,Pequena,409,Go,Goiânia,2024-12-30,Parceiro,Dados,Anual,Pix
C02239,Empresa 2239,Varejo,Pequena,1077,Rj,Rio De Janeiro,2025-11-10,Linkedin,Consultoria,Anual,Boleto
C02240,Empresa 2240,Saúde,Pequena,992,Go,Anápolis,2022-05-20,Site,Consultoria,Anual,Transferência
C02241,Empresa 2241,Indústria,Pequena,651,Mg,Belo Horizonte,2023-10-10,Indicação,Gestão,Anual,Transferência
C02242,Empresa 2242,Varejo,Média,473,Rs,Caxias Do Sul,2025-09-15,Parceiro,Consultoria,Mensal,Pix
C02243,Empresa 2243,Indústria,Média,395,Rs,Caxias Do Sul,2024-05-20,Evento,Gestão,Anual,Pix
C02244,Empresa 2244,Indústria,Média,342,Pe,Jaboatão Dos Guararapes,2024-06-25,Parceiro,Consultoria,Anual,Boleto
C02245,Empresa 2245,Varejo,Grande,1188,Pr,Londrina,2024-03-22,Linkedin,Gestão,Anual,Cartão
C02246,Empresa 2246,Financeiro,Grande,69,Sp,Santos,2025-06-02,Indicação,Consultoria,Não Informado,Cartão
C02247,Empresa 2247,Financeiro,Pequena,1098,Pe,Recife,2023-04-12,Evento,Dados,Mensal,Pix
C02248,Empresa 2248,Educação,Grande,1079,Go,Anápolis,2025-05-02,Evento,Dados,Anual,Transferência
C02249,Empresa 2249,Serviços,Grande,619,Sc,Joinville,2024-11-19,Parceiro,Tecnologia,Anual,Boleto
C02250,Empresa 2250,Serviços,Média,682,Go,Anápolis,2024-01-30,Parceiro,Não Informado,Mensal,Pix
C02251,Empresa 2251,Tecnologia,Média,957,Mg,Belo Horizonte,2022-10-21,Site,Tecnologia,Não Informado,Transferência
C02252,Empresa 2252,Tecnologia,Média,1199,Rj,Niterói,2024-08-04,Evento,Tecnologia,Mensal,Cartão
C02253,Empresa 2253,Educação,Pequena,1081,Pr,Londrina,2024-05-21,Parceiro,Consultoria,Mensal,Boleto
C02254,Empresa 2254,Tecnologia,Pequena,1091,Pr,Londrina,2025-07-31,Linkedin,Consultoria,Mensal,Boleto
C02255,Empresa 2255,Serviços,Grande,173,Es,Não Informado,2024-10-03,Evento,Consultoria,Mensal,Não Informado
C02256,Empresa 2256,Educação,Grande,106,Rj,Niterói,2024-06-30,Evento,Dados,Anual,Transferência
C02257,Empresa 2257,Varejo,Média,193,Es,Vila Velha,2023-03-02,Parceiro,Consultoria,Anual,Pix
C02258,Empresa 2258,Varejo,Grande,818,Rs,Porto Alegre,2023-02-04,Indicação,Consultoria,Mensal,Pix
C02259,Empresa 2259,Serviços,Grande,267,Sp,Santos,2023-05-25,Linkedin,Tecnologia,Mensal,Cartão
C02260,Empresa 2260,Varejo,Grande,883,Rs,Porto Alegre,2022-09-06,Parceiro,Consultoria,Anual,Pix
C02261,Empresa 2261,Tecnologia,Média,681,Go,Goiânia,2022-09-09,Site,Tecnologia,Mensal,Transferência
C02262,Empresa 2262,Tecnologia,Média,1097,Pr,Londrina,2024-03-31,Site,Gestão,Anual,Boleto
C02263,Empresa 2263,Varejo,Grande,724,Pe,Jaboatão Dos Guararapes,2022-06-11,Parceiro,Dados,Mensal,Cartão
C02264,Empresa 2264,Tecnologia,Grande,24,Pr,Londrina,2025-06-21,Parceiro,Tecnologia,Anual,Pix
C02265,Empresa 2265,Saúde,Média,514,Rs,Porto Alegre,2025-07-20,Evento,Gestão,Anual,Boleto
C02266,Empresa 2266,Financeiro,Pequena,741,Es,Vila Velha,2024-09-25,Indicação,Consultoria,Anual,Cartão
C02267,Empresa 2267,Indústria,Grande,97,Pr,Curitiba,2024-03-15,Parceiro,Dados,Anual,Transferência
C02268,Empresa 2268,Tecnologia,Pequena,1125,Mg,Uberlândia,2024-07-24,Linkedin,Gestão,Mensal,Cartão
C02269,Empresa 2269,Varejo,Grande,178,Pr,Londrina,2023-08-28,Evento,Tecnologia,Mensal,Transferência
C02270,Empresa 2270,Tecnologia,Grande,955,Rj,Niterói,2022-03-13,Site,Tecnologia,Anual,Transferência
C02271,Empresa 2271,Saúde,Pequena,86,Sc,Florianópolis,2022-03-29,Parceiro,Consultoria,Mensal,Transferência
C02272,Empresa 2272,Saúde,Pequena,1006,Pr,Londrina,2022-01-17,Site,Gestão,Mensal,Pix
C02273,Empresa 2273,Saúde,Grande,564,Sc,Joinville,2025-07-21,Indicação,Dados,Anual,Boleto
C02274,Empresa 2274,Educação,Grande,101,Sp,Campinas,2025-03-24,Linkedin,Gestão,Anual,Pix
C02275,Empresa 2275,Varejo,Grande,1108,Es,Vila Velha,2022-12-22,Parceiro,Gestão,Anual,Cartão
C02276,Empresa 2276,Serviços,Grande,495,Rs,Caxias Do Sul,2022-08-18,Parceiro,Gestão,Mensal,Transferência
C02277,Empresa 2277,Saúde,Pequena,53,Rj,Niterói,2024-07-17,Parceiro,Consultoria,Mensal,Transferência
C02278,Empresa 2278,Varejo,Média,436,Sc,Florianópolis,2022-03-13,Parceiro,Gestão,Mensal,Transferência
C02279,Empresa 2279,Indústria,Média,1058,Pe,Recife,2025-08-28,Site,Dados,Não Informado,Pix
C02280,Empresa 2280,Tecnologia,Média,203,Pe,Recife,2024-07-09,Indicação,Consultoria,Mensal,Cartão
C02281,Empresa 2281,Serviços,Grande,868,Pr,Curitiba,2024-11-15,Site,Dados,Anual,Boleto
C02282,Empresa 2282,Serviços,Pequena,90,Rs,Caxias Do Sul,2023-06-26,Indicação,Dados,Mensal,Pix
C02283,Empresa 2283,Indústria,Grande,739,Es,Vila Velha,2022-03-13,Linkedin,Dados,Mensal,Pix
C02284,Empresa 2284,Tecnologia,Pequena,1023,Sc,Joinville,2022-05-16,Indicação,Dados,Mensal,Cartão
C02285,Empresa 2285,Serviços,Grande,164,Rs,Porto Alegre,2023-05-07,Parceiro,Gestão,Anual,Pix
C02286,Empresa 2286,Serviços,Média,1124,Mg,Uberlândia,2022-10-23,Indicação,Não Informado,Mensal,Transferência
C02287,Empresa 2287,Educação,Pequena,385,Sc,Florianópolis,2025-03-22,Evento,Consultoria,Anual,Cartão
C02288,Empresa 2288,Saúde,Pequena,552,Mg,Belo Horizonte,2023-01-15,Site,Gestão,Mensal,Pix
C02289,Empresa 2289,Tecnologia,Pequena,404,Go,Anápolis,2025-06-27,Linkedin,Gestão,Mensal,Transferência
C02290,Empresa 2290,Educação,Pequena,315,Pr,Londrina,2022-04-13,Linkedin,Dados,Mensal,Boleto
C02291,Empresa 2291,Financeiro,Média,494,Sp,Campinas,2022-03-07,Linkedin,Dados,Mensal,Cartão
C02292,Empresa 2292,Financeiro,Grande,73,Pr,Curitiba,2024-04-18,Evento,Gestão,Anual,Cartão
C02293,Empresa 2293,Tecnologia,Média,508,Sp,São Paulo,2022-05-03,Evento,Consultoria,Mensal,Transferência
C02294,Empresa 2294,Educação,Pequena,398,Pr,Curitiba,2025-06-14,Linkedin,Dados,Mensal,Pix
C02295,Empresa 2295,Financeiro,Média,1169,Rj,Rio De Janeiro,2023-02-23,Parceiro,Gestão,Mensal,Transferência
C02296,Empresa 2296,Varejo,Pequena,61,Pe,Jaboatão Dos Guararapes,2022-10-19,Evento,Tecnologia,Anual,Pix
C02297,Empresa 2297,Financeiro,Pequena,1130,Pe,Recife,2022-08-16,Linkedin,Consultoria,Anual,Cartão
C02298,Empresa 2298,Educação,Pequena,306,Sc,Florianópolis,2023-05-17,Evento,Tecnologia,Mensal,Boleto
C02299,Empresa 2299,Tecnologia,Grande,823,Rs,Porto Alegre,2022-10-23,Site,Tecnologia,Mensal,Boleto
C02300,Empresa 2300,Serviços,Pequena,300,Es,Vitória,2023-07-07,Parceiro,Tecnologia,Anual,Transferência
C02301,Empresa 2301,Educação,Grande,56,Pe,Recife,2023-01-05,Site,Gestão,Anual,Cartão
C02302,Empresa 2302,Varejo,Média,847,Rj,Rio De Janeiro,2023-04-06,Linkedin,Tecnologia,Mensal,Boleto
C02303,Empresa 2303,Serviços,Grande,745,Sc,Joinville,2023-12-08,Indicação,Gestão,Mensal,Boleto
C02304,Empresa 2304,Financeiro,Grande,236,Rj,Niterói,2022-08-06,Parceiro,Consultoria,Mensal,Transferência
C02305,Empresa 2305,Serviços,Grande,594,Go,Anápolis,2024-04-08,Evento,Gestão,Anual,Transferência
C02306,Empresa 2306,Educação,Média,130,Mg,Belo Horizonte,2023-03-15,Parceiro,Tecnologia,Anual,Transferência
C02307,Empresa 2307,Financeiro,Grande,482,Sc,Joinville,2022-02-18,Parceiro,Consultoria,Mensal,Pix
C02308,Empresa 2308,Financeiro,Grande,277,Pe,Recife,2023-08-21,Linkedin,Tecnologia,Mensal,Pix
C02309,Empresa 2309,Indústria,Grande,1093,Ba,Salvador,2025-03-15,Linkedin,Dados,Mensal,Cartão
C02310,Empresa 2310,Financeiro,Média,1054,Pr,Londrina,2023-07-25,Evento,Gestão,Mensal,Boleto
C02311,Empresa 2311,Financeiro,Grande,850,Rj,Niterói,2023-04-04,Evento,Gestão,Mensal,Boleto
C02312,Empresa 2312,Tecnologia,Pequena,418,Sp,Santos,2022-12-11,Linkedin,Dados,Mensal,Cartão
C02313,Empresa 2313,Varejo,Pequena,14,Rs,Porto Alegre,2022-01-04,Indicação,Consultoria,Anual,Boleto
C02314,Empresa 2314,Educação,Pequena,237,Sc,Florianópolis,2024-04-05,Indicação,Consultoria,Mensal,Cartão
C02315,Empresa 2315,Serviços,Pequena,57,Rj,Rio De Janeiro,2024-04-11,Linkedin,Dados,Mensal,Boleto
C02316,Empresa 2316,Educação,Grande,1099,Pe,Jaboatão Dos Guararapes,2023-02-17,Parceiro,Consultoria,Anual,Pix
C02317,Empresa 2317,Saúde,Grande,178,Go,Anápolis,2023-11-21,Linkedin,Tecnologia,Anual,Boleto
C02318,Empresa 2318,Tecnologia,Grande,1064,Sp,Campinas,2022-04-14,Site,Dados,Anual,Pix
C02319,Empresa 2319,Educação,Pequena,206,Rj,Rio De Janeiro,2023-05-16,Evento,Consultoria,Anual,Não Informado
C02320,Empresa 2320,Varejo,Grande,642,Rs,Porto Alegre,2024-10-23,Indicação,Dados,Anual,Pix
C02321,Empresa 2321,Varejo,Média,499,Rj,Niterói,2024-01-14,Linkedin,Gestão,Mensal,Transferência
C02322,Empresa 2322,Financeiro,Grande,522,Rs,Caxias Do Sul,2024-02-08,Parceiro,Tecnologia,Anual,Transferência
C02323,Empresa 2323,Indústria,Pequena,205,Pe,Recife,2022-10-31,Parceiro,Dados,Anual,Pix
C02324,Empresa 2324,Serviços,Grande,197,Mg,Belo Horizonte,2025-12-17,Site,Dados,Anual,Cartão
C02325,Empresa 2325,Educação,Pequena,78,Sp,Santos,2022-11-02,Evento,Consultoria,Anual,Cartão
C02326,Empresa 2326,Tecnologia,Pequena,744,Rs,Porto Alegre,2022-10-06,Linkedin,Tecnologia,Mensal,Boleto
C02327,Empresa 2327,Tecnologia,Pequena,613,Rs,Porto Alegre,2024-07-19,Site,Consultoria,Mensal,Cartão
C02328,Empresa 2328,Tecnologia,Grande,867,Rj,Rio De Janeiro,2025-01-29,Site,Tecnologia,Anual,Pix
C02329,Empresa 2329,Serviços,Média,244,Sc,Florianópolis,2025-09-25,Indicação,Gestão,Mensal,Boleto
C02330,Empresa 2330,Educação,Média,58,Sp,São Paulo,2023-06-26,Indicação,Dados,Mensal,Boleto
C02331,Empresa 2331,Tecnologia,Pequena,369,Pe,Recife,2022-06-27,Site,Gestão,Mensal,Cartão
C02332,Empresa 2332,Tecnologia,Grande,551,Rj,Niterói,2022-09-14,Indicação,Gestão,Anual,Transferência
C02333,Empresa 2333,Serviços,Grande,539,Rs,Caxias Do Sul,2023-04-05,Linkedin,Consultoria,Anual,Não Informado
C02334,Empresa 2334,Educação,Pequena,624,Mg,Uberlândia,2024-06-19,Indicação,Consultoria,Mensal,Cartão
C02335,Empresa 2335,Saúde,Média,429,Pr,Londrina,2022-01-15,Linkedin,Dados,Anual,Boleto
C02336,Empresa 2336,Educação,Pequena,1015,Rs,Caxias Do Sul,2025-02-17,Parceiro,Dados,Mensal,Cartão
C02337,Empresa 2337,Varejo,Média,385,Rj,Niterói,2025-10-23,Linkedin,Consultoria,Anual,Transferência
C02338,Empresa 2338,Indústria,Média,322,Ba,Salvador,2023-12-21,Evento,Consultoria,Anual,Transferência
C02339,Empresa 2339,Financeiro,Média,610,Go,Anápolis,2024-06-24,Linkedin,Consultoria,Mensal,Pix
C02340,Empresa 2340,Tecnologia,Pequena,855,Pr,Curitiba,2024-01-11,Parceiro,Tecnologia,Anual,Cartão
C02341,Empresa 2341,Varejo,Média,566,Mg,Belo Horizonte,2022-09-15,Evento,Não Informado,Anual,Transferência
C02342,Empresa 2342,Varejo,Pequena,318,Ba,Salvador,2025-01-26,Evento,Gestão,Anual,Cartão
C02343,Empresa 2343,Saúde,Grande,362,Mg,Belo Horizonte,2024-01-01,Linkedin,Tecnologia,Anual,Pix
C02344,Empresa 2344,Indústria,Grande,1019,Rj,Rio De Janeiro,2022-07-27,Parceiro,Consultoria,Mensal,Transferência
C02345,Empresa 2345,Serviços,Grande,888,Pr,Curitiba,2022-01-06,Evento,Dados,Anual,Cartão
C02346,Empresa 2346,Serviços,Pequena,142,Go,Anápolis,2024-10-26,Parceiro,Gestão,Mensal,Transferência
C02347,Empresa 2347,Serviços,Pequena,721,Ba,Salvador,2023-06-16,Indicação,Consultoria,Mensal,Pix
C02348,Empresa 2348,Saúde,Pequena,581,Mg,Belo Horizonte,2024-01-30,Site,Dados,Mensal,Pix
C02349,Empresa 2349,Saúde,Grande,1091,Ba,Feira De Santana,2022-04-15,Indicação,Dados,Anual,Boleto
C02350,Empresa 2350,Serviços,Grande,798,Rj,Rio De Janeiro,2025-08-07,Indicação,Dados,Mensal,Pix
C02351,Empresa 2351,Financeiro,Média,1137,Pr,Curitiba,2022-08-04,Indicação,Consultoria,Anual,Pix
C02352,Empresa 2352,Saúde,Média,249,Sp,São Paulo,2023-03-06,Indicação,Gestão,Mensal,Transferência
C02353,Empresa 2353,Tecnologia,Grande,224,Go,Anápolis,2024-04-29,Site,Tecnologia,Mensal,Cartão
C02354,Empresa 2354,Indústria,Média,965,Rj,Niterói,2025-04-06,Evento,Consultoria,Mensal,Pix
C02355,Empresa 2355,Saúde,Pequena,701,Pr,Curitiba,2024-06-15,Indicação,Consultoria,Anual,Boleto
C02356,Empresa 2356,Indústria,Média,1080,Go,Goiânia,2024-12-18,Linkedin,Dados,Anual,Pix
C02357,Empresa 2357,Tecnologia,Média,226,Pr,Londrina,2024-08-16,Indicação,Consultoria,Anual,Boleto
C02358,Empresa 2358,Indústria,Grande,796,Mg,Uberlândia,2023-02-20,Linkedin,Gestão,Mensal,Boleto
C02359,Empresa 2359,Serviços,Pequena,92,Pe,Jaboatão Dos Guararapes,2023-11-25,Linkedin,Consultoria,Mensal,Boleto
C02360,Empresa 2360,Tecnologia,Grande,1134,Sc,Joinville,2025-01-25,Evento,Gestão,Mensal,Pix
C02361,Empresa 2361,Saúde,Grande,610,Mg,Belo Horizonte,2025-08-26,Site,Dados,Anual,Boleto
C02362,Empresa 2362,Educação,Grande,87,Mg,Uberlândia,2022-09-06,Parceiro,Gestão,Anual,Transferência
C02363,Empresa 2363,Indústria,Média,50,Sc,Joinville,2024-03-26,Linkedin,Tecnologia,Mensal,Transferência
C02364,Empresa 2364,Tecnologia,Pequena,1193,Es,Vila Velha,2025-11-14,Site,Consultoria,Anual,Pix
C02365,Empresa 2365,Saúde,Pequena,805,Rj,Rio De Janeiro,2024-04-12,Indicação,Gestão,Mensal,Boleto
C02366,Empresa 2366,Tecnologia,Grande,1080,Pr,Londrina,2024-01-16,Site,Tecnologia,Mensal,Pix
C02367,Empresa 2367,Serviços,Pequena,1193,Es,Vitória,2025-01-07,Evento,Tecnologia,Mensal,Boleto
C02368,Empresa 2368,Saúde,Pequena,880,Sp,Santos,2022-01-21,Indicação,Consultoria,Anual,Boleto
C02369,Empresa 2369,Tecnologia,Média,155,Sp,Campinas,2022-10-29,Linkedin,Tecnologia,Anual,Cartão
C02370,Empresa 2370,Varejo,Grande,685,Ba,Salvador,2023-05-17,Evento,Consultoria,Mensal,Pix
C02371,Empresa 2371,Serviços,Pequena,575,Rs,Caxias Do Sul,2022-02-04,Linkedin,Tecnologia,Não Informado,Transferência
C02372,Empresa 2372,Serviços,Média,260,Go,Anápolis,2025-04-13,Linkedin,Dados,Anual,Cartão
C02373,Empresa 2373,Financeiro,Pequena,929,Rj,Niterói,2022-10-08,Evento,Consultoria,Mensal,Boleto
C02374,Empresa 2374,Serviços,Grande,1029,Es,Vitória,2024-02-02,Evento,Tecnologia,Anual,Boleto
C02375,Empresa 2375,Tecnologia,Grande,955,Ba,Salvador,2025-08-02,Site,Gestão,Mensal,Boleto
C02376,Empresa 2376,Educação,Grande,767,Sc,Joinville,2023-08-23,Linkedin,Gestão,Anual,Boleto
C02377,Empresa 2377,Tecnologia,Média,218,Sp,São Paulo,2024-01-04,Linkedin,Dados,Mensal,Transferência
C02378,Empresa 2378,Educação,Média,994,Rj,Rio De Janeiro,2024-01-11,Linkedin,Consultoria,Mensal,Pix
C02379,Empresa 2379,Saúde,Pequena,1095,Pe,Recife,2023-10-14,Site,Gestão,Anual,Pix
C02380,Empresa 2380,Serviços,Média,950,Sc,Florianópolis,2024-10-27,Linkedin,Consultoria,Mensal,Boleto
C02381,Empresa 2381,Serviços,Média,1091,Rs,Caxias Do Sul,2023-06-16,Site,Gestão,Mensal,Cartão
C02382,Empresa 2382,Educação,Média,523,Sp,São Paulo,2024-07-07,Indicação,Gestão,Anual,Boleto
C02383,Empresa 2383,Tecnologia,Grande,432,Mg,Uberlândia,2024-09-06,Site,Gestão,Anual,Transferência
C02384,Empresa 2384,Financeiro,Pequena,456,Mg,Uberlândia,2024-01-04,Parceiro,Gestão,Mensal,Não Informado
C02385,Empresa 2385,Financeiro,Grande,815,Sp,Santos,2023-06-24,Site,Dados,Mensal,Cartão
C02386,Empresa 2386,Saúde,Pequena,720,Rs,Porto Alegre,2023-04-27,Parceiro,Dados,Anual,Boleto
C02387,Empresa 2387,Indústria,Pequena,680,Es,Vila Velha,2024-05-06,Linkedin,Tecnologia,Mensal,Cartão
C02388,Empresa 2388,Indústria,Grande,668,Pr,Londrina,2025-10-28,Linkedin,Consultoria,Anual,Transferência
C02389,Empresa 2389,Saúde,Média,531,Pe,Recife,2025-12-26,Linkedin,Consultoria,Mensal,Boleto
C02390,Empresa 2390,Varejo,Pequena,986,Go,Goiânia,2023-06-16,Linkedin,Dados,Anual,Boleto
C02391,Empresa 2391,Indústria,Pequena,369,Mg,Belo Horizonte,2022-05-03,Linkedin,Consultoria,Mensal,Pix
C02392,Empresa 2392,Indústria,Média,882,Pe,Recife,2024-01-30,Linkedin,Consultoria,Anual,Boleto
C02393,Empresa 2393,Varejo,Grande,1122,Sp,Campinas,2023-08-27,Indicação,Tecnologia,Anual,Transferência
C02394,Empresa 2394,Varejo,Pequena,777,Es,Vitória,2025-02-07,Indicação,Não Informado,Mensal,Boleto
C02395,Empresa 2395,Varejo,Pequena,379,Es,Vila Velha,2023-01-02,Parceiro,Consultoria,Mensal,Cartão
C02396,Empresa 2396,Educação,Média,1024,Mg,Belo Horizonte,2025-10-21,Indicação,Gestão,Mensal,Pix
C02397,Empresa 2397,Serviços,Pequena,452,Pe,Recife,2024-08-09,Linkedin,Dados,Anual,Pix
C02398,Empresa 2398,Tecnologia,Pequena,606,Rs,Porto Alegre,2025-11-04,Site,Dados,Anual,Transferência
C02399,Empresa 2399,Saúde,Média,1192,Mg,Belo Horizonte,2023-06-04,Indicação,Gestão,Mensal,Cartão
C02400,Empresa 2400,Varejo,Grande,20,Pe,Recife,2024-06-06,Parceiro,Não Informado,Anual,Cartão
C02401,Empresa 2401,Varejo,Média,1136,Sc,Joinville,2022-05-05,Indicação,Dados,Mensal,Boleto
C02402,Empresa 2402,Varejo,Média,379,Pe,Recife,2025-12-06,Site,Consultoria,Anual,Boleto
C02403,Empresa 2403,Tecnologia,Média,1163,Rs,Caxias Do Sul,2025-08-28,Indicação,Dados,Anual,Transferência
C02404,Empresa 2404,Indústria,Média,361,Pe,Jaboatão Dos Guararapes,2024-03-20,Site,Tecnologia,Anual,Boleto
C02405,Empresa 2405,Saúde,Grande,775,Es,Vitória,2024-09-28,Linkedin,Consultoria,Anual,Cartão
C02406,Empresa 2406,Indústria,Média,754,Sp,Campinas,2024-05-07,Indicação,Dados,Mensal,Pix
C02407,Empresa 2407,Serviços,Pequena,105,Rj,Rio De Janeiro,2025-03-03,Site,Consultoria,Anual,Cartão
C02408,Empresa 2408,Tecnologia,Média,540,Pr,Curitiba,2025-06-23,Parceiro,Dados,Mensal,Boleto
C02409,Empresa 2409,Varejo,Pequena,364,Rs,Porto Alegre,2023-01-30,Site,Dados,Anual,Pix
C02410,Empresa 2410,Serviços,Média,688,Sp,Campinas,2022-11-12,Indicação,Consultoria,Mensal,Cartão
C02411,Empresa 2411,Serviços,Grande,78,Sc,Florianópolis,2023-11-04,Linkedin,Tecnologia,Mensal,Boleto
C02412,Empresa 2412,Varejo,Média,514,Pr,Londrina,2023-01-30,Site,Gestão,Mensal,Pix
C02413,Empresa 2413,Saúde,Grande,1112,Go,Goiânia,2022-02-24,Indicação,Dados,Anual,Cartão
C02414,Empresa 2414,Financeiro,Pequena,919,Rj,Niterói,2022-11-28,Parceiro,Gestão,Anual,Boleto
C02415,Empresa 2415,Varejo,Pequena,1026,Sp,Campinas,2022-08-30,Site,Consultoria,Anual,Transferência
C02416,Empresa 2416,Saúde,Média,337,Sc,Florianópolis,2025-04-19,Indicação,Gestão,Mensal,Cartão
C02417,Empresa 2417,Varejo,Média,710,Rj,Rio De Janeiro,2025-03-05,Parceiro,Dados,Mensal,Transferência
C02418,Empresa 2418,Indústria,Pequena,214,Pe,Jaboatão Dos Guararapes,2022-06-05,Evento,Dados,Anual,Boleto
C02419,Empresa 2419,Educação,Média,319,Ba,Feira De Santana,2023-07-16,Evento,Gestão,Mensal,Boleto
C02420,Empresa 2420,Educação,Pequena,928,Sp,São Paulo,2025-06-25,Indicação,Consultoria,Mensal,Cartão
C02421,Empresa 2421,Saúde,Pequena,401,Rs,Porto Alegre,2022-10-09,Indicação,Consultoria,Anual,Boleto
C02422,Empresa 2422,Tecnologia,Média,202,Rs,Caxias Do Sul,2023-12-28,Site,Dados,Mensal,Pix
C02423,Empresa 2423,Indústria,Pequena,1069,Sc,Joinville,2023-05-02,Linkedin,Gestão,Mensal,Cartão
C02424,Empresa 2424,Varejo,Média,524,Pe,Recife,2025-05-24,Site,Consultoria,Mensal,Cartão
C02425,Empresa 2425,Financeiro,Pequena,379,Rs,Porto Alegre,2025-12-05,Evento,Gestão,Anual,Pix
C02426,Empresa 2426,Indústria,Média,1186,Ba,Não Informado,2024-10-06,Site,Dados,Mensal,Transferência
C02427,Empresa 2427,Saúde,Grande,127,Rs,Porto Alegre,2022-07-15,Evento,Gestão,Anual,Transferência
C02428,Empresa 2428,Financeiro,Média,1041,Sc,Joinville,2022-04-28,Parceiro,Dados,Mensal,Cartão
C02429,Empresa 2429,Serviços,Média,286,Ba,Feira De Santana,2025-12-26,Site,Consultoria,Anual,Transferência
C02430,Empresa 2430,Indústria,Grande,354,Pe,Jaboatão Dos Guararapes,2022-09-14,Evento,Dados,Anual,Cartão
C02431,Empresa 2431,Tecnologia,Pequena,1147,Rj,Rio De Janeiro,2025-04-14,Site,Dados,Anual,Pix
C02432,Empresa 2432,Varejo,Média,840,Rj,Rio De Janeiro,2024-12-28,Evento,Gestão,Mensal,Transferência
C02433,Empresa 2433,Serviços,Média,379,Pr,Curitiba,2025-04-21,Indicação,Dados,Mensal,Boleto
C02434,Empresa 2434,Saúde,Grande,1184,Sc,Florianópolis,2022-06-28,Parceiro,Consultoria,Mensal,Transferência
C02435,Empresa 2435,Serviços,Grande,918,Ba,Salvador,2022-12-15,Site,Gestão,Anual,Pix
C02436,Empresa 2436,Serviços,Pequena,1199,Sc,Joinville,2023-12-03,Linkedin,Dados,Mensal,Não Informado
C02437,Empresa 2437,Indústria,Pequena,48,Pe,Recife,2023-08-07,Parceiro,Consultoria,Mensal,Pix
C02438,Empresa 2438,Varejo,Média,421,Es,Vitória,2023-03-26,Site,Dados,Anual,Transferência
C02439,Empresa 2439,Financeiro,Pequena,792,Rj,Rio De Janeiro,2022-06-27,Indicação,Gestão,Mensal,Boleto
C02440,Empresa 2440,Indústria,Pequena,666,Pe,Jaboatão Dos Guararapes,2024-09-22,Evento,Gestão,Mensal,Transferência
C02441,Empresa 2441,Educação,Pequena,810,Sp,Campinas,2024-08-28,Site,Tecnologia,Mensal,Pix
C02442,Empresa 2442,Varejo,Média,365,Es,Vitória,2023-10-29,Evento,Gestão,Mensal,Transferência
C02443,Empresa 2443,Varejo,Pequena,237,Ba,Salvador,2025-09-11,Site,Gestão,Mensal,Não Informado
C02444,Empresa 2444,Saúde,Grande,200,Es,Vila Velha,2023-06-15,Evento,Dados,Mensal,Pix
C02445,Empresa 2445,Saúde,Média,248,Ba,Salvador,2023-12-16,Linkedin,Dados,Anual,Não Informado
C02446,Empresa 2446,Saúde,Média,870,Ba,Salvador,2024-12-07,Linkedin,Dados,Anual,Cartão
C02447,Empresa 2447,Tecnologia,Média,887,Mg,Belo Horizonte,2025-07-01,Linkedin,Tecnologia,Anual,Pix
C02448,Empresa 2448,Educação,Pequena,187,Go,Anápolis,2025-02-01,Parceiro,Dados,Mensal,Cartão
C02449,Empresa 2449,Varejo,Média,1157,Mg,Belo Horizonte,2022-03-26,Linkedin,Tecnologia,Anual,Cartão
C02450,Empresa 2450,Varejo,Pequena,560,Rj,Niterói,2024-10-13,Linkedin,Tecnologia,Mensal,Transferência
C02451,Empresa 2451,Educação,Grande,32,Es,Vitória,2023-06-08,Evento,Tecnologia,Anual,Boleto
C02452,Empresa 2452,Educação,Grande,1172,Ba,Salvador,2022-10-08,Evento,Gestão,Mensal,Boleto
C02453,Empresa 2453,Indústria,Grande,555,Go,Goiânia,2024-06-07,Indicação,Consultoria,Anual,Boleto
C02454,Empresa 2454,Indústria,Média,996,Go,Anápolis,2023-11-22,Site,Consultoria,Anual,Cartão
C02455,Empresa 2455,Serviços,Grande,42,Pr,Curitiba,2023-10-20,Parceiro,Dados,Anual,Pix
C02456,Empresa 2456,Educação,Pequena,634,Sc,Joinville,2025-10-08,Linkedin,Consultoria,Anual,Boleto
C02457,Empresa 2457,Financeiro,Média,574,Pe,Recife,2024-10-31,Linkedin,Consultoria,Anual,Transferência
C02458,Empresa 2458,Serviços,Média,729,Rj,Niterói,2025-01-15,Evento,Gestão,Anual,Boleto
C02459,Empresa 2459,Educação,Grande,147,Ba,Feira De Santana,2023-04-24,Evento,Consultoria,Anual,Pix
C02460,Empresa 2460,Educação,Média,351,Sp,Santos,2022-11-02,Indicação,Consultoria,Não Informado,Cartão
C02461,Empresa 2461,Educação,Grande,1161,Sp,Campinas,2025-11-29,Indicação,Não Informado,Mensal,Cartão
C02462,Empresa 2462,Tecnologia,Média,84,Ba,Salvador,2024-05-27,Site,Gestão,Anual,Não Informado
C02463,Empresa 2463,Varejo,Pequena,65,Es,Vila Velha,2024-11-08,Linkedin,Gestão,Mensal,Pix
C02464,Empresa 2464,Indústria,Pequena,1132,Ba,Salvador,2024-08-22,Site,Dados,Anual,Transferência
C02465,Empresa 2465,Indústria,Média,176,Pe,Recife,2025-03-22,Parceiro,Gestão,Anual,Cartão
C02466,Empresa 2466,Serviços,Média,105,Pr,Londrina,2024-10-25,Linkedin,Dados,Anual,Boleto
C02467,Empresa 2467,Serviços,Pequena,1064,Sc,Joinville,2025-10-24,Linkedin,Consultoria,Anual,Cartão
C02468,Empresa 2468,Indústria,Média,1179,Sp,São Paulo,2025-10-05,Site,Consultoria,Anual,Pix
C02469,Empresa 2469,Serviços,Grande,875,Sc,Florianópolis,2025-08-19,Parceiro,Gestão,Anual,Pix
C02470,Empresa 2470,Varejo,Pequena,135,Ba,Salvador,2024-03-11,Linkedin,Dados,Mensal,Transferência
C02471,Empresa 2471,Financeiro,Pequena,1052,Pr,Curitiba,2025-04-03,Parceiro,Dados,Anual,Pix
C02472,Empresa 2472,Educação,Grande,671,Go,Goiânia,2022-11-12,Site,Gestão,Mensal,Transferência
C02473,Empresa 2473,Educação,Média,547,Sp,São Paulo,2024-12-29,Linkedin,Tecnologia,Mensal,Pix
C02474,Empresa 2474,Financeiro,Grande,490,Pr,Curitiba,2025-11-25,Site,Tecnologia,Anual,Pix
C02475,Empresa 2475,Saúde,Grande,867,Rj,Niterói,2023-08-02,Indicação,Gestão,Mensal,Pix
C02476,Empresa 2476,Serviços,Grande,909,Es,Vitória,2023-11-28,Indicação,Tecnologia,Anual,Boleto
C02477,Empresa 2477,Financeiro,Grande,579,Sc,Florianópolis,2023-04-21,Indicação,Dados,Mensal,Transferência
C02478,Empresa 2478,Educação,Média,1038,Go,Goiânia,2022-08-17,Linkedin,Gestão,Anual,Boleto
C02479,Empresa 2479,Indústria,Grande,1197,Rj,Rio De Janeiro,2023-12-05,Indicação,Gestão,Anual,Boleto
C02480,Empresa 2480,Saúde,Pequena,419,Go,Anápolis,2022-07-10,Indicação,Consultoria,Anual,Pix
C02481,Empresa 2481,Educação,Grande,621,Es,Vitória,2022-11-16,Linkedin,Consultoria,Mensal,Pix
C02482,Empresa 2482,Financeiro,Pequena,1070,Go,Goiânia,2025-07-12,Linkedin,Dados,Anual,Boleto
C02483,Empresa 2483,Financeiro,Média,1136,Go,Goiânia,2022-12-06,Evento,Tecnologia,Anual,Pix
C02484,Empresa 2484,Varejo,Grande,1049,Sp,Santos,2024-07-26,Parceiro,Tecnologia,Mensal,Transferência
C02485,Empresa 2485,Tecnologia,Média,1115,Sc,Florianópolis,2022-07-01,Linkedin,Consultoria,Não Informado,Não Informado
C02486,Empresa 2486,Educação,Média,281,Mg,Belo Horizonte,2024-08-25,Parceiro,Consultoria,Mensal,Pix
C02487,Empresa 2487,Tecnologia,Média,126,Pr,Curitiba,2025-07-03,Linkedin,Dados,Anual,Cartão
C02488,Empresa 2488,Saúde,Grande,791,Sc,Florianópolis,2023-03-24,Evento,Tecnologia,Anual,Pix
C02489,Empresa 2489,Tecnologia,Grande,614,Rj,Rio De Janeiro,2023-01-01,Evento,Dados,Anual,Boleto
C02490,Empresa 2490,Tecnologia,Grande,194,Ba,Salvador,2025-05-06,Site,Gestão,Anual,Boleto
C02491,Empresa 2491,Financeiro,Média,1177,Sp,Campinas,2023-01-10,Linkedin,Consultoria,Mensal,Não Informado
C02492,Empresa 2492,Varejo,Média,506,Pe,Jaboatão Dos Guararapes,2022-01-02,Evento,Dados,Anual,Pix
C02493,Empresa 2493,Varejo,Grande,880,Rs,Caxias Do Sul,2023-12-28,Parceiro,Consultoria,Anual,Cartão
C02494,Empresa 2494,Tecnologia,Pequena,829,Sc,Joinville,2025-10-23,Parceiro,Dados,Mensal,Cartão
C02495,Empresa 2495,Educação,Pequena,1070,Es,Vila Velha,2024-07-14,Evento,Gestão,Anual,Boleto
C02496,Empresa 2496,Varejo,Média,88,Pr,Londrina,2022-09-18,Linkedin,Gestão,Anual,Cartão
C02497,Empresa 2497,Varejo,Média,1200,Es,Vila Velha,2022-05-31,Parceiro,Gestão,Mensal,Boleto
C02498,Empresa 2498,Varejo,Grande,1084,Sp,Campinas,2023-06-10,Site,Dados,Anual,Boleto
C02499,Empresa 2499,Educação,Média,158,Sp,Campinas,2024-02-26,Parceiro,Gestão,Mensal,Boleto
C02500,Empresa 2500,Financeiro,Grande,326,Rs,Porto Alegre,2024-02-12,Site,Tecnologia,Anual,Transferência
C02501,Empresa 2501,Educação,Grande,1024,Go,Anápolis,2024-11-20,Parceiro,Dados,Anual,Transferência
C02502,Empresa 2502,Tecnologia,Pequena,531,Sp,Santos,2023-09-09,Site,Consultoria,Anual,Boleto
C02503,Empresa 2503,Varejo,Grande,1091,Rj,Rio De Janeiro,2023-11-02,Parceiro,Consultoria,Mensal,Boleto
C02504,Empresa 2504,Tecnologia,Pequena,146,Ba,Feira De Santana,2022-01-21,Evento,Consultoria,Anual,Transferência
C02505,Empresa 2505,Indústria,Grande,147,Mg,Uberlândia,2025-06-17,Site,Consultoria,Anual,Pix
C02506,Empresa 2506,Tecnologia,Pequena,428,Pr,Não Informado,2023-09-08,Evento,Dados,Anual,Boleto
C02507,Empresa 2507,Financeiro,Grande,900,Sp,Santos,2025-04-26,Evento,Gestão,Anual,Boleto
C02508,Empresa 2508,Tecnologia,Média,319,Mg,Belo Horizonte,2023-08-31,Parceiro,Dados,Mensal,Cartão
C02509,Empresa 2509,Financeiro,Média,883,Pr,Londrina,2022-03-05,Parceiro,Consultoria,Anual,Transferência
C02510,Empresa 2510,Serviços,Grande,79,Mg,Uberlândia,2025-03-10,Linkedin,Não Informado,Mensal,Pix
C02511,Empresa 2511,Saúde,Pequena,15,Pe,Jaboatão Dos Guararapes,2025-09-11,Parceiro,Gestão,Anual,Pix
C02512,Empresa 2512,Financeiro,Média,993,Go,Goiânia,2024-05-31,Evento,Consultoria,Anual,Boleto
C02513,Empresa 2513,Saúde,Pequena,344,Sc,Joinville,2024-10-02,Site,Consultoria,Mensal,Transferência
C02514,Empresa 2514,Serviços,Média,208,Es,Vitória,2023-10-09,Indicação,Gestão,Anual,Transferência
C02515,Empresa 2515,Varejo,Pequena,1026,Pr,Londrina,2025-08-08,Indicação,Dados,Anual,Pix
C02516,Empresa 2516,Varejo,Pequena,310,Es,Vila Velha,2025-09-20,Parceiro,Consultoria,Mensal,Transferência
C02517,Empresa 2517,Educação,Pequena,398,Pr,Londrina,2023-03-07,Site,Tecnologia,Anual,Cartão
C02518,Empresa 2518,Financeiro,Grande,10,Pe,Jaboatão Dos Guararapes,2023-08-10,Linkedin,Gestão,Mensal,Transferência
C02519,Empresa 2519,Serviços,Pequena,471,Go,Anápolis,2024-05-01,Indicação,Consultoria,Anual,Transferência
C02520,Empresa 2520,Serviços,Grande,156,Rs,Caxias Do Sul,2022-06-06,Indicação,Tecnologia,Mensal,Transferência
C02521,Empresa 2521,Varejo,Grande,720,Pr,Curitiba,2025-09-08,Evento,Tecnologia,Anual,Boleto
C02522,Empresa 2522,Financeiro,Pequena,1153,Sc,Joinville,2022-03-17,Parceiro,Consultoria,Anual,Cartão
C02523,Empresa 2523,Indústria,Grande,205,Go,Anápolis,2022-06-11,Linkedin,Tecnologia,Anual,Transferência
C02524,Empresa 2524,Financeiro,Grande,249,Rs,Caxias Do Sul,2023-05-25,Indicação,Gestão,Anual,Pix
C02525,Empresa 2525,Tecnologia,Grande,513,Sp,São Paulo,2023-08-07,Evento,Tecnologia,Anual,Pix
C02526,Empresa 2526,Tecnologia,Pequena,1128,Go,Goiânia,2023-07-20,Site,Consultoria,Mensal,Boleto
C02527,Empresa 2527,Educação,Pequena,91,Es,Vitória,2024-02-23,Parceiro,Tecnologia,Anual,Cartão
C02528,Empresa 2528,Educação,Grande,1116,Sp,São Paulo,2025-09-13,Site,Gestão,Anual,Boleto
C02529,Empresa 2529,Saúde,Pequena,792,Es,Vila Velha,2025-11-30,Linkedin,Dados,Mensal,Não Informado
C02530,Empresa 2530,Varejo,Pequena,123,Rs,Porto Alegre,2024-05-05,Parceiro,Gestão,Anual,Cartão
C02531,Empresa 2531,Financeiro,Pequena,894,Sp,Campinas,2024-10-27,Indicação,Gestão,Mensal,Boleto
C02532,Empresa 2532,Indústria,Pequena,199,Sp,Santos,2025-10-23,Evento,Dados,Mensal,Pix
C02533,Empresa 2533,Serviços,Pequena,808,Pr,Londrina,2025-10-26,Indicação,Consultoria,Anual,Cartão
C02534,Empresa 2534,Financeiro,Pequena,712,Go,Goiânia,2023-11-25,Linkedin,Dados,Mensal,Pix
C02535,Empresa 2535,Indústria,Média,76,Rj,Niterói,2025-05-01,Linkedin,Dados,Mensal,Pix
C02536,Empresa 2536,Financeiro,Média,24,Rs,Caxias Do Sul,2023-04-08,Linkedin,Tecnologia,Anual,Cartão
C02537,Empresa 2537,Indústria,Grande,126,Sc,Florianópolis,2024-09-10,Site,Consultoria,Anual,Pix
C02538,Empresa 2538,Indústria,Pequena,1182,Sc,Joinville,2024-03-10,Site,Tecnologia,Anual,Transferência
C02539,Empresa 2539,Varejo,Média,378,Ba,Salvador,2024-04-15,Evento,Gestão,Mensal,Cartão
C02540,Empresa 2540,Varejo,Grande,797,Pr,Curitiba,2022-01-28,Parceiro,Tecnologia,Mensal,Boleto
C02541,Empresa 2541,Serviços,Grande,928,Rs,Porto Alegre,2024-09-22,Site,Gestão,Anual,Pix
C02542,Empresa 2542,Educação,Pequena,95,Rs,Caxias Do Sul,2022-04-17,Linkedin,Dados,Anual,Pix
C02543,Empresa 2543,Tecnologia,Grande,1097,Rs,Porto Alegre,2022-04-01,Linkedin,Tecnologia,Mensal,Pix
C02544,Empresa 2544,Financeiro,Pequena,252,Sp,São Paulo,2023-03-20,Indicação,Dados,Mensal,Boleto
C02545,Empresa 2545,Tecnologia,Grande,547,Rs,Caxias Do Sul,2022-10-05,Site,Dados,Anual,Cartão
C02546,Empresa 2546,Indústria,Grande,760,Es,Vitória,2024-08-15,Indicação,Dados,Anual,Pix
C02547,Empresa 2547,Indústria,Grande,891,Sp,Não Informado,2025-06-30,Site,Gestão,Anual,Transferência
C02548,Empresa 2548,Saúde,Média,569,Sc,Florianópolis,2025-09-16,Indicação,Tecnologia,Anual,Cartão
C02549,Empresa 2549,Varejo,Grande,195,Sc,Florianópolis,2023-11-06,Parceiro,Consultoria,Mensal,Transferência
C02550,Empresa 2550,Saúde,Grande,442,Rs,Caxias Do Sul,2025-07-12,Evento,Tecnologia,Anual,Transferência
C02551,Empresa 2551,Financeiro,Grande,769,Mg,Belo Horizonte,2022-12-10,Indicação,Gestão,Anual,Pix
C02552,Empresa 2552,Educação,Média,34,Rs,Porto Alegre,2025-12-03,Linkedin,Consultoria,Anual,Boleto
C02553,Empresa 2553,Educação,Pequena,926,Sc,Florianópolis,2025-01-14,Evento,Gestão,Mensal,Transferência
C02554,Empresa 2554,Varejo,Pequena,733,Ba,Salvador,2022-02-02,Evento,Tecnologia,Mensal,Pix
C02555,Empresa 2555,Indústria,Pequena,148,Rs,Caxias Do Sul,2023-02-12,Site,Consultoria,Anual,Transferência
C02556,Empresa 2556,Educação,Pequena,720,Rj,Niterói,2023-10-10,Parceiro,Consultoria,Anual,Boleto
C02557,Empresa 2557,Saúde,Pequena,438,Mg,Belo Horizonte,2023-06-08,Parceiro,Tecnologia,Anual,Transferência
C02558,Empresa 2558,Tecnologia,Grande,778,Es,Vila Velha,2023-06-28,Evento,Dados,Mensal,Cartão
C02559,Empresa 2559,Tecnologia,Média,952,Pe,Recife,2025-04-10,Parceiro,Consultoria,Anual,Transferência
C02560,Empresa 2560,Financeiro,Pequena,889,Sc,Joinville,2024-04-08,Linkedin,Consultoria,Mensal,Boleto
C02561,Empresa 2561,Educação,Média,1155,Rs,Caxias Do Sul,2025-05-28,Linkedin,Consultoria,Anual,Transferência
C02562,Empresa 2562,Varejo,Grande,989,Sp,Campinas,2023-01-16,Indicação,Tecnologia,Mensal,Pix
C02563,Empresa 2563,Varejo,Pequena,62,Rj,Niterói,2025-02-28,Linkedin,Gestão,Mensal,Boleto
C02564,Empresa 2564,Indústria,Grande,991,Pr,Curitiba,2022-10-22,Site,Dados,Anual,Cartão
C02565,Empresa 2565,Varejo,Grande,283,Sc,Joinville,2022-03-23,Site,Dados,Não Informado,Transferência
C02566,Empresa 2566,Serviços,Grande,392,Ba,Feira De Santana,2025-06-18,Site,Gestão,Anual,Boleto
C02567,Empresa 2567,Varejo,Pequena,1105,Es,Vila Velha,2025-12-23,Site,Consultoria,Mensal,Boleto
C02568,Empresa 2568,Financeiro,Pequena,524,Mg,Não Informado,2022-02-14,Indicação,Gestão,Mensal,Boleto
C02569,Empresa 2569,Saúde,Média,293,Mg,Belo Horizonte,2024-11-23,Evento,Gestão,Mensal,Boleto
C02570,Empresa 2570,Serviços,Grande,999,Es,Vila Velha,2022-01-19,Evento,Consultoria,Anual,Cartão
C02571,Empresa 2571,Educação,Pequena,916,Rs,Caxias Do Sul,2022-09-17,Linkedin,Consultoria,Mensal,Boleto
C02572,Empresa 2572,Tecnologia,Grande,815,Rj,Niterói,2022-03-02,Site,Dados,Mensal,Boleto
C02573,Empresa 2573,Indústria,Pequena,272,Ba,Feira De Santana,2025-07-04,Linkedin,Gestão,Anual,Boleto
C02574,Empresa 2574,Educação,Grande,1046,Pr,Curitiba,2022-06-04,Linkedin,Gestão,Anual,Transferência
C02575,Empresa 2575,Tecnologia,Pequena,1153,Sp,Campinas,2024-06-26,Indicação,Dados,Anual,Pix
C02576,Empresa 2576,Saúde,Pequena,1041,Rs,Caxias Do Sul,2025-06-12,Site,Tecnologia,Mensal,Pix
C02577,Empresa 2577,Saúde,Grande,119,Pe,Recife,2025-12-21,Linkedin,Tecnologia,Mensal,Transferência
C02578,Empresa 2578,Financeiro,Pequena,886,Pe,Jaboatão Dos Guararapes,2024-01-22,Linkedin,Dados,Anual,Pix
C02579,Empresa 2579,Tecnologia,Pequena,511,Ba,Feira De Santana,2022-11-24,Site,Tecnologia,Anual,Cartão
C02580,Empresa 2580,Saúde,Grande,927,Ba,Não Informado,2022-05-26,Evento,Gestão,Mensal,Pix
C02581,Empresa 2581,Financeiro,Grande,1178,Go,Anápolis,2023-03-22,Parceiro,Tecnologia,Mensal,Cartão
C02582,Empresa 2582,Financeiro,Média,80,Es,Vila Velha,2025-12-17,Evento,Consultoria,Anual,Boleto
C02583,Empresa 2583,Serviços,Média,617,Mg,Belo Horizonte,2024-05-03,Site,Dados,Mensal,Cartão
C02584,Empresa 2584,Varejo,Pequena,331,Ba,Salvador,2022-07-27,Indicação,Tecnologia,Anual,Cartão
C02585,Empresa 2585,Tecnologia,Pequena,159,Pr,Curitiba,2023-05-31,Linkedin,Gestão,Mensal,Boleto
C02586,Empresa 2586,Financeiro,Grande,632,Pr,Londrina,2025-04-26,Evento,Dados,Mensal,Cartão
C02587,Empresa 2587,Indústria,Grande,1016,Ba,Salvador,2024-08-02,Parceiro,Dados,Mensal,Boleto
C02588,Empresa 2588,Indústria,Grande,999,Pe,Recife,2024-12-12,Evento,Tecnologia,Mensal,Transferência
C02589,Empresa 2589,Educação,Grande,167,Go,Goiânia,2022-04-12,Evento,Tecnologia,Anual,Cartão
C02590,Empresa 2590,Financeiro,Grande,565,Pe,Jaboatão Dos Guararapes,2025-03-23,Indicação,Tecnologia,Anual,Transferência
C02591,Empresa 2591,Financeiro,Média,404,Es,Vitória,2023-07-06,Indicação,Gestão,Mensal,Boleto
C02592,Empresa 2592,Tecnologia,Grande,131,Ba,Salvador,2022-09-02,Linkedin,Consultoria,Anual,Transferência
C02593,Empresa 2593,Tecnologia,Média,670,Mg,Uberlândia,2022-01-16,Evento,Gestão,Anual,Cartão
C02594,Empresa 2594,Indústria,Grande,826,Rs,Caxias Do Sul,2024-10-19,Evento,Tecnologia,Anual,Cartão
C02595,Empresa 2595,Saúde,Média,892,Rj,Niterói,2022-12-19,Indicação,Consultoria,Mensal,Transferência
C02596,Empresa 2596,Saúde,Grande,859,Go,Goiânia,2024-07-03,Evento,Consultoria,Anual,Pix
C02597,Empresa 2597,Saúde,Média,675,Ba,Salvador,2024-02-23,Site,Dados,Anual,Cartão
C02598,Empresa 2598,Serviços,Grande,977,Sc,Joinville,2022-05-21,Indicação,Dados,Mensal,Boleto
C02599,Empresa 2599,Financeiro,Média,44,Go,Goiânia,2024-04-12,Evento,Gestão,Mensal,Pix
C02600,Empresa 2600,Varejo,Média,407,Pe,Recife,2022-02-10,Parceiro,Tecnologia,Anual,Boleto
C02601,Empresa 2601,Indústria,Média,134,Pr,Curitiba,2024-11-15,Indicação,Tecnologia,Mensal,Boleto
C02602,Empresa 2602,Serviços,Média,151,Sp,São Paulo,2025-05-31,Evento,Consultoria,Anual,Pix
C02603,Empresa 2603,Financeiro,Média,1189,Es,Vila Velha,2024-09-01,Site,Tecnologia,Anual,Boleto
C02604,Empresa 2604,Tecnologia,Pequena,752,Go,Não Informado,2023-05-07,Parceiro,Tecnologia,Não Informado,Não Informado
C02605,Empresa 2605,Educação,Pequena,734,Rs,Caxias Do Sul,2022-03-28,Linkedin,Tecnologia,Mensal,Cartão
C02606,Empresa 2606,Indústria,Pequena,1183,Pe,Jaboatão Dos Guararapes,2025-08-04,Indicação,Tecnologia,Mensal,Boleto
C02607,Empresa 2607,Varejo,Grande,523,Ba,Feira De Santana,2022-01-03,Site,Consultoria,Mensal,Pix
C02608,Empresa 2608,Financeiro,Pequena,690,Rs,Caxias Do Sul,2024-12-22,Parceiro,Consultoria,Anual,Boleto
C02609,Empresa 2609,Tecnologia,Pequena,207,Sc,Joinville,2022-11-11,Linkedin,Gestão,Anual,Transferência
C02610,Empresa 2610,Financeiro,Média,242,Pe,Jaboatão Dos Guararapes,2024-01-13,Indicação,Gestão,Anual,Boleto
C02611,Empresa 2611,Financeiro,Grande,274,Pr,Londrina,2022-01-08,Parceiro,Gestão,Anual,Pix
C02612,Empresa 2612,Varejo,Pequena,460,Es,Vitória,2024-05-10,Linkedin,Consultoria,Anual,Transferência
C02613,Empresa 2613,Varejo,Média,870,Es,Vila Velha,2023-07-28,Evento,Dados,Mensal,Transferência
C02614,Empresa 2614,Tecnologia,Média,835,Pr,Curitiba,2025-12-04,Parceiro,Dados,Mensal,Cartão
C02615,Empresa 2615,Serviços,Pequena,969,Rj,Rio De Janeiro,2024-12-20,Evento,Dados,Anual,Cartão
C02616,Empresa 2616,Saúde,Média,1133,Rs,Porto Alegre,2025-02-27,Linkedin,Dados,Mensal,Boleto
C02617,Empresa 2617,Varejo,Grande,980,Pe,Recife,2022-10-23,Linkedin,Consultoria,Mensal,Boleto
C02618,Empresa 2618,Indústria,Grande,125,Pr,Curitiba,2024-08-23,Linkedin,Tecnologia,Anual,Transferência
C02619,Empresa 2619,Financeiro,Média,964,Sp,Campinas,2025-10-06,Parceiro,Tecnologia,Anual,Pix
C02620,Empresa 2620,Educação,Média,652,Pe,Recife,2024-05-11,Parceiro,Consultoria,Mensal,Transferência
C02621,Empresa 2621,Financeiro,Pequena,732,Pr,Curitiba,2024-08-05,Evento,Gestão,Mensal,Cartão
C02622,Empresa 2622,Financeiro,Grande,809,Rs,Porto Alegre,2024-11-10,Linkedin,Dados,Anual,Transferência
C02623,Empresa 2623,Financeiro,Pequena,328,Ba,Salvador,2023-02-25,Linkedin,Gestão,Mensal,Boleto
C02624,Empresa 2624,Educação,Grande,232,Pr,Curitiba,2025-04-30,Indicação,Consultoria,Anual,Não Informado
C02625,Empresa 2625,Tecnologia,Pequena,1171,Go,Anápolis,2025-01-24,Indicação,Dados,Mensal,Transferência
C02626,Empresa 2626,Educação,Grande,85,Sp,São Paulo,2024-04-02,Indicação,Gestão,Mensal,Boleto
C02627,Empresa 2627,Financeiro,Grande,304,Pe,Jaboatão Dos Guararapes,2022-10-28,Parceiro,Dados,Mensal,Cartão
C02628,Empresa 2628,Serviços,Média,632,Go,Anápolis,2025-09-19,Indicação,Dados,Anual,Pix
C02629,Empresa 2629,Saúde,Média,1056,Ba,Feira De Santana,2024-10-02,Parceiro,Dados,Mensal,Cartão
C02630,Empresa 2630,Educação,Pequena,1007,Rs,Caxias Do Sul,2025-11-15,Site,Consultoria,Mensal,Boleto
C02631,Empresa 2631,Saúde,Média,97,Rj,Niterói,2023-10-24,Linkedin,Consultoria,Anual,Boleto
C02632,Empresa 2632,Educação,Grande,465,Rj,Niterói,2024-12-10,Evento,Tecnologia,Mensal,Cartão
C02633,Empresa 2633,Financeiro,Pequena,224,Rs,Porto Alegre,2024-11-08,Evento,Consultoria,Anual,Transferência
C02634,Empresa 2634,Indústria,Pequena,322,Sp,São Paulo,2025-08-27,Evento,Consultoria,Mensal,Transferência
C02635,Empresa 2635,Tecnologia,Média,815,Go,Goiânia,2024-06-28,Indicação,Gestão,Anual,Transferência
C02636,Empresa 2636,Serviços,Pequena,485,Go,Anápolis,2022-04-20,Evento,Tecnologia,Anual,Cartão
C02637,Empresa 2637,Educação,Grande,610,Sc,Florianópolis,2024-04-23,Site,Gestão,Anual,Cartão
C02638,Empresa 2638,Educação,Pequena,285,Sp,Santos,2022-05-16,Evento,Gestão,Mensal,Transferência
C02639,Empresa 2639,Varejo,Pequena,737,Go,Anápolis,2025-09-17,Evento,Gestão,Mensal,Boleto
C02640,Empresa 2640,Tecnologia,Grande,815,Pe,Recife,2023-04-24,Indicação,Dados,Mensal,Cartão
C02641,Empresa 2641,Indústria,Grande,633,Go,Goiânia,2024-01-25,Site,Dados,Mensal,Cartão
C02642,Empresa 2642,Serviços,Grande,773,Rj,Rio De Janeiro,2024-02-09,Parceiro,Tecnologia,Anual,Boleto
C02643,Empresa 2643,Serviços,Média,59,Es,Vila Velha,2024-06-05,Site,Tecnologia,Anual,Transferência
C02644,Empresa 2644,Saúde,Média,371,Pe,Recife,2025-12-23,Evento,Tecnologia,Anual,Pix
C02645,Empresa 2645,Indústria,Grande,245,Pe,Jaboatão Dos Guararapes,2023-07-03,Indicação,Gestão,Mensal,Cartão
C02646,Empresa 2646,Varejo,Pequena,1061,Sp,Santos,2022-11-27,Indicação,Gestão,Mensal,Cartão
C02647,Empresa 2647,Serviços,Média,570,Rj,Niterói,2023-04-12,Linkedin,Consultoria,Anual,Boleto
C02648,Empresa 2648,Saúde,Pequena,273,Pe,Recife,2024-07-10,Parceiro,Gestão,Anual,Boleto
C02649,Empresa 2649,Serviços,Pequena,879,Pr,Londrina,2022-02-28,Indicação,Gestão,Mensal,Pix
C02650,Empresa 2650,Educação,Média,936,Go,Anápolis,2023-01-22,Indicação,Gestão,Anual,Transferência
C02651,Empresa 2651,Tecnologia,Pequena,651,Ba,Feira De Santana,2022-06-09,Site,Tecnologia,Mensal,Pix
C02652,Empresa 2652,Varejo,Grande,460,Mg,Uberlândia,2022-09-20,Parceiro,Consultoria,Mensal,Boleto
C02653,Empresa 2653,Financeiro,Pequena,872,Pe,Jaboatão Dos Guararapes,2024-05-17,Evento,Consultoria,Mensal,Transferência
C02654,Empresa 2654,Tecnologia,Média,316,Pe,Jaboatão Dos Guararapes,2025-06-12,Evento,Gestão,Mensal,Cartão
C02655,Empresa 2655,Financeiro,Pequena,442,Sc,Florianópolis,2022-02-25,Evento,Consultoria,Anual,Cartão
C02656,Empresa 2656,Educação,Média,296,Ba,Feira De Santana,2024-01-09,Indicação,Consultoria,Anual,Boleto
C02657,Empresa 2657,Educação,Pequena,146,Pe,Jaboatão Dos Guararapes,2022-09-20,Linkedin,Tecnologia,Anual,Boleto
C02658,Empresa 2658,Indústria,Média,779,Mg,Uberlândia,2024-09-22,Indicação,Tecnologia,Mensal,Pix
C02659,Empresa 2659,Saúde,Pequena,376,Pr,Londrina,2025-01-26,Evento,Consultoria,Mensal,Cartão
C02660,Empresa 2660,Saúde,Grande,827,Sc,Joinville,2025-10-31,Site,Dados,Mensal,Pix
C02661,Empresa 2661,Serviços,Pequena,488,Sc,Florianópolis,2024-08-18,Evento,Tecnologia,Anual,Não Informado
C02662,Empresa 2662,Tecnologia,Média,608,Rj,Rio De Janeiro,2024-02-05,Site,Tecnologia,Mensal,Pix
C02663,Empresa 2663,Serviços,Grande,947,Sc,Joinville,2025-11-27,Parceiro,Tecnologia,Mensal,Pix
C02664,Empresa 2664,Tecnologia,Média,38,Mg,Uberlândia,2025-11-10,Evento,Dados,Anual,Transferência
C02665,Empresa 2665,Tecnologia,Grande,407,Ba,Salvador,2024-05-20,Parceiro,Tecnologia,Mensal,Pix
C02666,Empresa 2666,Financeiro,Média,508,Rj,Rio De Janeiro,2025-11-27,Evento,Dados,Mensal,Cartão
C02667,Empresa 2667,Saúde,Pequena,897,Rj,Niterói,2022-05-13,Parceiro,Gestão,Mensal,Pix
C02668,Empresa 2668,Serviços,Grande,168,Sp,Santos,2024-09-22,Linkedin,Consultoria,Mensal,Transferência
C02669,Empresa 2669,Educação,Média,273,Go,Anápolis,2023-10-18,Linkedin,Consultoria,Anual,Pix
C02670,Empresa 2670,Serviços,Grande,415,Mg,Belo Horizonte,2024-05-26,Indicação,Tecnologia,Anual,Boleto
C02671,Empresa 2671,Educação,Pequena,118,Pr,Curitiba,2022-01-26,Site,Consultoria,Mensal,Transferência
C02672,Empresa 2672,Indústria,Média,48,Rs,Caxias Do Sul,2025-08-18,Site,Dados,Anual,Pix
C02673,Empresa 2673,Serviços,Pequena,65,Rj,Niterói,2023-08-16,Linkedin,Gestão,Mensal,Pix
C02674,Empresa 2674,Saúde,Média,1169,Rs,Porto Alegre,2022-06-04,Indicação,Consultoria,Anual,Transferência
C02675,Empresa 2675,Serviços,Grande,1073,Pr,Curitiba,2023-02-26,Site,Dados,Mensal,Cartão
C02676,Empresa 2676,Saúde,Pequena,277,Sp,São Paulo,2022-03-06,Site,Consultoria,Anual,Transferência
C02677,Empresa 2677,Tecnologia,Pequena,104,Mg,Belo Horizonte,2025-09-03,Indicação,Dados,Anual,Cartão
C02678,Empresa 2678,Financeiro,Pequena,404,Pr,Curitiba,2023-04-03,Site,Tecnologia,Mensal,Transferência
C02679,Empresa 2679,Varejo,Pequena,530,Rj,Niterói,2023-03-16,Linkedin,Tecnologia,Anual,Boleto
C02680,Empresa 2680,Varejo,Grande,828,Pr,Londrina,2023-09-16,Evento,Gestão,Anual,Pix
C02681,Empresa 2681,Financeiro,Grande,890,Mg,Uberlândia,2023-06-25,Site,Tecnologia,Mensal,Pix
C02682,Empresa 2682,Varejo,Média,939,Es,Vila Velha,2024-01-01,Site,Tecnologia,Anual,Boleto
C02683,Empresa 2683,Serviços,Pequena,739,Es,Vila Velha,2024-08-24,Indicação,Tecnologia,Mensal,Transferência
C02684,Empresa 2684,Serviços,Média,1162,Ba,Salvador,2024-01-30,Evento,Gestão,Anual,Boleto
C02685,Empresa 2685,Serviços,Grande,1056,Rs,Porto Alegre,2023-05-20,Parceiro,Gestão,Anual,Cartão
C02686,Empresa 2686,Educação,Média,458,Rj,Rio De Janeiro,2023-06-30,Linkedin,Tecnologia,Mensal,Cartão
C02687,Empresa 2687,Serviços,Média,899,Pe,Jaboatão Dos Guararapes,2023-07-09,Site,Tecnologia,Mensal,Transferência
C02688,Empresa 2688,Serviços,Grande,1139,Mg,Uberlândia,2025-07-22,Site,Dados,Anual,Boleto
C02689,Empresa 2689,Financeiro,Pequena,619,Ba,Salvador,2024-10-08,Evento,Gestão,Mensal,Boleto
C02690,Empresa 2690,Indústria,Média,412,Pe,Recife,2025-08-13,Evento,Tecnologia,Mensal,Cartão
C02691,Empresa 2691,Saúde,Grande,888,Ba,Salvador,2025-01-28,Parceiro,Consultoria,Anual,Pix
C02692,Empresa 2692,Varejo,Média,1168,Ba,Feira De Santana,2025-01-07,Parceiro,Dados,Mensal,Transferência
C02693,Empresa 2693,Serviços,Pequena,1034,Rj,Rio De Janeiro,2023-12-27,Indicação,Gestão,Mensal,Transferência
C02694,Empresa 2694,Varejo,Pequena,1028,Rj,Rio De Janeiro,2022-03-01,Linkedin,Dados,Anual,Pix
C02695,Empresa 2695,Varejo,Pequena,205,Pe,Jaboatão Dos Guararapes,2025-11-16,Parceiro,Gestão,Anual,Pix
C02696,Empresa 2696,Educação,Grande,573,Go,Goiânia,2022-10-14,Indicação,Dados,Mensal,Cartão
C02697,Empresa 2697,Financeiro,Média,915,Ba,Feira De Santana,2023-02-07,Site,Tecnologia,Anual,Boleto
C02698,Empresa 2698,Varejo,Média,617,Es,Vila Velha,2025-07-20,Linkedin,Dados,Mensal,Pix
C02699,Empresa 2699,Indústria,Grande,625,Pe,Recife,2022-10-12,Site,Gestão,Anual,Pix
C02700,Empresa 2700,Indústria,Média,794,Rj,Niterói,2023-01-07,Parceiro,Gestão,Mensal,Transferência
C02701,Empresa 2701,Tecnologia,Média,1137,Pe,Recife,2025-10-08,Site,Tecnologia,Mensal,Pix
C02702,Empresa 2702,Educação,Pequena,357,Sp,Campinas,2022-08-03,Parceiro,Consultoria,Mensal,Transferência
C02703,Empresa 2703,Financeiro,Média,79,Pr,Curitiba,2025-08-03,Site,Dados,Mensal,Cartão
C02704,Empresa 2704,Educação,Grande,868,Sc,Joinville,2023-03-18,Site,Consultoria,Mensal,Cartão
C02705,Empresa 2705,Financeiro,Grande,553,Sp,São Paulo,2025-02-27,Indicação,Consultoria,Anual,Transferência
C02706,Empresa 2706,Tecnologia,Pequena,524,Es,Vitória,2023-03-20,Indicação,Gestão,Mensal,Cartão
C02707,Empresa 2707,Indústria,Grande,180,Es,Vitória,2025-09-02,Indicação,Tecnologia,Mensal,Pix
C02708,Empresa 2708,Financeiro,Média,864,Mg,Belo Horizonte,2024-12-20,Linkedin,Consultoria,Mensal,Pix
C02709,Empresa 2709,Varejo,Pequena,420,Pr,Londrina,2023-08-21,Parceiro,Tecnologia,Anual,Cartão
C02710,Empresa 2710,Varejo,Média,414,Mg,Belo Horizonte,2022-05-03,Linkedin,Consultoria,Anual,Pix
C02711,Empresa 2711,Tecnologia,Pequena,1123,Pe,Jaboatão Dos Guararapes,2025-04-26,Indicação,Consultoria,Anual,Transferência
C02712,Empresa 2712,Tecnologia,Média,247,Rj,Rio De Janeiro,2025-12-08,Site,Consultoria,Anual,Pix
C02713,Empresa 2713,Educação,Grande,18,Mg,Belo Horizonte,2023-09-14,Parceiro,Consultoria,Anual,Pix
C02714,Empresa 2714,Serviços,Grande,950,Rj,Niterói,2022-09-29,Evento,Dados,Anual,Pix
C02715,Empresa 2715,Educação,Média,1054,Es,Vila Velha,2023-03-13,Linkedin,Gestão,Anual,Transferência
C02716,Empresa 2716,Tecnologia,Pequena,1144,Pr,Curitiba,2025-05-24,Indicação,Gestão,Anual,Pix
C02717,Empresa 2717,Serviços,Grande,596,Ba,Salvador,2022-09-08,Site,Dados,Mensal,Cartão
C02718,Empresa 2718,Tecnologia,Grande,496,Sc,Florianópolis,2022-04-09,Evento,Dados,Anual,Pix
C02719,Empresa 2719,Indústria,Média,389,Ba,Feira De Santana,2025-05-07,Indicação,Gestão,Anual,Cartão
C02720,Empresa 2720,Saúde,Pequena,1027,Rs,Caxias Do Sul,2022-12-09,Indicação,Consultoria,Mensal,Cartão
C02721,Empresa 2721,Indústria,Pequena,965,Sc,Joinville,2024-09-23,Parceiro,Tecnologia,Anual,Transferência
C02722,Empresa 2722,Financeiro,Grande,462,Es,Vitória,2023-08-02,Indicação,Tecnologia,Mensal,Cartão
C02723,Empresa 2723,Saúde,Grande,833,Ba,Salvador,2024-07-13,Evento,Tecnologia,Anual,Boleto
C02724,Empresa 2724,Indústria,Grande,186,Mg,Uberlândia,2024-07-07,Site,Gestão,Anual,Boleto
C02725,Empresa 2725,Saúde,Pequena,540,Rs,Caxias Do Sul,2024-04-09,Indicação,Gestão,Mensal,Pix
C02726,Empresa 2726,Serviços,Grande,572,Rj,Rio De Janeiro,2023-08-26,Site,Consultoria,Anual,Transferência
C02727,Empresa 2727,Tecnologia,Grande,1058,Mg,Uberlândia,2023-06-18,Indicação,Consultoria,Mensal,Transferência
C02728,Empresa 2728,Financeiro,Pequena,566,Ba,Salvador,2025-01-13,Linkedin,Dados,Mensal,Pix
C02729,Empresa 2729,Varejo,Pequena,1037,Pe,Recife,2024-04-14,Indicação,Tecnologia,Mensal,Boleto
C02730,Empresa 2730,Financeiro,Pequena,380,Pr,Curitiba,2022-10-20,Parceiro,Dados,Anual,Pix
C02731,Empresa 2731,Educação,Média,328,Go,Goiânia,2023-07-23,Evento,Tecnologia,Mensal,Pix
C02732,Empresa 2732,Tecnologia,Grande,1145,Sc,Joinville,2022-07-08,Linkedin,Consultoria,Mensal,Cartão
C02733,Empresa 2733,Tecnologia,Pequena,720,Rj,Rio De Janeiro,2025-12-13,Evento,Dados,Anual,Transferência
C02734,Empresa 2734,Serviços,Grande,1096,Mg,Belo Horizonte,2022-12-04,Indicação,Gestão,Anual,Pix
C02735,Empresa 2735,Financeiro,Pequena,961,Rs,Porto Alegre,2024-09-29,Indicação,Dados,Mensal,Pix
C02736,Empresa 2736,Tecnologia,Grande,599,Sp,Santos,2023-09-07,Evento,Dados,Anual,Pix
C02737,Empresa 2737,Serviços,Pequena,1055,Es,Vitória,2023-11-13,Evento,Tecnologia,Anual,Transferência
C02738,Empresa 2738,Indústria,Grande,273,Pe,Recife,2023-08-13,Site,Consultoria,Mensal,Pix
C02739,Empresa 2739,Serviços,Média,1029,Ba,Não Informado,2023-03-31,Site,Gestão,Mensal,Boleto
C02740,Empresa 2740,Serviços,Grande,920,Rj,Niterói,2023-03-31,Site,Gestão,Mensal,Cartão
C02741,Empresa 2741,Saúde,Média,1019,Rs,Caxias Do Sul,2025-02-05,Parceiro,Tecnologia,Mensal,Cartão
C02742,Empresa 2742,Indústria,Pequena,868,Mg,Uberlândia,2025-03-25,Parceiro,Consultoria,Anual,Cartão
C02743,Empresa 2743,Financeiro,Grande,888,Mg,Belo Horizonte,2024-11-30,Linkedin,Consultoria,Mensal,Transferência
C02744,Empresa 2744,Educação,Pequena,488,Rs,Caxias Do Sul,2024-05-10,Evento,Tecnologia,Anual,Pix
C02745,Empresa 2745,Saúde,Pequena,919,Rj,Niterói,2024-03-28,Indicação,Dados,Anual,Pix
C02746,Empresa 2746,Financeiro,Pequena,296,Sc,Joinville,2025-04-18,Site,Consultoria,Anual,Boleto
C02747,Empresa 2747,Financeiro,Grande,339,Pe,Jaboatão Dos Guararapes,2024-03-27,Evento,Tecnologia,Anual,Transferência
C02748,Empresa 2748,Saúde,Pequena,1098,Pe,Jaboatão Dos Guararapes,2023-01-05,Site,Dados,Mensal,Cartão
C02749,Empresa 2749,Saúde,Grande,19,Mg,Belo Horizonte,2023-03-12,Evento,Consultoria,Anual,Boleto
C02750,Empresa 2750,Indústria,Média,710,Sc,Florianópolis,2022-08-15,Linkedin,Consultoria,Anual,Cartão
C02751,Empresa 2751,Saúde,Grande,68,Rs,Caxias Do Sul,2024-07-28,Site,Gestão,Anual,Pix
C02752,Empresa 2752,Varejo,Média,936,Mg,Belo Horizonte,2023-07-23,Site,Dados,Mensal,Boleto
C02753,Empresa 2753,Indústria,Grande,606,Es,Vila Velha,2023-11-24,Site,Dados,Mensal,Cartão
C02754,Empresa 2754,Financeiro,Média,473,Go,Goiânia,2022-10-13,Evento,Consultoria,Mensal,Transferência
C02755,Empresa 2755,Indústria,Grande,195,Ba,Feira De Santana,2023-01-12,Site,Consultoria,Anual,Cartão
C02756,Empresa 2756,Varejo,Pequena,64,Mg,Uberlândia,2025-05-14,Indicação,Gestão,Anual,Boleto
C02757,Empresa 2757,Indústria,Pequena,370,Rj,Niterói,2024-01-06,Linkedin,Dados,Anual,Pix
C02758,Empresa 2758,Varejo,Média,77,Ba,Salvador,2023-03-30,Indicação,Dados,Não Informado,Pix
C02759,Empresa 2759,Serviços,Média,25,Sc,Florianópolis,2024-12-24,Site,Consultoria,Anual,Pix
C02760,Empresa 2760,Tecnologia,Grande,500,Es,Vitória,2022-04-10,Site,Tecnologia,Mensal,Transferência
C02761,Empresa 2761,Tecnologia,Grande,136,Es,Vitória,2024-09-24,Indicação,Consultoria,Mensal,Cartão
C02762,Empresa 2762,Educação,Pequena,387,Ba,Feira De Santana,2022-07-23,Linkedin,Tecnologia,Anual,Pix
C02763,Empresa 2763,Saúde,Grande,643,Go,Goiânia,2024-01-25,Linkedin,Dados,Mensal,Pix
C02764,Empresa 2764,Indústria,Pequena,289,Sc,Florianópolis,2023-12-06,Indicação,Gestão,Anual,Transferência
C02765,Empresa 2765,Saúde,Média,781,Go,Anápolis,2022-06-04,Linkedin,Tecnologia,Mensal,Transferência
C02766,Empresa 2766,Financeiro,Média,732,Sp,São Paulo,2022-08-31,Parceiro,Consultoria,Mensal,Não Informado
C02767,Empresa 2767,Educação,Grande,886,Pe,Jaboatão Dos Guararapes,2024-05-26,Indicação,Tecnologia,Mensal,Transferência
C02768,Empresa 2768,Varejo,Pequena,1188,Ba,Salvador,2022-05-18,Parceiro,Consultoria,Anual,Transferência
C02769,Empresa 2769,Educação,Grande,161,Go,Goiânia,2022-04-23,Site,Dados,Mensal,Pix
C02770,Empresa 2770,Educação,Grande,1130,Rj,Niterói,2024-03-11,Indicação,Gestão,Anual,Transferência
C02771,Empresa 2771,Varejo,Pequena,319,Pr,Curitiba,2023-11-18,Linkedin,Consultoria,Anual,Boleto
C02772,Empresa 2772,Educação,Grande,1068,Rj,Niterói,2022-10-10,Parceiro,Tecnologia,Anual,Boleto
C02773,Empresa 2773,Tecnologia,Média,321,Pe,Jaboatão Dos Guararapes,2022-06-21,Site,Consultoria,Mensal,Pix
C02774,Empresa 2774,Serviços,Média,513,Pr,Curitiba,2024-07-17,Site,Consultoria,Mensal,Boleto
C02775,Empresa 2775,Saúde,Grande,1038,Sc,Joinville,2024-06-14,Linkedin,Dados,Mensal,Transferência
C02776,Empresa 2776,Tecnologia,Média,1144,Go,Goiânia,2023-06-13,Linkedin,Gestão,Anual,Pix
C02777,Empresa 2777,Financeiro,Pequena,94,Rs,Não Informado,2023-03-07,Indicação,Não Informado,Mensal,Transferência
C02778,Empresa 2778,Indústria,Média,814,Rs,Caxias Do Sul,2022-12-02,Site,Gestão,Anual,Boleto
C02779,Empresa 2779,Serviços,Pequena,1009,Rs,Porto Alegre,2022-05-11,Evento,Tecnologia,Anual,Boleto
C02780,Empresa 2780,Serviços,Média,813,Pr,Londrina,2024-09-28,Linkedin,Gestão,Anual,Cartão
C02781,Empresa 2781,Financeiro,Média,882,Go,Goiânia,2024-06-22,Site,Tecnologia,Não Informado,Cartão
C02782,Empresa 2782,Saúde,Média,292,Rj,Niterói,2022-02-14,Indicação,Gestão,Mensal,Transferência
C02783,Empresa 2783,Financeiro,Média,234,Rs,Porto Alegre,2024-02-24,Indicação,Gestão,Mensal,Transferência
C02784,Empresa 2784,Educação,Pequena,483,Ba,Feira De Santana,2025-12-27,Indicação,Gestão,Mensal,Cartão
C02785,Empresa 2785,Tecnologia,Pequena,1188,Sc,Florianópolis,2022-10-11,Evento,Gestão,Anual,Pix
C02786,Empresa 2786,Serviços,Pequena,609,Mg,Uberlândia,2022-10-29,Linkedin,Consultoria,Anual,Cartão
C02787,Empresa 2787,Educação,Pequena,775,Pe,Recife,2025-03-07,Parceiro,Tecnologia,Mensal,Transferência
C02788,Empresa 2788,Varejo,Grande,1094,Sp,São Paulo,2023-02-21,Indicação,Tecnologia,Anual,Boleto
C02789,Empresa 2789,Educação,Grande,329,Pr,Curitiba,2023-01-31,Parceiro,Tecnologia,Anual,Pix
C02790,Empresa 2790,Educação,Grande,921,Ba,Salvador,2024-09-26,Linkedin,Dados,Anual,Boleto
C02791,Empresa 2791,Educação,Pequena,18,Mg,Belo Horizonte,2024-12-01,Indicação,Dados,Mensal,Pix
C02792,Empresa 2792,Financeiro,Média,1040,Sp,Campinas,2025-10-16,Site,Gestão,Anual,Boleto
C02793,Empresa 2793,Educação,Média,1190,Pr,Londrina,2023-03-12,Indicação,Dados,Anual,Transferência
C02794,Empresa 2794,Varejo,Média,27,Rj,Niterói,2025-11-29,Evento,Tecnologia,Anual,Boleto
C02795,Empresa 2795,Saúde,Média,583,Sp,Santos,2025-02-25,Indicação,Consultoria,Mensal,Boleto
C02796,Empresa 2796,Saúde,Pequena,1164,Sc,Florianópolis,2025-06-27,Evento,Consultoria,Mensal,Pix
C02797,Empresa 2797,Saúde,Média,234,Rj,Niterói,2023-11-11,Evento,Consultoria,Mensal,Boleto
C02798,Empresa 2798,Financeiro,Grande,83,Go,Anápolis,2024-11-09,Evento,Consultoria,Mensal,Cartão
C02799,Empresa 2799,Varejo,Pequena,723,Sp,Campinas,2023-07-11,Linkedin,Tecnologia,Mensal,Boleto
C02800,Empresa 2800,Financeiro,Grande,221,Rs,Caxias Do Sul,2023-01-27,Parceiro,Dados,Anual,Cartão
C02801,Empresa 2801,Saúde,Grande,112,Pe,Recife,2023-10-17,Indicação,Consultoria,Mensal,Transferência
C02802,Empresa 2802,Educação,Média,926,Go,Goiânia,2023-10-13,Linkedin,Gestão,Anual,Pix
C02803,Empresa 2803,Tecnologia,Pequena,957,Rj,Rio De Janeiro,2025-05-30,Linkedin,Dados,Anual,Pix
C02804,Empresa 2804,Tecnologia,Média,1066,Ba,Feira De Santana,2022-07-11,Linkedin,Gestão,Mensal,Pix
C02805,Empresa 2805,Educação,Média,908,Es,Vila Velha,2025-03-15,Parceiro,Dados,Mensal,Boleto
C02806,Empresa 2806,Educação,Pequena,667,Ba,Salvador,2022-05-15,Evento,Dados,Anual,Boleto
C02807,Empresa 2807,Indústria,Grande,147,Sc,Joinville,2024-01-01,Linkedin,Tecnologia,Anual,Boleto
C02808,Empresa 2808,Varejo,Média,500,Go,Goiânia,2024-01-27,Parceiro,Dados,Anual,Boleto
C02809,Empresa 2809,Indústria,Pequena,203,Ba,Feira De Santana,2024-03-30,Linkedin,Tecnologia,Mensal,Pix
C02810,Empresa 2810,Serviços,Média,881,Rs,Caxias Do Sul,2025-01-09,Parceiro,Gestão,Mensal,Pix
C02811,Empresa 2811,Varejo,Grande,708,Pr,Curitiba,2022-01-14,Site,Gestão,Mensal,Transferência
C02812,Empresa 2812,Financeiro,Grande,464,Ba,Feira De Santana,2024-05-30,Evento,Consultoria,Anual,Pix
C02813,Empresa 2813,Varejo,Grande,769,Mg,Uberlândia,2023-10-18,Linkedin,Não Informado,Mensal,Pix
C02814,Empresa 2814,Serviços,Pequena,25,Go,Anápolis,2024-08-14,Site,Consultoria,Anual,Boleto
C02815,Empresa 2815,Educação,Média,970,Go,Anápolis,2022-12-08,Indicação,Consultoria,Anual,Boleto
C02816,Empresa 2816,Indústria,Grande,994,Rs,Caxias Do Sul,2022-09-20,Site,Consultoria,Mensal,Pix
C02817,Empresa 2817,Varejo,Pequena,108,Pe,Recife,2022-06-19,Evento,Dados,Mensal,Cartão
C02818,Empresa 2818,Varejo,Grande,116,Sc,Joinville,2024-09-28,Linkedin,Gestão,Anual,Pix
C02819,Empresa 2819,Educação,Pequena,1197,Es,Vila Velha,2025-12-28,Indicação,Gestão,Anual,Transferência
C02820,Empresa 2820,Educação,Média,842,Rs,Caxias Do Sul,2024-03-27,Indicação,Gestão,Mensal,Boleto
C02821,Empresa 2821,Tecnologia,Pequena,760,Sc,Florianópolis,2023-06-29,Site,Tecnologia,Mensal,Transferência
C02822,Empresa 2822,Serviços,Média,420,Rs,Porto Alegre,2023-02-06,Site,Consultoria,Mensal,Cartão
C02823,Empresa 2823,Indústria,Pequena,949,Pr,Curitiba,2025-07-01,Evento,Tecnologia,Anual,Boleto
C02824,Empresa 2824,Serviços,Pequena,695,Ba,Feira De Santana,2022-04-13,Parceiro,Consultoria,Mensal,Cartão
C02825,Empresa 2825,Tecnologia,Pequena,151,Sp,Campinas,2025-12-08,Site,Gestão,Mensal,Pix
C02826,Empresa 2826,Varejo,Média,724,Go,Goiânia,2022-03-08,Evento,Gestão,Anual,Transferência
C02827,Empresa 2827,Varejo,Média,601,Go,Goiânia,2023-02-21,Evento,Gestão,Mensal,Boleto
C02828,Empresa 2828,Financeiro,Média,976,Rj,Rio De Janeiro,2023-08-04,Evento,Gestão,Mensal,Transferência
C02829,Empresa 2829,Indústria,Pequena,329,Ba,Salvador,2023-08-04,Site,Consultoria,Anual,Boleto
C02830,Empresa 2830,Saúde,Pequena,1071,Ba,Salvador,2024-05-16,Evento,Gestão,Anual,Cartão
C02831,Empresa 2831,Indústria,Média,273,Es,Vila Velha,2022-12-07,Indicação,Consultoria,Mensal,Boleto
C02832,Empresa 2832,Educação,Grande,111,Sp,São Paulo,2025-01-23,Evento,Gestão,Mensal,Cartão
C02833,Empresa 2833,Tecnologia,Grande,702,Rj,Niterói,2025-04-21,Site,Dados,Anual,Pix
C02834,Empresa 2834,Varejo,Grande,126,Ba,Salvador,2025-08-27,Site,Tecnologia,Anual,Boleto
C02835,Empresa 2835,Indústria,Pequena,36,Ba,Salvador,2025-05-10,Indicação,Consultoria,Mensal,Pix
C02836,Empresa 2836,Financeiro,Pequena,145,Go,Anápolis,2025-05-03,Parceiro,Consultoria,Mensal,Cartão
C02837,Empresa 2837,Varejo,Grande,482,Go,Anápolis,2022-04-02,Evento,Consultoria,Anual,Boleto
C02838,Empresa 2838,Tecnologia,Grande,481,Es,Vitória,2025-10-30,Evento,Dados,Anual,Transferência
C02839,Empresa 2839,Varejo,Média,816,Ba,Salvador,2022-07-01,Parceiro,Consultoria,Mensal,Boleto
C02840,Empresa 2840,Indústria,Média,1074,Mg,Belo Horizonte,2025-10-13,Evento,Tecnologia,Anual,Cartão
C02841,Empresa 2841,Serviços,Média,461,Pe,Recife,2022-01-08,Indicação,Consultoria,Anual,Boleto
C02842,Empresa 2842,Serviços,Grande,896,Pr,Londrina,2022-01-18,Site,Gestão,Anual,Boleto
C02843,Empresa 2843,Financeiro,Pequena,641,Rj,Rio De Janeiro,2025-02-16,Linkedin,Dados,Anual,Transferência
C02844,Empresa 2844,Tecnologia,Grande,222,Rs,Caxias Do Sul,2025-08-19,Linkedin,Gestão,Anual,Pix
C02845,Empresa 2845,Educação,Média,266,Go,Goiânia,2024-10-11,Linkedin,Dados,Anual,Cartão
C02846,Empresa 2846,Indústria,Grande,822,Sp,Santos,2022-06-29,Site,Gestão,Anual,Boleto
C02847,Empresa 2847,Varejo,Média,895,Es,Vila Velha,2022-11-22,Linkedin,Consultoria,Mensal,Transferência
C02848,Empresa 2848,Educação,Média,356,Ba,Salvador,2022-06-25,Parceiro,Consultoria,Anual,Cartão
C02849,Empresa 2849,Varejo,Média,1168,Es,Vitória,2025-04-10,Site,Tecnologia,Anual,Transferência
C02850,Empresa 2850,Varejo,Média,670,Pe,Jaboatão Dos Guararapes,2024-08-10,Linkedin,Tecnologia,Mensal,Boleto
C02851,Empresa 2851,Indústria,Grande,60,Go,Anápolis,2024-01-27,Indicação,Consultoria,Anual,Pix
C02852,Empresa 2852,Serviços,Média,685,Pe,Não Informado,2022-08-12,Parceiro,Dados,Mensal,Boleto
C02853,Empresa 2853,Serviços,Média,728,Es,Vitória,2023-12-23,Parceiro,Gestão,Mensal,Pix
C02854,Empresa 2854,Educação,Pequena,124,Sc,Joinville,2024-12-12,Indicação,Consultoria,Mensal,Cartão
C02855,Empresa 2855,Indústria,Grande,380,Sc,Joinville,2025-05-02,Parceiro,Gestão,Anual,Transferência
C02856,Empresa 2856,Varejo,Grande,44,Sp,São Paulo,2025-07-06,Parceiro,Dados,Mensal,Pix
C02857,Empresa 2857,Saúde,Grande,37,Rj,Rio De Janeiro,2022-11-04,Parceiro,Gestão,Mensal,Transferência
C02858,Empresa 2858,Financeiro,Pequena,832,Sc,Joinville,2022-12-17,Site,Dados,Mensal,Boleto
C02859,Empresa 2859,Financeiro,Pequena,253,Pr,Curitiba,2024-04-15,Linkedin,Dados,Mensal,Pix
C02860,Empresa 2860,Varejo,Pequena,288,Pe,Jaboatão Dos Guararapes,2025-08-01,Site,Gestão,Anual,Boleto
C02861,Empresa 2861,Serviços,Grande,934,Sc,Joinville,2025-12-08,Site,Gestão,Anual,Pix
C02862,Empresa 2862,Serviços,Grande,198,Rs,Caxias Do Sul,2024-10-10,Evento,Gestão,Anual,Transferência
C02863,Empresa 2863,Tecnologia,Grande,789,Pe,Jaboatão Dos Guararapes,2023-06-08,Site,Tecnologia,Anual,Cartão
C02864,Empresa 2864,Saúde,Média,144,Rs,Caxias Do Sul,2023-03-25,Linkedin,Gestão,Anual,Cartão
C02865,Empresa 2865,Indústria,Grande,558,Go,Goiânia,2023-02-11,Evento,Dados,Anual,Transferência
C02866,Empresa 2866,Serviços,Média,452,Mg,Uberlândia,2024-05-02,Linkedin,Tecnologia,Anual,Boleto
C02867,Empresa 2867,Serviços,Grande,953,Mg,Uberlândia,2022-03-02,Evento,Gestão,Mensal,Cartão
C02868,Empresa 2868,Serviços,Grande,846,Pr,Curitiba,2022-11-22,Evento,Tecnologia,Mensal,Transferência
C02869,Empresa 2869,Saúde,Grande,74,Es,Vila Velha,2025-11-15,Indicação,Tecnologia,Anual,Pix
C02870,Empresa 2870,Financeiro,Pequena,1099,Rs,Caxias Do Sul,2022-03-07,Linkedin,Gestão,Mensal,Pix
C02871,Empresa 2871,Varejo,Média,362,Sp,Santos,2024-07-26,Site,Consultoria,Anual,Transferência
C02872,Empresa 2872,Varejo,Grande,654,Pr,Londrina,2024-09-30,Evento,Consultoria,Mensal,Pix
C02873,Empresa 2873,Varejo,Média,1155,Rj,Niterói,2024-05-13,Indicação,Tecnologia,Mensal,Não Informado
C02874,Empresa 2874,Saúde,Pequena,388,Sp,Santos,2023-09-07,Indicação,Tecnologia,Mensal,Cartão
C02875,Empresa 2875,Varejo,Média,552,Pr,Curitiba,2022-05-13,Site,Gestão,Anual,Boleto
C02876,Empresa 2876,Tecnologia,Pequena,499,Rj,Niterói,2022-07-25,Parceiro,Consultoria,Anual,Boleto
C02877,Empresa 2877,Varejo,Média,551,Ba,Salvador,2024-01-04,Parceiro,Gestão,Anual,Boleto
C02878,Empresa 2878,Indústria,Pequena,1082,Rs,Caxias Do Sul,2022-08-16,Linkedin,Dados,Mensal,Cartão
C02879,Empresa 2879,Saúde,Pequena,541,Rs,Caxias Do Sul,2023-08-23,Indicação,Consultoria,Mensal,Cartão
C02880,Empresa 2880,Educação,Grande,633,Rj,Niterói,2022-06-10,Evento,Tecnologia,Mensal,Transferência
C02881,Empresa 2881,Varejo,Média,391,Sp,Santos,2024-05-05,Indicação,Gestão,Anual,Boleto
C02882,Empresa 2882,Saúde,Média,205,Pr,Curitiba,2024-06-24,Indicação,Tecnologia,Anual,Cartão
C02883,Empresa 2883,Tecnologia,Média,537,Ba,Salvador,2022-12-08,Site,Gestão,Mensal,Cartão
C02884,Empresa 2884,Financeiro,Grande,915,Go,Anápolis,2022-08-31,Site,Consultoria,Mensal,Transferência
C02885,Empresa 2885,Tecnologia,Grande,893,Es,Vitória,2023-04-25,Indicação,Dados,Anual,Pix
C02886,Empresa 2886,Tecnologia,Média,697,Ba,Salvador,2024-10-08,Evento,Dados,Mensal,Transferência
C02887,Empresa 2887,Indústria,Pequena,364,Pe,Recife,2023-04-12,Evento,Dados,Mensal,Cartão
C02888,Empresa 2888,Serviços,Pequena,607,Go,Goiânia,2023-12-06,Indicação,Dados,Anual,Boleto
C02889,Empresa 2889,Saúde,Pequena,306,Ba,Salvador,2023-09-02,Site,Consultoria,Mensal,Cartão
C02890,Empresa 2890,Saúde,Média,914,Mg,Uberlândia,2024-08-23,Linkedin,Dados,Mensal,Pix
C02891,Empresa 2891,Financeiro,Pequena,594,Rs,Caxias Do Sul,2023-08-23,Site,Consultoria,Mensal,Cartão
C02892,Empresa 2892,Financeiro,Média,470,Pr,Curitiba,2024-06-11,Indicação,Dados,Anual,Transferência
C02893,Empresa 2893,Indústria,Pequena,666,Rj,Rio De Janeiro,2025-10-20,Linkedin,Dados,Mensal,Transferência
C02894,Empresa 2894,Educação,Média,141,Es,Vila Velha,2022-09-17,Site,Dados,Não Informado,Transferência
C02895,Empresa 2895,Financeiro,Pequena,119,Mg,Uberlândia,2025-11-04,Site,Dados,Mensal,Pix
C02896,Empresa 2896,Varejo,Média,1171,Es,Não Informado,2025-01-31,Evento,Gestão,Mensal,Transferência
C02897,Empresa 2897,Tecnologia,Pequena,745,Ba,Salvador,2024-09-18,Parceiro,Gestão,Anual,Pix
C02898,Empresa 2898,Saúde,Média,175,Pe,Jaboatão Dos Guararapes,2025-08-10,Site,Consultoria,Anual,Cartão
C02899,Empresa 2899,Tecnologia,Pequena,22,Rs,Porto Alegre,2022-04-15,Linkedin,Dados,Anual,Pix
C02900,Empresa 2900,Indústria,Média,123,Pr,Curitiba,2023-09-27,Parceiro,Consultoria,Anual,Transferência
C02901,Empresa 2901,Varejo,Grande,107,Ba,Feira De Santana,2022-04-07,Indicação,Dados,Anual,Transferência
C02902,Empresa 2902,Saúde,Média,150,Pe,Recife,2025-10-23,Site,Gestão,Mensal,Pix
C02903,Empresa 2903,Serviços,Grande,280,Rj,Niterói,2023-05-14,Site,Consultoria,Mensal,Cartão
C02904,Empresa 2904,Varejo,Média,778,Rj,Rio De Janeiro,2023-05-15,Indicação,Tecnologia,Mensal,Boleto
C02905,Empresa 2905,Varejo,Grande,1130,Sp,São Paulo,2022-07-21,Evento,Dados,Mensal,Pix
C02906,Empresa 2906,Indústria,Grande,167,Go,Anápolis,2023-02-08,Parceiro,Consultoria,Anual,Boleto
C02907,Empresa 2907,Varejo,Grande,1167,Ba,Salvador,2022-01-19,Linkedin,Dados,Anual,Pix
C02908,Empresa 2908,Financeiro,Grande,637,Pe,Jaboatão Dos Guararapes,2024-11-11,Linkedin,Gestão,Mensal,Pix
C02909,Empresa 2909,Saúde,Pequena,175,Sp,Campinas,2022-02-17,Indicação,Consultoria,Anual,Pix
C02910,Empresa 2910,Educação,Pequena,560,Pe,Jaboatão Dos Guararapes,2022-08-22,Indicação,Tecnologia,Mensal,Boleto
C02911,Empresa 2911,Tecnologia,Grande,770,Pr,Curitiba,2024-07-28,Indicação,Consultoria,Anual,Cartão
C02912,Empresa 2912,Saúde,Média,977,Rs,Porto Alegre,2023-06-16,Parceiro,Gestão,Anual,Cartão
C02913,Empresa 2913,Financeiro,Pequena,938,Ba,Feira De Santana,2022-08-24,Linkedin,Consultoria,Mensal,Transferência
C02914,Empresa 2914,Serviços,Pequena,1036,Pe,Jaboatão Dos Guararapes,2025-11-02,Site,Gestão,Mensal,Cartão
C02915,Empresa 2915,Varejo,Grande,832,Ba,Feira De Santana,2022-08-07,Linkedin,Dados,Mensal,Cartão
C02916,Empresa 2916,Varejo,Média,211,Rs,Porto Alegre,2024-10-09,Parceiro,Gestão,Anual,Pix
C02917,Empresa 2917,Varejo,Grande,601,Mg,Uberlândia,2022-10-14,Indicação,Tecnologia,Anual,Transferência
C02918,Empresa 2918,Educação,Média,429,Ba,Salvador,2022-12-27,Indicação,Tecnologia,Mensal,Pix
C02919,Empresa 2919,Serviços,Pequena,620,Pe,Recife,2024-05-02,Indicação,Tecnologia,Mensal,Cartão
C02920,Empresa 2920,Tecnologia,Grande,822,Go,Anápolis,2023-04-10,Site,Gestão,Anual,Transferência
C02921,Empresa 2921,Educação,Média,782,Sp,Santos,2023-05-28,Parceiro,Gestão,Anual,Pix
C02922,Empresa 2922,Financeiro,Grande,483,Pr,Curitiba,2024-02-12,Indicação,Consultoria,Mensal,Transferência
C02923,Empresa 2923,Varejo,Média,474,Es,Vitória,2025-08-05,Evento,Dados,Mensal,Pix
C02924,Empresa 2924,Tecnologia,Média,685,Mg,Belo Horizonte,2024-09-15,Evento,Consultoria,Mensal,Cartão
C02925,Empresa 2925,Indústria,Grande,307,Sp,Santos,2024-02-12,Indicação,Consultoria,Anual,Boleto
C02926,Empresa 2926,Varejo,Média,992,Mg,Belo Horizonte,2024-11-17,Parceiro,Dados,Mensal,Pix
C02927,Empresa 2927,Educação,Grande,830,Go,Goiânia,2022-08-22,Linkedin,Tecnologia,Anual,Cartão
C02928,Empresa 2928,Saúde,Grande,929,Es,Vitória,2024-09-04,Evento,Dados,Mensal,Pix
C02929,Empresa 2929,Tecnologia,Média,1128,Pe,Jaboatão Dos Guararapes,2022-09-12,Evento,Gestão,Anual,Pix
C02930,Empresa 2930,Financeiro,Grande,218,Go,Goiânia,2025-06-23,Linkedin,Consultoria,Anual,Boleto
C02931,Empresa 2931,Serviços,Pequena,203,Rs,Caxias Do Sul,2024-04-12,Site,Consultoria,Mensal,Transferência
C02932,Empresa 2932,Educação,Pequena,858,Rs,Porto Alegre,2023-12-23,Linkedin,Tecnologia,Anual,Boleto
C02933,Empresa 2933,Financeiro,Pequena,191,Pe,Recife,2025-02-22,Parceiro,Consultoria,Anual,Boleto
C02934,Empresa 2934,Serviços,Pequena,36,Sp,Campinas,2022-08-22,Indicação,Gestão,Anual,Cartão
C02935,Empresa 2935,Indústria,Pequena,245,Pr,Londrina,2025-10-31,Site,Dados,Anual,Pix
C02936,Empresa 2936,Educação,Grande,1089,Pr,Londrina,2022-06-07,Evento,Consultoria,Mensal,Cartão
C02937,Empresa 2937,Varejo,Média,344,Es,Vila Velha,2022-04-26,Evento,Tecnologia,Anual,Boleto
C02938,Empresa 2938,Educação,Pequena,1132,Rs,Porto Alegre,2025-11-24,Site,Gestão,Anual,Boleto
C02939,Empresa 2939,Varejo,Pequena,669,Es,Vila Velha,2025-07-18,Indicação,Gestão,Anual,Pix
C02940,Empresa 2940,Indústria,Pequena,670,Es,Vitória,2025-12-05,Evento,Gestão,Anual,Boleto
C02941,Empresa 2941,Varejo,Grande,394,Rj,Niterói,2025-12-11,Indicação,Consultoria,Anual,Boleto
C02942,Empresa 2942,Saúde,Média,538,Es,Vitória,2025-05-10,Site,Tecnologia,Anual,Boleto
C02943,Empresa 2943,Educação,Pequena,117,Rj,Rio De Janeiro,2023-10-05,Indicação,Gestão,Anual,Cartão
C02944,Empresa 2944,Indústria,Grande,887,Es,Vila Velha,2022-04-05,Evento,Gestão,Mensal,Cartão
C02945,Empresa 2945,Indústria,Grande,370,Sp,Santos,2025-02-25,Indicação,Gestão,Anual,Boleto
C02946,Empresa 2946,Serviços,Pequena,867,Rs,Caxias Do Sul,2025-08-25,Parceiro,Consultoria,Mensal,Boleto
C02947,Empresa 2947,Educação,Pequena,888,Pr,Londrina,2025-06-27,Indicação,Gestão,Mensal,Pix
C02948,Empresa 2948,Varejo,Grande,611,Pe,Recife,2025-09-07,Site,Tecnologia,Mensal,Boleto
C02949,Empresa 2949,Tecnologia,Grande,1085,Mg,Belo Horizonte,2023-07-08,Indicação,Gestão,Mensal,Boleto
C02950,Empresa 2950,Saúde,Média,39,Pr,Curitiba,2024-06-07,Parceiro,Consultoria,Anual,Cartão
C02951,Empresa 2951,Saúde,Grande,564,Sc,Florianópolis,2022-12-11,Indicação,Dados,Anual,Boleto
C02952,Empresa 2952,Indústria,Grande,640,Rs,Caxias Do Sul,2022-01-15,Linkedin,Tecnologia,Mensal,Pix
C02953,Empresa 2953,Indústria,Pequena,698,Go,Anápolis,2024-05-22,Evento,Consultoria,Anual,Pix
C02954,Empresa 2954,Saúde,Pequena,1114,Sc,Florianópolis,2024-10-10,Site,Gestão,Mensal,Cartão
C02955,Empresa 2955,Varejo,Média,675,Sc,Florianópolis,2025-07-27,Parceiro,Consultoria,Mensal,Transferência
C02956,Empresa 2956,Serviços,Pequena,65,Rj,Rio De Janeiro,2025-09-28,Evento,Gestão,Anual,Cartão
C02957,Empresa 2957,Financeiro,Pequena,82,Mg,Belo Horizonte,2025-03-29,Site,Gestão,Anual,Transferência
C02958,Empresa 2958,Indústria,Média,364,Ba,Salvador,2025-04-09,Parceiro,Tecnologia,Mensal,Boleto
C02959,Empresa 2959,Tecnologia,Grande,522,Go,Goiânia,2024-02-25,Indicação,Dados,Mensal,Boleto
C02960,Empresa 2960,Saúde,Grande,314,Sc,Joinville,2022-09-17,Indicação,Gestão,Anual,Boleto
C02961,Empresa 2961,Saúde,Média,401,Go,Goiânia,2023-01-20,Evento,Dados,Mensal,Cartão
C02962,Empresa 2962,Saúde,Pequena,1088,Pr,Londrina,2024-08-25,Linkedin,Tecnologia,Mensal,Transferência
C02963,Empresa 2963,Varejo,Média,520,Rs,Porto Alegre,2023-08-13,Linkedin,Dados,Anual,Cartão
C02964,Empresa 2964,Saúde,Pequena,706,Sp,São Paulo,2024-07-10,Parceiro,Tecnologia,Mensal,Cartão
C02965,Empresa 2965,Educação,Grande,26,Es,Vitória,2023-07-12,Parceiro,Gestão,Anual,Cartão
C02966,Empresa 2966,Saúde,Grande,206,Rs,Caxias Do Sul,2023-03-06,Linkedin,Tecnologia,Mensal,Cartão
C02967,Empresa 2967,Serviços,Grande,1081,Pe,Recife,2022-09-13,Indicação,Consultoria,Anual,Cartão
C02968,Empresa 2968,Financeiro,Média,444,Mg,Uberlândia,2025-02-01,Evento,Gestão,Anual,Transferência
C02969,Empresa 2969,Financeiro,Grande,1196,Ba,Feira De Santana,2024-07-10,Linkedin,Consultoria,Anual,Pix
C02970,Empresa 2970,Serviços,Grande,55,Pe,Jaboatão Dos Guararapes,2025-12-05,Parceiro,Consultoria,Mensal,Cartão
C02971,Empresa 2971,Tecnologia,Pequena,63,Es,Vitória,2024-06-20,Parceiro,Tecnologia,Anual,Pix
C02972,Empresa 2972,Educação,Média,867,Rs,Caxias Do Sul,2024-03-14,Evento,Consultoria,Anual,Pix
C02973,Empresa 2973,Educação,Pequena,206,Go,Anápolis,2024-10-31,Linkedin,Tecnologia,Anual,Não Informado
C02974,Empresa 2974,Indústria,Pequena,763,Pr,Londrina,2023-08-05,Parceiro,Tecnologia,Mensal,Cartão
C02975,Empresa 2975,Indústria,Média,847,Rs,Caxias Do Sul,2022-02-04,Parceiro,Dados,Anual,Cartão
C02976,Empresa 2976,Varejo,Grande,551,Sc,Florianópolis,2022-04-04,Parceiro,Gestão,Mensal,Transferência
C02977,Empresa 2977,Varejo,Média,922,Go,Goiânia,2025-04-18,Evento,Consultoria,Mensal,Cartão
C02978,Empresa 2978,Serviços,Pequena,1113,Sp,Campinas,2025-10-29,Linkedin,Gestão,Mensal,Transferência
C02979,Empresa 2979,Serviços,Pequena,852,Sc,Florianópolis,2024-11-19,Parceiro,Tecnologia,Mensal,Transferência
C02980,Empresa 2980,Indústria,Média,411,Go,Anápolis,2022-04-17,Parceiro,Tecnologia,Mensal,Pix
C02981,Empresa 2981,Serviços,Pequena,299,Rj,Niterói,2022-02-14,Parceiro,Gestão,Anual,Pix
C02982,Empresa 2982,Varejo,Pequena,612,Es,Vila Velha,2025-08-21,Site,Gestão,Anual,Cartão
C02983,Empresa 2983,Serviços,Média,109,Go,Goiânia,2024-02-10,Linkedin,Tecnologia,Anual,Boleto
C02984,Empresa 2984,Indústria,Média,451,Sp,Campinas,2023-02-02,Evento,Tecnologia,Mensal,Cartão
C02985,Empresa 2985,Serviços,Grande,783,Ba,Salvador,2024-11-07,Site,Consultoria,Mensal,Boleto
C02986,Empresa 2986,Saúde,Média,873,Pr,Curitiba,2023-04-01,Linkedin,Consultoria,Anual,Boleto
C02987,Empresa 2987,Saúde,Média,741,Rj,Niterói,2024-07-03,Linkedin,Gestão,Mensal,Transferência
C02988,Empresa 2988,Varejo,Média,920,Mg,Uberlândia,2024-03-05,Indicação,Gestão,Anual,Cartão
C02989,Empresa 2989,Financeiro,Média,597,Pe,Recife,2024-02-06,Evento,Tecnologia,Mensal,Cartão
C02990,Empresa 2990,Indústria,Média,529,Pr,Curitiba,2024-07-02,Site,Gestão,Anual,Transferência
C02991,Empresa 2991,Educação,Média,61,Ba,Feira De Santana,2025-02-15,Site,Consultoria,Anual,Transferência
C02992,Empresa 2992,Tecnologia,Média,921,Pe,Jaboatão Dos Guararapes,2023-12-28,Site,Tecnologia,Mensal,Pix
C02993,Empresa 2993,Serviços,Pequena,435,Rs,Porto Alegre,2024-08-22,Parceiro,Consultoria,Mensal,Pix
C02994,Empresa 2994,Indústria,Pequena,847,Es,Vila Velha,2023-07-23,Linkedin,Tecnologia,Mensal,Boleto
C02995,Empresa 2995,Saúde,Pequena,1085,Sc,Joinville,2023-06-24,Linkedin,Tecnologia,Mensal,Cartão
C02996,Empresa 2996,Serviços,Grande,276,Mg,Uberlândia,2023-02-15,Linkedin,Consultoria,Mensal,Pix
C02997,Empresa 2997,Tecnologia,Grande,171,Sc,Florianópolis,2024-08-13,Indicação,Dados,Anual,Cartão
C02998,Empresa 2998,Tecnologia,Grande,1037,Ba,Feira De Santana,2022-06-09,Evento,Consultoria,Mensal,Pix
C02999,Empresa 2999,Varejo,Grande,927,Rs,Caxias Do Sul,2024-10-25,Linkedin,Gestão,Mensal,Cartão
C03000,Empresa 3000,Educação,Média,200,Sc,Joinville,2024-08-21,Parceiro,Gestão,Mensal,Cartão
